country,code,place,lat,lon,area
CH,5000,Aarau,47.3887,8.0483,AG
CH,5001,Aarau 1,47.3888,8.0483,AG
CH,5004,Aarau,47.4007,8.0607,AG
CH,5017,Barmelweid,47.4219,7.9722,AG
CH,5018,Erlinsbach,47.4143,8.0077,AG
CH,5022,Rombach,47.4052,8.0456,AG
CH,5023,Biberstein,47.4188,8.083,AG
CH,5024,Küttigen,47.4221,8.0439,AG
CH,5025,Asp,47.4421,8.0506,AG
CH,5026,Densbüren,47.4566,8.0599,AG
CH,5032,Aarau Rohr,47.4055,8.0841,AG
CH,5033,Buchs AG,47.3937,8.0879,AG
CH,5034,Suhr,47.3749,8.084,AG
CH,5035,Unterentfelden,47.3684,8.0427,AG
CH,5036,Oberentfelden,47.3542,8.0413,AG
CH,5037,Muhen,47.3329,8.0627,AG
CH,5042,Hirschthal,47.3176,8.0671,AG
CH,5722,Gränichen,47.3516,8.1066,AG
CH,5300,Turgi,47.4901,8.2561,AG
CH,5301,Siggenthal Station,47.5152,8.238,AG
CH,5303,Würenlingen,47.5321,8.2492,AG
CH,5400,Baden,47.4721,8.2914,AG
CH,5401,Baden,47.4733,8.3059,AG
CH,5402,Baden,47.4733,8.3059,AG
CH,5404,Baden,47.4549,8.2783,AG
CH,5405,Baden|Dättwil AG,47.4635,8.2979,AG
CH,5406,Rütihof|Baden,47.4557,8.2859,AG
CH,5408,Ennetbaden,47.4804,8.3235,AG
CH,5412,Gebenstorf|Vogelsang AG,47.4878,8.244,AG
CH,5413,Birmenstorf AG,47.4558,8.2562,AG
CH,5415,Nussbaumen AG|Rieden AG|Hertenstein AG,47.4887,8.3055,AG
CH,5416,Kirchdorf AG,47.499,8.2801,AG
CH,5417,Untersiggenthal,47.5067,8.2584,AG
CH,5420,Ehrendingen,47.4943,8.3468,AG
CH,5423,Freienwil,47.5014,8.319,AG
CH,5430,Wettingen 3|Wettingen 1|Wettingen,47.4667,8.3412,AG
CH,5432,Neuenhof,47.4441,8.3251,AG
CH,5436,Würenlos,47.4473,8.3639,AG
CH,5442,Fislisbach,47.4374,8.2907,AG
CH,5443,Niederrohrdorf,47.4201,8.3013,AG
CH,5444,Künten,47.386,8.3254,AG
CH,5452,Oberrohrdorf,47.4251,8.3205,AG
CH,5453,Remetschwil,47.4083,8.3319,AG
CH,5454,Bellikon,47.3916,8.3494,AG
CH,5506,Mägenwil,47.4123,8.2342,AG
CH,5507,Mellingen,47.4211,8.2742,AG
CH,5512,Wohlenschwil,47.4167,8.2543,AG
CH,5608,Stetten AG,47.4013,8.3051,AG
CH,8109,Kloster Fahr,47.4083,8.4391,AG
CH,8956,Killwangen,47.428,8.3443,AG
CH,8957,Spreitenbach,47.418,8.3672,AG
CH,8962,Bergdietikon,47.3881,8.3785,AG
CH,5445,Eggenwil,47.3716,8.3385,AG
CH,5522,Tägerig,47.3992,8.2789,AG
CH,5524,Nesselnbach|Niederwil AG,47.3834,8.2936,AG
CH,5525,Fischbach-Göslikon,47.3691,8.3111,AG
CH,5605,Dottikon,47.3779,8.2415,AG
CH,5607,Hägglingen,47.39,8.2576,AG
CH,5610,Wohlen AG 1|Wohlen AG,47.3518,8.2821,AG
CH,5611,Anglikon,47.3665,8.2631,AG
CH,5612,Villmergen,47.3475,8.2403,AG
CH,5613,Hilfikon,47.3308,8.2453,AG
CH,5614,Sarmenstorf,47.3117,8.2524,AG
CH,5619,Büttikon AG|Uezwil,47.3216,8.273,AG
CH,5620,Bremgarten AG|Bremgarten AG 1,47.3535,8.3299,AG
CH,5621,Zufikon,47.3447,8.3582,AG
CH,5626,Hermetschwil-Staffeln,47.3304,8.3415,AG
CH,8905,Arni-Islisberg|Islisberg|Arni AG,47.3191,8.4286,AG
CH,8916,Jonen,47.2997,8.4022,AG
CH,8917,Oberlunkhofen,47.3125,8.3977,AG
CH,8918,Unterlunkhofen,47.3248,8.3832,AG
CH,8964,Rudolfstetten,47.3683,8.3847,AG
CH,8965,Berikon,47.3538,8.3837,AG
CH,8966,Oberwil-Lieli,47.3371,8.3952,AG
CH,8967,Widen,47.3705,8.3583,AG
CH,5105,Auenstein,47.4185,8.1262,AG
CH,5106,Veltheim AG,47.4318,8.1484,AG
CH,5107,Schinznach Dorf,47.4543,8.139,AG
CH,5108,Oberflachs,47.4379,8.1229,AG
CH,5112,Thalheim AG,47.4392,8.0934,AG
CH,5116,Schinznach Bad,47.4538,8.1687,AG
CH,5200,Brugg AG,47.4864,8.2112,AG
CH,5201,Brugg AG,47.4863,8.211,AG
CH,5210,Windisch,47.4759,8.2221,AG
CH,5212,Hausen AG,47.4613,8.2074,AG
CH,5213,Villnachern,47.4725,8.1625,AG
CH,5222,Umiken,47.4812,8.1867,AG
CH,5223,Riniken,47.4939,8.1867,AG
CH,5225,Bözberg,47.4891,8.145,AG
CH,5232,Villigen PSI,47.5296,8.2072,AG
CH,5233,Stilli,47.5165,8.2315,AG
CH,5234,Villigen,47.5301,8.2063,AG
CH,5235,Rüfenach AG,47.5049,8.2127,AG
CH,5236,Remigen,47.5174,8.1759,AG
CH,5237,Mönthal,47.5165,8.1376,AG
CH,5242,Birr-Lupfig|Lupfig|Birr,47.4398,8.2091,AG
CH,5243,Mülligen,47.4524,8.2385,AG
CH,5244,Birrhard,47.4361,8.2423,AG
CH,5245,Habsburg,47.4614,8.186,AG
CH,5246,Scherz,47.4469,8.1842,AG
CH,5318,Mandach,47.5515,8.1877,AG
CH,5040,Schöftland,47.3054,8.0557,AG
CH,5043,Holziken,47.3195,8.0343,AG
CH,5044,Schlossrued,47.2902,8.0884,AG
CH,5046,Walde AG|Schmiedrued|Schmiedrued-Walde,47.2626,8.1122,AG
CH,5708,Birrwil,47.2919,8.1981,AG
CH,5712,Beinwil am See,47.2665,8.2086,AG
CH,5723,Teufenthal AG,47.3281,8.1259,AG
CH,5724,Dürrenäsch,47.3186,8.1544,AG
CH,5725,Leutwil,47.3056,8.1738,AG
CH,5726,Unterkulm,47.3177,8.1032,AG
CH,5727,Oberkulm,47.2984,8.1259,AG
CH,5728,Gontenschwil,47.2676,8.1415,AG
CH,5732,Zetzwil,47.2883,8.162,AG
CH,5733,Leimbach AG,47.2749,8.1701,AG
CH,5734,Reinach AG,47.2612,8.1793,AG
CH,5736,Burg AG,47.2339,8.178,AG
CH,5737,Menziken,47.236,8.1865,AG
CH,4333,Münchwilen AG,47.5375,7.9642,AG
CH,4334,Sisseln AG,47.5522,7.9853,AG
CH,5027,Herznach,47.4721,8.0465,AG
CH,5028,Ueken,47.4854,8.0434,AG
CH,5062,Oberhof,47.4418,8.007,AG
CH,5063,Wölflinswil,47.4628,8.0002,AG
CH,5064,Wittnau,47.4771,7.9661,AG
CH,5070,Frick,47.5097,8.0142,AG
CH,5072,Oeschgen,47.5249,8.0171,AG
CH,5073,Gipf-Oberfrick,47.4931,7.9962,AG
CH,5074,Eiken,47.537,7.9892,AG
CH,5075,Hornussen,47.5016,8.0625,AG
CH,5076,Bözen,47.4964,8.0859,AG
CH,5077,Elfingen,47.51,8.1022,AG
CH,5078,Effingen,47.4928,8.1125,AG
CH,5079,Zeihen,47.4705,8.0931,AG
CH,5080,Laufenburg,47.556,8.0608,AG
CH,5082,Kaisten,47.5386,8.0448,AG
CH,5083,Ittenthal,47.519,8.0622,AG
CH,5084,Rheinsulz,47.5528,8.0867,AG
CH,5085,Sulz AG,47.5343,8.098,AG
CH,5272,Gansingen,47.5372,8.1317,AG
CH,5273,Oberhofen AG,47.5562,8.1252,AG
CH,5274,Mettau,47.569,8.1301,AG
CH,5275,Etzgen,47.5743,8.1137,AG
CH,5276,Wil AG,47.5662,8.1575,AG
CH,5277,Hottwil,47.5423,8.1638,AG
CH,5326,Schwaderloch,47.5858,8.1457,AG
CH,5102,Rupperswil,47.4038,8.1311,AG
CH,5103,Möriken AG|Wildegg,47.4162,8.1781,AG
CH,5113,Holderbank AG,47.4309,8.1707,AG
CH,5502,Hunzenschwil,47.3842,8.1229,AG
CH,5503,Schafisheim,47.3737,8.1391,AG
CH,5504,Othmarsingen,47.4016,8.2146,AG
CH,5505,Brunegg,47.4207,8.2199,AG
CH,5600,Lenzburg 1|Lenzburg|Ammerswil AG,47.3798,8.1889,AG
CH,5603,Staufen,47.3788,8.16,AG
CH,5604,Hendschiken,47.3846,8.2159,AG
CH,5606,Dintikon,47.3616,8.2218,AG
CH,5615,Fahrwangen,47.2863,8.2392,AG
CH,5616,Meisterschwanden,47.2902,8.2258,AG
CH,5617,Tennwil,47.3062,8.2191,AG
CH,5702,Niederlenz,47.4034,8.1704,AG
CH,5703,Seon,47.3482,8.1576,AG
CH,5704,Egliswil,47.3517,8.1903,AG
CH,5705,Hallwil,47.3265,8.1779,AG
CH,5706,Boniswil,47.3118,8.1921,AG
CH,5707,Seengen,47.3283,8.2087,AG
CH,5618,Bettwil,47.2902,8.2717,AG
CH,5622,Waltenschwil,47.3341,8.2989,AG
CH,5623,Boswil,47.2998,8.3092,AG
CH,5624,Bünzen|Waldhäusern AG,47.3215,8.3213,AG
CH,5625,Kallern,47.3095,8.2901,AG
CH,5627,Besenbüren,47.3128,8.3449,AG
CH,5628,Aristau,47.2912,8.3647,AG
CH,5630,Muri AG,47.272,8.3393,AG
CH,5632,Buttwil,47.2688,8.3063,AG
CH,5634,Merenschwand,47.2627,8.3839,AG
CH,5636,Benzenschwil,47.2465,8.3637,AG
CH,5637,Geltwil|Beinwil (Freiamt),47.2392,8.3326,AG
CH,5642,Mühlau,47.2342,8.3891,AG
CH,5643,Sins|Alikon|Meienberg,47.1965,8.3748,AG
CH,5644,Auw,47.2148,8.3627,AG
CH,5645,Fenkrieden|Aettenschwil,47.1716,8.372,AG
CH,5646,Abtwil AG,47.174,8.3538,AG
CH,5647,Oberrüti,47.1669,8.3986,AG
CH,6042,Dietwil,47.1483,8.3963,AG
CH,8919,Rottenschwil,47.3144,8.3659,AG
CH,4303,Kaiseraugst Liebrüti|Kaiseraugst,47.5362,7.7424,AG
CH,4305,Olsberg,47.526,7.7777,AG
CH,4310,Rheinfelden|Rheinfelden 1,47.5526,7.8013,AG
CH,4312,Magden,47.5196,7.8096,AG
CH,4313,Möhlin,47.5655,7.8489,AG
CH,4314,Zeiningen,47.5433,7.8762,AG
CH,4315,Zuzgen,47.5243,7.8999,AG
CH,4316,Hellikon,47.5089,7.9167,AG
CH,4317,Wegenstetten,47.4939,7.9312,AG
CH,4322,Mumpf,47.5451,7.9135,AG
CH,4323,Wallbach,47.568,7.8979,AG
CH,4324,Obermumpf,47.5299,7.937,AG
CH,4325,Schupfart,47.5134,7.9625,AG
CH,4332,Stein AG,47.5452,7.9528,AG
CH,4663,Aarburg,47.3236,7.9057,AG
CH,4665,Oftringen|Oftringen 1|Oftringen 2,47.3133,7.939,AG
CH,4800,Zofingen,47.2865,7.9576,AG
CH,4801,Zofingen Ringier AG|Zofingen,47.2888,7.9633,AG
CH,4802,Strengelbach,47.2834,7.9225,AG
CH,4803,Vordemwald,47.2694,7.8926,AG
CH,4805,Brittnau,47.2546,7.9287,AG
CH,4807,Zofingen PF|Zofingen PostFinance,47.2888,7.9633,AG
CH,4808,Zofingen PostFinance|Zofingen PF,47.2888,7.9633,AG
CH,4809,Zofingen PF|Zofingen PF UBS Verarb.|Zofingen PF UBS|Zofingen Postfinance UBS,47.2888,7.9633,AG
CH,4810,Zofingen PF,47.2888,7.9633,AG
CH,4812,Mühlethal,47.299,7.9784,AG
CH,4813,Uerkheim,47.3042,8.01,AG
CH,4814,Bottenwil,47.2847,8.0021,AG
CH,4852,Rothrist,47.2983,7.8836,AG
CH,4853,Murgenthal|Riken AG,47.2708,7.8463,AG
CH,4856,Glashütten,47.2492,7.8546,AG
CH,5053,Staffelbach|Wittwil,47.2872,8.0375,AG
CH,5054,Kirchleerau-Moosleerau|Moosleerau|Kirchleerau,47.273,8.0714,AG
CH,5056,Attelwil,47.2634,8.0397,AG
CH,5057,Reitnau,47.2515,8.0354,AG
CH,5058,Wiliberg,47.2669,8.0166,AG
CH,5742,Kölliken,47.3347,8.021,AG
CH,5745,Safenwil,47.3197,7.9869,AG
CH,5304,Endingen,47.5307,8.2901,AG
CH,5305,Unterendingen,47.5461,8.289,AG
CH,5306,Tegerfelden,47.5619,8.2849,AG
CH,5312,Döttingen,47.56,8.253,AG
CH,5313,Klingnau,47.5886,8.2507,AG
CH,5314,Kleindöttingen,47.5692,8.238,AG
CH,5315,Böttstein,47.5529,8.2181,AG
CH,5316,Leuggern,47.584,8.2169,AG
CH,5317,Hettenschwil,47.5739,8.1939,AG
CH,5322,Koblenz,47.6044,8.2447,AG
CH,5323,Rietheim,47.6029,8.2739,AG
CH,5324,Full-Reuenthal,47.6087,8.2028,AG
CH,5325,Leibstadt,47.5897,8.1784,AG
CH,5330,Bad Zurzach,47.5859,8.292,AG
CH,5332,Rekingen AG,47.5671,8.3218,AG
CH,5333,Baldingen,47.5548,8.3136,AG
CH,5334,Böbikon,47.5504,8.3379,AG
CH,5425,Schneisingen,47.5249,8.3617,AG
CH,5426,Lengnau AG,47.5251,8.3241,AG
CH,5462,Siglistorf,47.5387,8.387,AG
CH,5463,Wislikofen,47.5537,8.3667,AG
CH,5464,Rümikon AG,47.5643,8.3806,AG
CH,5465,Mellikon,47.5633,8.3472,AG
CH,5466,Kaiserstuhl AG,47.5677,8.419,AG
CH,5467,Fisibach,47.5583,8.4047,AG
CH,9050,Appenzell|Appenzell Meistersrüte|Appenzell Schlatt|Appenzell Eggerstanden|Appenzell Enggenhütten|Appenzell Steinegg,47.3387,9.4225,AI
CH,9054,Haslen AI,47.3692,9.3788,AI
CH,9057,Schwende|Wasserauen|Weissbad,47.2826,9.4027,AI
CH,9058,Brülisau,47.2799,9.4497,AI
CH,9108,Gontenbad|Gonten|Jakobsbad,47.3187,9.35,AI
CH,9413,Oberegg,47.4165,9.5533,AI
CH,9442,Büriswilen|Berneck,47.4288,9.6072,AI
CH,9063,Stein AR,47.3761,9.3417,AR
CH,9064,Hundwil,47.3517,9.319,AR
CH,9100,Herisau,47.3833,9.2813,AR
CH,9102,Herisau,47.3861,9.2792,AR
CH,9103,Schwellbrunn,47.3516,9.2362,AR
CH,9104,Waldstatt,47.3567,9.2854,AR
CH,9105,Schönengrund,47.3254,9.2267,AR
CH,9107,Urnäsch,47.2948,9.2779,AR
CH,9112,Schachen b. Herisau,47.3797,9.2366,AR
CH,9037,Speicherschwendi,47.428,9.4383,AR
CH,9042,Speicher,47.4099,9.441,AR
CH,9043,Trogen,47.4003,9.4764,AR
CH,9052,Niederteufen,47.3909,9.362,AR
CH,9053,Teufen AR,47.3928,9.4,AR
CH,9055,Bühler,47.3783,9.4266,AR
CH,9056,Gais,47.368,9.4714,AR
CH,9062,Lustmühle,47.3988,9.3542,AR
CH,9035,Grub AR,47.4412,9.5017,AR
CH,9038,Rehetobel,47.4283,9.4843,AR
CH,9044,Wald AR,47.4146,9.5044,AR
CH,9405,Wienacht-Tobel,47.465,9.5362,AR
CH,9410,Heiden,47.4408,9.5349,AR
CH,9411,Reute AR|Schachen b. Reute,47.4144,9.5644,AR
CH,9426,Lutzenberg,47.4593,9.5748,AR
CH,9427,Wolfhalden,47.4506,9.5612,AR
CH,9428,Walzenhausen,47.4433,9.5971,AR
CH,2333,La Ferrière|La Cibourg,47.137,6.9032,BE
CH,2345,Le Cerneux-Veusil|Les Breuleux|La Chaux-des-Breuleux,47.2016,6.9962,BE
CH,2515,Prêles,47.095,7.1153,BE
CH,2516,Lamboing,47.1256,7.1575,BE
CH,2517,Diesse,47.1201,7.118,BE
CH,2518,Nods,47.1209,7.0746,BE
CH,2520,La Neuveville,47.0741,7.1023,BE
CH,2534,Orvin|Les Prés-d'Orvin,47.1562,7.1895,BE
CH,2535,Frinvillier,47.1695,7.2544,BE
CH,2536,Plagne,47.1905,7.2848,BE
CH,2537,Vauffelin,47.1841,7.298,BE
CH,2538,Romont BE,47.1932,7.3318,BE
CH,2603,Péry,47.1998,7.2694,BE
CH,2604,La Heutte,47.1887,7.2178,BE
CH,2605,Sonceboz-Sombeval,47.1884,7.1806,BE
CH,2606,Corgémont,47.1927,7.1413,BE
CH,2607,Cortébert,47.1893,7.1071,BE
CH,2608,Montagne-de-Courtelary|Courtelary,47.1728,7.085,BE
CH,2610,Mont-Soleil|Les Pontins|Mont-Crosin|St-Imier,47.1564,6.997,BE
CH,2612,Cormoret,47.1679,7.0484,BE
CH,2613,Villeret,47.1491,7.0309,BE
CH,2615,Sonvilier|Montagne-de-Sonvilier,47.1272,6.9599,BE
CH,2616,Renan BE|La Cibourg,47.1114,6.8957,BE
CH,2710,Tavannes,47.2216,7.1893,BE
CH,2712,Le Fuet,47.2485,7.1751,BE
CH,2713,Bellelay,47.264,7.1637,BE
CH,2715,Monible|Châtelat,47.274,7.1944,BE
CH,2716,Sornetan,47.2728,7.2179,BE
CH,2717,Rebévelier|Fornet-Dessous,47.2835,7.1811,BE
CH,2720,La Tanne|Tramelan,47.2219,7.1293,BE
CH,2722,Les Reussilles,47.228,7.0711,BE
CH,2723,Mont-Tramelan,47.2071,7.0657,BE
CH,2732,Saicourt|Reconvilier|Loveresse|Saules BE,47.2413,7.2225,BE
CH,2733,Pontenet,47.2498,7.2542,BE
CH,2735,Malleray-Bévilard|Bévilard|Champoz|Malleray,47.242,7.2834,BE
CH,2736,Sorvilier,47.2315,7.3076,BE
CH,2738,Court,47.239,7.3609,BE
CH,2740,Moutier,47.2778,7.3602,BE
CH,2742,Perrefitte,47.2774,7.3182,BE
CH,2743,Eschert,47.2655,7.4076,BE
CH,2744,Belprahon,47.2905,7.4041,BE
CH,2745,Grandval,47.2836,7.428,BE
CH,2746,Crémines,47.285,7.4514,BE
CH,2747,Seehof|Corcelles BE,47.2982,7.4984,BE
CH,2748,Les Ecorcheresses|Souboz,47.2779,7.2598,BE
CH,2762,Roches BE,47.3039,7.3818,BE
CH,2827,Schelten|Mervelier,47.3364,7.5345,BE
CH,2500,Biel/Bienne 6|Biel/Bienne|Biel/Bienne 4,47.1452,7.2561,BE
CH,2501,Biel/Bienne,47.1371,7.2461,BE
CH,2502,Biel/Bienne,47.1489,7.2473,BE
CH,2503,Biel/Bienne,47.1324,7.2551,BE
CH,2504,Biel/Bienne,47.1574,7.2809,BE
CH,2505,Biel/Bienne,47.1338,7.2171,BE
CH,2512,Tüscherz-Alfermée,47.1217,7.1964,BE
CH,2513,Twann,47.1053,7.1637,BE
CH,2514,Ligerz,47.0905,7.1388,BE
CH,2532,Magglingen/Macolin|Macolin,47.1405,7.2128,BE
CH,2533,Evilard,47.1509,7.2359,BE
CH,2542,Pieterlen,47.1739,7.328,BE
CH,2543,Lengnau BE,47.182,7.3659,BE
CH,2552,Orpund,47.1417,7.3031,BE
CH,2553,Safnern,47.1523,7.322,BE
CH,2554,Meinisberg,47.1614,7.3527,BE
CH,2555,Brügg BE,47.128,7.2781,BE
CH,2556,Schwadernau|Scheuren,47.1281,7.3221,BE
CH,2558,Aegerten,47.1172,7.2851,BE
CH,2560,Nidau,47.1244,7.2409,BE
CH,2562,Port,47.1135,7.2591,BE
CH,2563,Ipsach,47.1149,7.2314,BE
CH,2564,Bellmund,47.1024,7.2436,BE
CH,2572,Sutz|Mörigen,47.0918,7.2152,BE
CH,2557,Studen BE,47.1126,7.3029,BE
CH,2565,Jens,47.0981,7.2691,BE
CH,2575,Hagneck|Gerolfingen|Täuffelen,47.0637,7.1943,BE
CH,2576,Lüscherz,47.0441,7.1615,BE
CH,2577,Siselen BE|Finsterhennen,47.0266,7.1876,BE
CH,3035,Frieswil,46.9924,7.2934,BE
CH,3036,Detligen,46.994,7.268,BE
CH,3053,Lätti|Münchenbuchsee|Diemerswil|Deisswil b. Münchenbuchsee|Wiggiswil,47.0295,7.4443,BE
CH,3054,Schüpfen,47.0358,7.3733,BE
CH,3225,Müntschemier,46.9949,7.1464,BE
CH,3226,Treiten,47.0062,7.1656,BE
CH,3232,Ins,47.0025,7.1093,BE
CH,3233,Tschugg,47.0239,7.0779,BE
CH,3234,Vinelz,47.0326,7.1188,BE
CH,3235,Erlach,47.0468,7.104,BE
CH,3236,Gampelen,46.9964,7.0593,BE
CH,3237,Brüttelen,47.024,7.1512,BE
CH,3238,Gals,47.0339,7.0563,BE
CH,3250,Lyss,47.0763,7.3152,BE
CH,3251,Ruppoldsried|Wengi b. Büren,47.0883,7.4113,BE
CH,3252,Worben,47.0991,7.2968,BE
CH,3255,Rapperswil BE,47.0662,7.4111,BE
CH,3256,Dieterswil|Bangerten b. Dieterswil|Seewil,47.051,7.4294,BE
CH,3257,Ammerzwil BE|Grossaffoltern,47.0724,7.3538,BE
CH,3262,Suberg,47.0559,7.3389,BE
CH,3263,Büetigen,47.106,7.338,BE
CH,3264,Diessbach b. Büren,47.1044,7.3639,BE
CH,3266,Wiler b. Seedorf,47.0494,7.3209,BE
CH,3267,Seedorf BE,47.0265,7.3231,BE
CH,3268,Lobsigen,47.0187,7.2998,BE
CH,3270,Aarberg,47.0461,7.2829,BE
CH,3271,Radelfingen b. Aarberg,47.0186,7.2729,BE
CH,3272,Walperswil|Epsach,47.0613,7.2219,BE
CH,3273,Kappelen,47.0713,7.2744,BE
CH,3274,Hermrigen|Merzligen|Bühl b. Aarberg,47.0786,7.247,BE
CH,3282,Bargen BE,47.0362,7.2449,BE
CH,3283,Niederried b. Kallnach|Kallnach,47.0114,7.2241,BE
CH,3292,Busswil BE,47.0995,7.3211,BE
CH,3293,Dotzigen,47.1242,7.3479,BE
CH,3294,Meienried|Büren an der Aare,47.1394,7.3559,BE
CH,3295,Rüti b. Büren,47.1513,7.4113,BE
CH,3296,Arch,47.1656,7.4342,BE
CH,3297,Leuzigen,47.1709,7.4666,BE
CH,3298,Oberwil b. Büren,47.1307,7.4114,BE
CH,3360,Herzogenbuchsee,47.1946,7.7138,BE
CH,3362,Niederönz,47.1861,7.684,BE
CH,3363,Oberönz,47.1739,7.6887,BE
CH,3365,Grasswil|Seeberg,47.1499,7.6666,BE
CH,3366,Bettenhausen|Bollodingen,47.1701,7.7088,BE
CH,3367,Thörigen|Ochlenberg,47.1633,7.7364,BE
CH,3368,Bleienbach,47.1822,7.7569,BE
CH,3372,Wanzwil,47.199,7.6916,BE
CH,3373,Röthenbach Herzogenbuchsee|Heimenhausen,47.2102,7.6901,BE
CH,3374,Wangenried,47.2177,7.659,BE
CH,3375,Inkwil,47.2035,7.6665,BE
CH,3376,Graben|Berken,47.2219,7.713,BE
CH,3377,Walliswil b. Wangen,47.2271,7.6835,BE
CH,3380,Wangen an der Aare|Walliswil b. Niederbipp,47.2338,7.6734,BE
CH,3464,Schmidigen-Mühleweg,47.0939,7.7377,BE
CH,3475,Hermiswil|Riedtwil,47.1484,7.6963,BE
CH,3476,Oschwand,47.137,7.7217,BE
CH,4536,Attiswil,47.2527,7.611,BE
CH,4537,Wiedlisbach,47.2459,7.6517,BE
CH,4538,Oberbipp,47.254,7.6776,BE
CH,4539,Farnern|Rumisberg,47.2711,7.6225,BE
CH,4704,Niederbipp|Wolfisberg,47.2716,7.6812,BE
CH,4900,Langenthal,47.2158,7.7946,BE
CH,4901,Langenthal,47.2153,7.7961,BE
CH,4911,Schwarzhäusern,47.2557,7.7669,BE
CH,4912,Aarwangen,47.2357,7.7643,BE
CH,4913,Bannwil,47.2385,7.7303,BE
CH,4914,Roggwil BE,47.2366,7.8185,BE
CH,4916,Untersteckholz,47.2069,7.844,BE
CH,4917,Busswil b. Melchnau|Melchnau,47.1823,7.8428,BE
CH,4919,Reisiswil,47.1613,7.8424,BE
CH,4922,Thunstetten|Bützberg,47.2071,7.746,BE
CH,4923,Wynau,47.256,7.8048,BE
CH,4924,Obersteckholz,47.2019,7.8254,BE
CH,4932,Lotzwil|Gutenburg,47.1862,7.796,BE
CH,4933,Rütschelen,47.1712,7.7709,BE
CH,4934,Madiswil,47.1618,7.8111,BE
CH,4935,Leimiswil,47.1489,7.7657,BE
CH,4936,Kleindietwil,47.1423,7.791,BE
CH,4937,Ursenbach,47.13,7.7644,BE
CH,4938,Rohrbachgraben|Rohrbach,47.123,7.807,BE
CH,4942,Walterswil BE,47.1064,7.7747,BE
CH,4943,Oeschenbach,47.1105,7.7463,BE
CH,4944,Auswil,47.1358,7.8383,BE
CH,4950,Huttwil,47.1098,7.8546,BE
CH,4952,Eriswil,47.0707,7.8587,BE
CH,4953,Schwarzenbach (Huttwil),47.1023,7.826,BE
CH,4954,Wyssachen,47.0732,7.8216,BE
CH,4955,Gondiswil,47.1434,7.8683,BE
CH,3309,Kernenried|Zauggenried,47.0686,7.541,BE
CH,3315,Bätterkinden|Kräiligen,47.1394,7.531,BE
CH,3324,Mötschwil|Hindelbank,47.0439,7.5561,BE
CH,3325,Hettiswil b. Hindelbank,47.0267,7.5569,BE
CH,3326,Krauchthal,47.0041,7.5641,BE
CH,3400,Burgdorf,47.0561,7.6184,BE
CH,3401,Burgdorf,47.059,7.6279,BE
CH,3412,Heimiswil,47.0515,7.6611,BE
CH,3413,Kaltacker,47.0751,7.6744,BE
CH,3414,Oberburg,47.0202,7.6085,BE
CH,3415,Schafhausen im Emmental|Hasle-Rüegsau|Hasle b. Burgdorf|Rüegsauschachen,47.0061,7.6476,BE
CH,3416,Affoltern im Emmental,47.0688,7.7255,BE
CH,3417,Rüegsau,47.0275,7.6773,BE
CH,3418,Rüegsbach,47.0468,7.6991,BE
CH,3419,Biembach im Emmental,46.9938,7.6161,BE
CH,3421,Rüti b. Lyssach|Lyssach,47.0605,7.5815,BE
CH,3422,Alchenflüh|Kirchberg BE|Rüdtligen,47.0842,7.5817,BE
CH,3423,Ersigen,47.0976,7.6043,BE
CH,3424,Niederösch|Oberösch,47.1116,7.6129,BE
CH,3425,Willadingen|Koppigen,47.1414,7.6088,BE
CH,3426,Aefligen,47.0966,7.5495,BE
CH,3427,Utzenstorf,47.124,7.5635,BE
CH,3428,Wiler b. Utzenstorf,47.1529,7.5582,BE
CH,3429,Hellsau|Höchstetten,47.1437,7.6409,BE
CH,3432,Lützelflüh-Goldbach,47.001,7.6821,BE
CH,3433,Schwanden im Emmental,46.9779,7.695,BE
CH,3435,Ramsei,46.9994,7.7121,BE
CH,3436,Zollbrück,46.9751,7.7663,BE
CH,3437,Rüderswil,46.9827,7.7167,BE
CH,3438,Lauperswil,46.9603,7.7268,BE
CH,3439,Ranflüh,46.9901,7.7472,BE
CH,3452,Grünenmatt,47.0149,7.7247,BE
CH,3453,Heimisbach,47.0091,7.7838,BE
CH,3454,Sumiswald,47.0376,7.7502,BE
CH,3455,Grünen,47.0222,7.7391,BE
CH,3456,Trachselwald,47.0154,7.7448,BE
CH,3457,Wasen im Emmental,47.029,7.8386,BE
CH,3462,Weier im Emmental,47.0601,7.7616,BE
CH,3463,Häusernmoos im Emmental,47.0806,7.7527,BE
CH,3465,Dürrenroth,47.0796,7.7867,BE
CH,3472,Wynigen|Rumendingen,47.1022,7.6625,BE
CH,3473,Alchenstorf,47.1245,7.6437,BE
CH,3474,Rüedisbach,47.1184,7.7028,BE
CH,3534,Signau,46.9089,7.7339,BE
CH,3535,Schüpbach,46.9292,7.7483,BE
CH,3536,Aeschau,46.9041,7.7853,BE
CH,3537,Eggiwil,46.8613,7.812,BE
CH,3538,Röthenbach im Emmental,46.8574,7.7413,BE
CH,3543,Emmenmatt,46.9444,7.7269,BE
CH,3550,Langnau im Emmental,46.9333,7.7854,BE
CH,3551,Oberfrittenbach,46.9744,7.7959,BE
CH,3552,Bärau,46.94,7.8265,BE
CH,3553,Gohl,46.9762,7.826,BE
CH,3555,Trubschachen,46.9101,7.8523,BE
CH,3556,Trub,46.9648,7.8769,BE
CH,3557,Fankhaus (Trub),46.9824,7.9244,BE
CH,3618,Süderen,46.8198,7.7713,BE
CH,4564,Zielebach|Obergerlafingen,47.1595,7.5785,BE
CH,6197,Schangnau,46.8106,7.8871,BE
CH,1595,Clavaleyres|Faoug,46.9022,7.0822,BE
CH,1738,Sangernboden,46.6993,7.371,BE
CH,1797,Münchenwiler,46.9111,7.1255,BE
CH,3000,Bern|Bern 8|Bern 6|Bern 13|Bern 65|Bern 94|Bern 31|Bern 5|Bern 16|Bern 15|Bern 9|Bern 60 UPD|Bern 14|Bern 22|Bern 65 SBB,46.9476,7.4092,BE
CH,3001,Bern,46.9481,7.4474,BE
CH,3002,Bern PostFinance,46.9476,7.4065,BE
CH,3003,Bern,46.9481,7.4474,BE
CH,3004,Bern,46.9753,7.45,BE
CH,3005,Bern,46.9398,7.4502,BE
CH,3006,Bern,46.9462,7.4707,BE
CH,3007,Bern,46.9385,7.4339,BE
CH,3008,Bern,46.944,7.4156,BE
CH,3010,Bern,46.947,7.4237,BE
CH,3011,Bern,46.9477,7.4458,BE
CH,3012,Bern,46.9608,7.4262,BE
CH,3013,Bern,46.9547,7.4507,BE
CH,3014,Bern,46.9635,7.4591,BE
CH,3015,Bern,46.9397,7.4841,BE
CH,3018,Bern,46.9364,7.3906,BE
CH,3019,Bern,46.932,7.348,BE
CH,3020,Bern,46.9369,7.3243,BE
CH,3024,Bern,46.9481,7.4474,BE
CH,3027,Bern,46.9528,7.3844,BE
CH,3029,Bern,46.9481,7.4474,BE
CH,3030,Bern,46.9481,7.4474,BE
CH,3032,Hinterkappelen,46.9673,7.3816,BE
CH,3033,Wohlen b. Bern,46.974,7.3512,BE
CH,3034,Murzelen,46.9765,7.3104,BE
CH,3037,Herrenschwanden,46.9761,7.4179,BE
CH,3038,Kirchlindach,47.0016,7.4155,BE
CH,3039,Bern PF Operations Center|Bern PF OC,46.9476,7.4065,BE
CH,3040,Bern Verarbeitungszentrum|Bern Verarb.zentr.,46.9476,7.4065,BE
CH,3041,Bern UBS,46.9476,7.4065,BE
CH,3042,Ortschwaben,46.9923,7.3992,BE
CH,3043,Uettligen,46.9864,7.3809,BE
CH,3044,Innerberg,46.9959,7.3122,BE
CH,3045,Meikirch,47.0093,7.3723,BE
CH,3046,Wahlendorf,47.0081,7.3342,BE
CH,3047,Bremgarten b. Bern,46.9781,7.4355,BE
CH,3048,Worblaufen,46.9796,7.4643,BE
CH,3049,Säriswil,46.9935,7.3363,BE
CH,3050,Bern Swisscom,46.9476,7.4065,BE
CH,3052,Zollikofen,46.9959,7.4548,BE
CH,3063,Ittigen,46.9803,7.4782,BE
CH,3065,Bolligen,46.9858,7.5077,BE
CH,3066,Stettlen,46.9634,7.5286,BE
CH,3067,Boll,46.9613,7.5519,BE
CH,3068,Utzigen,46.9667,7.5823,BE
CH,3071,Ostermundigen KATA,46.9559,7.4956,BE
CH,3072,Ostermundigen 1|Ostermundigen,46.9562,7.4947,BE
CH,3073,Gümligen,46.9356,7.5081,BE
CH,3074,Muri b. Bern,46.928,7.4885,BE
CH,3075,Vielbringen b. Worb|Rüfenacht BE,46.9224,7.5399,BE
CH,3076,Worb,46.9336,7.5618,BE
CH,3077,Enggistein,46.9296,7.6004,BE
CH,3078,Richigen,46.9171,7.585,BE
CH,3082,Schlosswil,46.9113,7.6112,BE
CH,3083,Trimstein,46.9029,7.5769,BE
CH,3084,Wabern,46.923,7.453,BE
CH,3085,Wabern 2 x Weihnachten|Wabern Weihnachten,46.9043,7.3978,BE
CH,3086,Englisberg|Zimmerwald,46.8878,7.4626,BE
CH,3087,Niedermuhlern,46.8587,7.4579,BE
CH,3088,Rüeggisberg|Oberbütschel,46.8325,7.4459,BE
CH,3089,Hinterfultigen,46.8391,7.4052,BE
CH,3095,Spiegel b. Bern,46.9247,7.4342,BE
CH,3096,Oberbalm,46.8655,7.4093,BE
CH,3097,Liebefeld,46.9304,7.4192,BE
CH,3098,Schliern b. Köniz|Köniz,46.9115,7.42,BE
CH,3099,Rüti b. Riggisberg,46.7631,7.4568,BE
CH,3110,Münsingen,46.8761,7.5607,BE
CH,3111,Tägertschi,46.8726,7.5869,BE
CH,3112,Allmendingen b. Bern,46.9167,7.5211,BE
CH,3113,Rubigen,46.8997,7.545,BE
CH,3114,Wichtrach,46.8451,7.5789,BE
CH,3115,Gerzensee,46.8463,7.5418,BE
CH,3116,Kirchdorf BE|Noflen BE|Mühledorf BE,46.8158,7.5402,BE
CH,3122,Kehrsatz,46.9114,7.472,BE
CH,3123,Belp,46.8933,7.5077,BE
CH,3124,Belpberg,46.8669,7.5211,BE
CH,3125,Toffen,46.8593,7.4935,BE
CH,3126,Gelterfingen|Kaufdorf,46.8417,7.5062,BE
CH,3127,Mühlethurnen|Lohnstorf,46.8113,7.5117,BE
CH,3128,Rümligen|Kirchenthurnen,46.8265,7.4996,BE
CH,3132,Riggisberg,46.8098,7.4675,BE
CH,3144,Gasel,46.8971,7.4099,BE
CH,3145,Niederscherli,46.8857,7.394,BE
CH,3147,Mittelhäusern,46.8724,7.3699,BE
CH,3148,Lanzenhäusern,46.8466,7.3629,BE
CH,3150,Schwarzenburg,46.811,7.3335,BE
CH,3152,Mamishaus,46.8152,7.3801,BE
CH,3153,Rüschegg Gambach,46.7726,7.3774,BE
CH,3154,Rüschegg Heubach,46.7682,7.4174,BE
CH,3155,Helgisried-Rohrbach,46.8109,7.4184,BE
CH,3156,Riffenmatt,46.7507,7.3621,BE
CH,3157,Milken,46.794,7.3617,BE
CH,3158,Guggisberg,46.7591,7.3182,BE
CH,3159,Riedstätt,46.7841,7.3218,BE
CH,3172,Niederwangen b. Bern,46.9213,7.3786,BE
CH,3173,Oberwangen b. Bern,46.9136,7.3568,BE
CH,3174,Thörishaus,46.8967,7.35,BE
CH,3176,Neuenegg,46.9065,7.2997,BE
CH,3177,Laupen BE,46.9105,7.2433,BE
CH,3179,Kriechenwil,46.9112,7.2159,BE
CH,3183,Albligen,46.8486,7.3229,BE
CH,3202,Frauenkappelen,46.9556,7.3319,BE
CH,3203,Mühleberg,46.9618,7.2718,BE
CH,3204,Rosshäusern,46.9313,7.2759,BE
CH,3205,Gümmenen,46.9431,7.2526,BE
CH,3206,Rizenbach|Biberen|Ferenbalm|Gammen|Wallenbuch,46.939,7.221,BE
CH,3207,Golaten|Wileroltigen,46.9788,7.2386,BE
CH,3208,Gurbrü,46.9654,7.2145,BE
CH,3302,Moosseedorf,47.0101,7.4845,BE
CH,3303,Zuzwil BE|Jegenstorf|Ballmoos|Münchringen,47.0478,7.4928,BE
CH,3305,Scheunen|Iffwil,47.0678,7.466,BE
CH,3306,Etzelkofen,47.0835,7.4806,BE
CH,3308,Grafenried,47.0784,7.5055,BE
CH,3312,Fraubrunnen,47.0879,7.5386,BE
CH,3313,Büren zum Hof,47.0972,7.5116,BE
CH,3314,Schalunen,47.1102,7.5257,BE
CH,3317,Limpach|Mülchi,47.1058,7.4874,BE
CH,3321,Schönbühl Einkaufszentrum|Schönbühl EKZ,47.0168,7.4839,BE
CH,3322,Urtenen-Schönbühl|Mattstetten,47.0224,7.51,BE
CH,3323,Bäriswil BE,47.0169,7.532,BE
CH,3434,Landiswil|Obergoldbach,46.9563,7.6763,BE
CH,3503,Gysenstein,46.8935,7.5955,BE
CH,3504,Oberhünigen|Niederhünigen,46.8722,7.6579,BE
CH,3506,Grosshöchstetten,46.9068,7.6354,BE
CH,3507,Biglen,46.9286,7.6288,BE
CH,3508,Arni BE,46.9349,7.6601,BE
CH,3510,Freimettigen|Konolfingen|Häutligen,46.8674,7.6184,BE
CH,3512,Walkringen,46.9491,7.6199,BE
CH,3513,Bigenthal,46.9721,7.6345,BE
CH,3531,Oberthal,46.9187,7.6835,BE
CH,3532,Mirchel|Zäziwil,46.8936,7.6589,BE
CH,3533,Bowil,46.8891,7.7009,BE
CH,3629,Kiesen|Oppligen|Jaberg,46.8166,7.5806,BE
CH,3671,Herbligen|Brenzikofen,46.8209,7.6137,BE
CH,3672,Oberdiessbach|Aeschlen b. Oberdiessbach,46.8377,7.6396,BE
CH,3673,Linden,46.8497,7.6867,BE
CH,3674,Bleiken b. Oberdiessbach,46.8168,7.6401,BE
CH,3600,Thun,46.7554,7.6234,BE
CH,3602,Thun,46.7512,7.6217,BE
CH,3603,Thun,46.7624,7.5991,BE
CH,3604,Thun,46.7403,7.6201,BE
CH,3607,Thun,46.7512,7.6217,BE
CH,3608,Thun,46.7387,7.5974,BE
CH,3609,Thun,46.7512,7.6217,BE
CH,3612,Steffisburg,46.7825,7.6336,BE
CH,3613,Steffisburg,46.7713,7.6157,BE
CH,3614,Unterlangenegg,46.7989,7.6936,BE
CH,3615,Heimenschwand,46.821,7.6913,BE
CH,3616,Schwarzenegg,46.8,7.7343,BE
CH,3617,Fahrni b. Thun,46.7978,7.6549,BE
CH,3619,Innereriz|Eriz,46.7844,7.8144,BE
CH,3622,Homberg b. Thun,46.7764,7.6833,BE
CH,3623,Buchen BE|Horrenbach|Teuffenthal b. Thun,46.7755,7.7248,BE
CH,3624,Goldiwil (Thun)|Schwendibach,46.7657,7.6632,BE
CH,3625,Heiligenschwendi,46.752,7.6822,BE
CH,3626,Hünibach,46.7477,7.6487,BE
CH,3627,Heimberg,46.7944,7.6032,BE
CH,3628,Uttigen,46.795,7.5732,BE
CH,3631,Höfen b. Thun,46.7225,7.5666,BE
CH,3632,Niederstocken|Oberstocken,46.7045,7.5607,BE
CH,3633,Amsoldingen,46.7261,7.5854,BE
CH,3634,Thierachern,46.7519,7.5719,BE
CH,3635,Uebeschi,46.7395,7.5473,BE
CH,3636,Längenbühl|Forst b. Längenbühl,46.7613,7.5312,BE
CH,3638,Blumenstein|Pohlern,46.7219,7.5092,BE
CH,3645,Zwieselberg|Gwatt (Thun),46.7166,7.6181,BE
CH,3647,Reutigen,46.6927,7.6055,BE
CH,3652,Hilterfingen,46.7408,7.6628,BE
CH,3653,Oberhofen am Thunersee,46.7332,7.6771,BE
CH,3654,Gunten,46.7145,7.7023,BE
CH,3655,Sigriswil,46.7193,7.7344,BE
CH,3656,Tschingel ob Gunten|Aeschlen ob Gunten|Ringoldswil,46.7283,7.7001,BE
CH,3657,Schwanden (Sigriswil),46.7443,7.7572,BE
CH,3658,Merligen,46.704,7.753,BE
CH,3661,Uetendorf,46.775,7.5746,BE
CH,3662,Seftigen,46.7904,7.5392,BE
CH,3663,Gurzelen,46.7753,7.5357,BE
CH,3664,Burgistein,46.792,7.5032,BE
CH,3665,Wattenwil,46.7594,7.4929,BE
CH,1657,Abländschen,46.5662,7.2768,BE
CH,3766,Boltigen,46.6052,7.3582,BE
CH,3770,Zweisimmen,46.562,7.3903,BE
CH,3771,Blankenburg,46.542,7.4183,BE
CH,3772,St. Stephan,46.4964,7.3917,BE
CH,3773,Matten (St. Stephan),46.5104,7.4622,BE
CH,3775,Lenk im Simmental,46.4251,7.4565,BE
CH,3776,Oeschseite,46.5268,7.3277,BE
CH,3777,Saanenmöser,46.5157,7.305,BE
CH,3778,Schönried,46.52,7.2714,BE
CH,3780,Gstaad,46.4707,7.2946,BE
CH,3781,Turbach,46.4629,7.3509,BE
CH,3782,Lauenen b. Gstaad,46.3981,7.3386,BE
CH,3783,Grund b. Gstaad,46.4375,7.2524,BE
CH,3784,Feutersoey,46.4044,7.2444,BE
CH,3785,Gsteig b. Gstaad,46.3691,7.2591,BE
CH,3792,Saanen,46.4775,7.2495,BE
CH,3646,Einigen,46.7071,7.6453,BE
CH,3700,Spiez,46.6857,7.6698,BE
CH,3702,Hondrich,46.6718,7.6818,BE
CH,3703,Aeschi b. Spiez|Aeschiried,46.6339,7.7337,BE
CH,3704,Krattigen,46.6508,7.7393,BE
CH,3705,Faulensee,46.6721,7.7074,BE
CH,3711,Mülenen|Emdthal,46.645,7.6778,BE
CH,3713,Reichenbach im Kandertal,46.618,7.6918,BE
CH,3714,Frutigen|Wengi b. Frutigen,46.6039,7.6424,BE
CH,3715,Adelboden,46.4736,7.5552,BE
CH,3716,Kandergrund,46.5515,7.6677,BE
CH,3717,Blausee-Mitholz,46.525,7.6837,BE
CH,3718,Kandersteg,46.4692,7.7083,BE
CH,3722,Scharnachtal,46.6148,7.7159,BE
CH,3723,Kiental,46.5561,7.7608,BE
CH,3724,Ried (Frutigen),46.5604,7.5942,BE
CH,3725,Achseten,46.5291,7.6046,BE
CH,3752,Wimmis,46.6616,7.6412,BE
CH,3753,Oey,46.6477,7.5971,BE
CH,3754,Diemtigen,46.6466,7.5579,BE
CH,3755,Horboden,46.6038,7.572,BE
CH,3756,Zwischenflüh,46.6022,7.5015,BE
CH,3757,Schwenden im Diemtigtal,46.5563,7.5001,BE
CH,3758,Latterbach,46.6721,7.5895,BE
CH,3762,Erlenbach im Simmental,46.6585,7.5302,BE
CH,3763,Därstetten,46.6804,7.5051,BE
CH,3764,Weissenburg,46.6661,7.477,BE
CH,3765,Oberwil im Simmental,46.6559,7.4312,BE
CH,3706,Leissigen,46.6428,7.7789,BE
CH,3707,Därligen,46.6539,7.8128,BE
CH,3800,Unterseen|Sundlauenen|Matten b. Interlaken|Interlaken,46.686,7.8438,BE
CH,3802,Interlaken Ost,46.6871,7.8649,BE
CH,3803,Beatenberg,46.717,7.8063,BE
CH,3804,Habkern,46.755,7.8899,BE
CH,3805,Goldswil b. Interlaken,46.7005,7.8745,BE
CH,3806,Bönigen b. Interlaken,46.6804,7.9238,BE
CH,3807,Iseltwald,46.7011,7.9899,BE
CH,3812,Wilderswil,46.6488,7.8691,BE
CH,3813,Saxeten,46.6251,7.8275,BE
CH,3814,Gsteigwiler,46.6522,7.889,BE
CH,3815,Gündlischwand|Zweilütschinen,46.6406,7.9218,BE
CH,3816,Lütschental|Burglauenen,46.6385,7.9631,BE
CH,3818,Grindelwald,46.6186,8.0535,BE
CH,3822,Isenfluh|Lauterbrunnen,46.596,7.8819,BE
CH,3823,Kleine Scheidegg|Wengen|Eigergletscher,46.5781,7.9615,BE
CH,3824,Stechelberg,46.515,7.8979,BE
CH,3825,Mürren,46.5766,7.8827,BE
CH,3826,Gimmelwald,46.538,7.8517,BE
CH,3852,Ringgenberg BE,46.7114,7.8968,BE
CH,3853,Niederried b. Interlaken,46.7249,7.9263,BE
CH,3854,Oberried am Brienzersee,46.7563,7.9571,BE
CH,3855,Brienz BE|Schwanden b. Brienz|Axalp,46.7416,8.0445,BE
CH,3856,Brienzwiler,46.7586,8.106,BE
CH,3857,Unterbach BE,46.7378,8.119,BE
CH,3858,Hofstetten b. Brienz,46.7669,8.0799,BE
CH,3860,Rosenlaui|Schattenhalb|Brünig|Meiringen,46.7108,8.1456,BE
CH,3862,Innertkirchen,46.6717,8.2371,BE
CH,3863,Gadmen,46.7112,8.3757,BE
CH,3864,Guttannen,46.5965,8.2578,BE
CH,6083,Hasliberg Hohfluh,46.7543,8.1733,BE
CH,6084,Hasliberg Wasserwendi,46.7559,8.2104,BE
CH,6085,Hasliberg Goldern,46.7385,8.1963,BE
CH,6086,Hasliberg Reuti,46.7418,8.2522,BE
CH,4040,Basel,47.5186,7.6174,BL
CH,4042,Basel PF OC|Basel PF Operations Center,47.5186,7.6174,BL
CH,4101,Bruderholz,47.528,7.5812,BL
CH,4102,Binningen 1|Binningen,47.5367,7.5677,BL
CH,4103,Bottmingen,47.522,7.5765,BL
CH,4104,Oberwil BL,47.5169,7.5508,BL
CH,4105,Biel-Benken BL,47.5077,7.5209,BL
CH,4106,Therwil,47.4976,7.5589,BL
CH,4107,Ettingen,47.4745,7.5459,BL
CH,4123,Allschwil 1|Allschwil,47.5451,7.5375,BL
CH,4124,Schönenbuch,47.5352,7.5061,BL
CH,4127,Birsfelden,47.5508,7.6363,BL
CH,4132,Muttenz 1|Muttenz,47.5241,7.6486,BL
CH,4142,Münchenstein 1|Münchenstein,47.5177,7.6174,BL
CH,4144,Arlesheim,47.4955,7.6283,BL
CH,4147,Aesch BL,47.4728,7.584,BL
CH,4148,Pfeffingen,47.4562,7.582,BL
CH,4153,Reinach BL 1|Reinach BL,47.4974,7.5911,BL
CH,2814,Roggenburg,47.4277,7.3567,BL
CH,4117,Burg im Leimental,47.4523,7.4368,BL
CH,4202,Duggingen,47.4513,7.6096,BL
CH,4203,Grellingen,47.439,7.5866,BL
CH,4222,Zwingen,47.436,7.5279,BL
CH,4223,Blauen,47.4527,7.5233,BL
CH,4224,Nenzlingen,47.4493,7.5609,BL
CH,4225,Brislach,47.4252,7.5496,BL
CH,4242,Laufen,47.4105,7.4911,BL
CH,4243,Dittingen,47.4415,7.4927,BL
CH,4244,Röschenz,47.4329,7.4649,BL
CH,4246,Wahlen b. Laufen,47.398,7.5115,BL
CH,4253,Liesberg,47.3952,7.4298,BL
CH,4254,Liesberg Dorf,47.4074,7.4156,BL
CH,4133,Pratteln|Pratteln 1,47.5189,7.692,BL
CH,4302,Augst BL,47.5321,7.7176,BL
CH,4304,Giebenach,47.5234,7.7383,BL
CH,4402,Frenkendorf,47.5009,7.6971,BL
CH,4410,Liestal,47.4853,7.7255,BL
CH,4411,Seltisberg,47.462,7.7157,BL
CH,4414,Füllinsdorf,47.5109,7.732,BL
CH,4415,Lausen,47.4706,7.7656,BL
CH,4416,Bubendorf,47.4458,7.737,BL
CH,4417,Ziefen,47.429,7.7027,BL
CH,4419,Lupsingen,47.4463,7.6961,BL
CH,4422,Arisdorf,47.5093,7.7665,BL
CH,4423,Hersberg,47.4922,7.7833,BL
CH,4433,Ramlinsburg,47.4502,7.7682,BL
CH,4441,Thürnen,47.4531,7.8289,BL
CH,4442,Diepflingen,47.445,7.8404,BL
CH,4443,Wittinsburg,47.4297,7.8386,BL
CH,4444,Rümlingen,47.428,7.856,BL
CH,4445,Häfelfingen,47.4139,7.8704,BL
CH,4446,Buckten,47.4116,7.8467,BL
CH,4447,Känerkinden,47.4116,7.8324,BL
CH,4448,Läufelfingen,47.3942,7.856,BL
CH,4450,Sissach,47.4722,7.8076,BL
CH,4451,Wintersingen,47.4961,7.8271,BL
CH,4452,Itingen,47.4647,7.7847,BL
CH,4453,Nusshof,47.4915,7.7985,BL
CH,4455,Zunzgen,47.4451,7.7986,BL
CH,4456,Tenniken,47.4325,7.8146,BL
CH,4460,Gelterkinden,47.4571,7.8586,BL
CH,4461,Böckten,47.4673,7.8344,BL
CH,4462,Rickenbach BL,47.4847,7.8492,BL
CH,4463,Buus,47.5047,7.8661,BL
CH,4464,Maisprach,47.5223,7.8458,BL
CH,4465,Hemmiken,47.4902,7.8917,BL
CH,4466,Ormalingen,47.4731,7.8784,BL
CH,4467,Rothenfluh,47.4703,7.9177,BL
CH,4469,Anwil,47.453,7.942,BL
CH,4492,Tecknau,47.4454,7.8897,BL
CH,4493,Wenslingen,47.4432,7.91,BL
CH,4494,Oltingen,47.4302,7.9373,BL
CH,4495,Zeglingen,47.4121,7.9123,BL
CH,4496,Kilchberg BL,47.4257,7.8969,BL
CH,4497,Rünenberg,47.432,7.8804,BL
CH,4207,Bretzwil,47.3961,7.6501,BL
CH,4418,Reigoldswil,47.3948,7.6904,BL
CH,4424,Arboldswil,47.4148,7.7185,BL
CH,4425,Titterten,47.402,7.7148,BL
CH,4426,Lauwil,47.3802,7.6679,BL
CH,4431,Bennwil,47.3963,7.7821,BL
CH,4432,Lampenberg,47.4267,7.7539,BL
CH,4434,Hölstein,47.4259,7.7749,BL
CH,4435,Niederdorf,47.4105,7.7475,BL
CH,4436,Oberdorf BL|Liedertswil,47.3907,7.7366,BL
CH,4437,Waldenburg,47.3771,7.7402,BL
CH,4438,Langenbruck,47.3577,7.7711,BL
CH,4457,Diegten,47.4093,7.8097,BL
CH,4458,Eptingen,47.3797,7.8173,BL
CH,4000,Basel,47.5584,7.5733,BS
CH,4001,Basel,47.5568,7.5887,BS
CH,4002,Basel,47.5584,7.5733,BS
CH,4005,Basel,47.5584,7.5733,BS
CH,4009,Basel,47.5584,7.5733,BS
CH,4010,Basel,47.5584,7.5733,BS
CH,4018,Basel,47.5584,7.5733,BS
CH,4019,Basel,47.5584,7.5733,BS
CH,4020,Basel,47.5584,7.5733,BS
CH,4030,Basel,47.5584,7.5733,BS
CH,4031,Basel,47.5619,7.5823,BS
CH,4039,Basel|Basel SSF,47.5577,7.5936,BS
CH,4041,Basel UBS|Basel,47.5577,7.5936,BS
CH,4051,Basel,47.554,7.5865,BS
CH,4052,Basel,47.5457,7.6096,BS
CH,4053,Basel,47.5406,7.5964,BS
CH,4054,Basel,47.5497,7.5696,BS
CH,4055,Basel,47.5626,7.5667,BS
CH,4056,Basel,47.5698,7.5749,BS
CH,4057,Basel,47.5767,7.5947,BS
CH,4058,Basel,47.566,7.6112,BS
CH,4059,Basel,47.5309,7.5939,BS
CH,4070,Basel,47.5584,7.5733,BS
CH,4075,Basel,47.5584,7.5733,BS
CH,4089,Basel SPI GLS|Basel SPILOG|Basel|Basel SPI GLS Retour,47.5577,7.5936,BS
CH,4091,Basel,47.5584,7.5733,BS
CH,4125,Riehen 1|Riehen,47.5795,7.6512,BS
CH,4126,Bettingen,47.5704,7.6722,BS
CH,1410,Prévondavaux|Thierrens|Correvon|St-Cierges|Denezy,46.7127,6.7667,FR
CH,1468,Cheyres,46.8207,6.7756,FR
CH,1470,Seiry|Bollion|Lully FR|Estavayer-le-Lac,46.8322,6.8396,FR
CH,1473,Châtillon FR|Font,46.8392,6.8205,FR
CH,1474,Châbles FR,46.8313,6.8002,FR
CH,1475,Forel FR|Montbrelloz|Autavaux,46.8714,6.8759,FR
CH,1482,Cugy FR,46.8109,6.8939,FR
CH,1483,Montet (Broye)|Frasses|Vesin,46.8162,6.868,FR
CH,1484,Aumont|Granges-de-Vesin,46.8041,6.8485,FR
CH,1485,Nuvilly,46.7841,6.8339,FR
CH,1486,Vuissens,46.7346,6.7692,FR
CH,1489,Murist,46.796,6.8112,FR
CH,1527,Villeneuve FR,46.7421,6.8668,FR
CH,1528,Surpierre|Praratoud,46.7417,6.8494,FR
CH,1529,Cheiry,46.7502,6.8383,FR
CH,1532,Fétigny,46.7967,6.9138,FR
CH,1533,Ménières,46.7853,6.8861,FR
CH,1534,Chapelle (Broye)|Sassel,46.7716,6.8546,FR
CH,1541,Bussy FR|Sévaz|Morens FR,46.8399,6.8901,FR
CH,1542,Rueyres-les-Prés,46.8571,6.9109,FR
CH,1544,Gletterens,46.9113,6.9241,FR
CH,1563,Dompierre FR,46.8564,6.9906,FR
CH,1564,Domdidier,46.8622,7.0145,FR
CH,1565,Vallon|Missy,46.8805,6.9636,FR
CH,1566,Les Friques|St-Aubin FR,46.8939,6.9869,FR
CH,1567,Delley,46.9132,6.9717,FR
CH,1568,Portalban,46.9262,6.9392,FR
CH,1773,Russy|Léchelles|Chandon,46.8369,7.0231,FR
CH,1774,Cousset|Montagny-les-Monts,46.8098,6.9843,FR
CH,1775,Grandsivaz|Mannens,46.7919,6.9763,FR
CH,1776,Montagny-la-Ville,46.8207,6.9989,FR
CH,1553,Châtonnaye,46.7531,6.9382,FR
CH,1608,Chapelle (Glâne)|Bussigny-sur-Oron|Chesalles-sur-Oron|Oron-le-Châtel,46.5761,6.8487,FR
CH,1670,Ursy|Esmonts|Bionnens,46.6376,6.8464,FR
CH,1673,Ecublens FR|Gillarens|Promasens|Rue|Auboranges,46.6022,6.8167,FR
CH,1674,Montet (Glâne)|Vuarmarens|Morlens,46.6481,6.8265,FR
CH,1675,Vauderens|Blessens|Mossel,46.6151,6.8507,FR
CH,1676,Chavannes-les-Forts,46.6465,6.8948,FR
CH,1677,Prez-vers-Siviriez,46.6352,6.8745,FR
CH,1678,Siviriez,46.6604,6.8774,FR
CH,1679,Villaraboud,46.66,6.9128,FR
CH,1680,Romont FR|Berlens,46.6977,6.935,FR
CH,1681,Hennens|Billens,46.6857,6.8874,FR
CH,1684,Mézières FR,46.679,6.9272,FR
CH,1685,Villariaz,46.6633,6.9442,FR
CH,1686,La Neirigue|Grangettes-près-Romont,46.6778,6.9648,FR
CH,1687,Estévenens|La Magne|Vuisternens-devant-Romont,46.6514,6.9425,FR
CH,1688,Lieffrens|Sommentier,46.6345,6.9066,FR
CH,1689,Le Châtelard-près-Romont,46.6755,6.9949,FR
CH,1690,Lussy FR|Villaz-St-Pierre,46.7194,6.9503,FR
CH,1691,Villarimboud,46.7409,6.9661,FR
CH,1692,Massonnens,46.6966,6.9761,FR
CH,1694,Villarsiviriaux|Villargiroud|Orsonnens|Chavannes-sous-Orsonnens,46.7071,7.0009,FR
CH,1697,Les Ecasseys|La Joux FR,46.6236,6.9231,FR
CH,1748,Torny-le-Grand,46.7676,6.9678,FR
CH,1749,Middes,46.7741,6.9485,FR
CH,1625,Sâles (Gruyère)|Maules,46.6359,6.9803,FR
CH,1626,Rueyres-Treyfayes|Treyfayes|Romanens,46.6508,6.9625,FR
CH,1627,Vaulruz,46.6186,6.985,FR
CH,1628,Vuadens,46.6106,7.0049,FR
CH,1630,Bulle,46.6021,7.0223,FR
CH,1631,Bulle centre de traitement,46.6075,7.0462,FR
CH,1632,Riaz,46.6428,7.0432,FR
CH,1633,Marsens|Vuippens,46.6599,7.0601,FR
CH,1634,La Roche FR,46.6925,7.1606,FR
CH,1635,La Tour-de-Trême,46.5889,7.0354,FR
CH,1636,Broc,46.5985,7.1245,FR
CH,1637,Charmey (Gruyère),46.594,7.1959,FR
CH,1638,Morlon,46.6247,7.0917,FR
CH,1642,Sorens,46.6713,7.0437,FR
CH,1643,Gumefens,46.6778,7.0722,FR
CH,1644,Avry-devant-Pont,46.6865,7.0835,FR
CH,1645,Le Bry,46.6986,7.0826,FR
CH,1646,Echarlens,46.6472,7.0839,FR
CH,1647,Corbières,46.6567,7.1175,FR
CH,1648,Hauteville,46.6699,7.1308,FR
CH,1649,Pont-la-Ville,46.7026,7.1117,FR
CH,1651,Villarvolard,46.6435,7.118,FR
CH,1652,Villarbeney|Botterens,46.6245,7.1145,FR
CH,1653,Crésuz|Châtel-sur-Montsalvens,46.6201,7.1344,FR
CH,1654,Cerniat FR,46.6657,7.2019,FR
CH,1656,Jaun|Im Fang,46.5994,7.2623,FR
CH,1661,Le Pâquier-Montbarry,46.5904,7.0519,FR
CH,1663,Gruyères|Epagny|Pringy|Moléson-sur-Gruyères,46.5757,7.0666,FR
CH,1665,Estavannens,46.5638,7.1304,FR
CH,1666,Grandvillard|Villars-sous-Mont,46.5361,7.0837,FR
CH,1667,Enney,46.562,7.07,FR
CH,1669,Les Sciernes-d'Albeuve|Albeuve|Lessoc|Montbovon|Neirivue,46.5024,7.0369,FR
CH,1695,Villarsel-le-Gibloux|Estavayer-le-Gibloux|Villarlod|Rueyres-St-Laurent,46.7121,7.027,FR
CH,1696,Vuisternens-en-Ogoz,46.7042,7.0561,FR
CH,1700,Fribourg,46.8067,7.1636,FR
CH,1701,Fribourg,46.8024,7.1513,FR
CH,1708,Fribourg,46.8024,7.1513,FR
CH,1720,Chésopelloz|Corminboeuf,46.8054,7.0871,FR
CH,1722,Bourguillon,46.7988,7.1748,FR
CH,1723,Villarsel-sur-Marly|Marly 1|Marly|Pierrafortscha,46.7739,7.163,FR
CH,1724,Oberried FR|Essert FR|Senèdes|Zénauva|Le Mouret|Ferpicloz|Bonnefontaine|Montévraz,46.7348,7.1771,FR
CH,1725,Posieux,46.7715,7.108,FR
CH,1726,Farvagny-le-Grand|Farvagny-le-Petit|Posat|Grenilles|Farvagny,46.729,7.0644,FR
CH,1727,Corpataux|Magnedens,46.7419,7.0888,FR
CH,1728,Rossens FR,46.723,7.1,FR
CH,1730,Ecuvillens,46.7555,7.0784,FR
CH,1731,Ependes FR,46.7571,7.1488,FR
CH,1732,Arconciel,46.7512,7.1212,FR
CH,1733,Treyvaux,46.7241,7.1438,FR
CH,1740,Neyruz FR,46.768,7.0649,FR
CH,1741,Cottens FR,46.7532,7.0362,FR
CH,1742,Autigny,46.7393,7.0283,FR
CH,1744,Chénens,46.7432,6.9966,FR
CH,1745,Lentigny,46.7599,7.0019,FR
CH,1746,Prez-vers-Noréaz,46.7857,7.0128,FR
CH,1747,Corserey,46.7719,6.989,FR
CH,1752,Villars-sur-Glâne|Villars-sur-Glâne 1,46.7944,7.1251,FR
CH,1753,Matran,46.7869,7.0916,FR
CH,1754,Avry-sur-Matran|Avry-Centre FR|Corjolens|Rosé,46.7867,7.0579,FR
CH,1756,Onnens FR|Lovens,46.7725,7.0283,FR
CH,1757,Noréaz,46.8019,7.0365,FR
CH,1762,Givisiez,46.8127,7.1255,FR
CH,1763,Granges-Paccot,46.8236,7.1483,FR
CH,1772,Nierlet-les-Bois|Ponthaux|Grolley,46.8229,7.055,FR
CH,1782,Formangueires|La Corbaz|Cormagens|Lossy|Autafond|Belfaux,46.8308,7.1089,FR
CH,1583,Villarepos,46.8823,7.08,FR
CH,1721,Misery-Courtion|Misery|Courtion|Cournillens|Cormérod,46.8582,7.0819,FR
CH,1783,Barberêche|Pensier,46.8554,7.1448,FR
CH,1784,Courtepin|Wallenried,46.8687,7.1179,FR
CH,1785,Cressier FR,46.898,7.1379,FR
CH,1786,Sugiez,46.9687,7.112,FR
CH,1787,Môtier (Vully)|Mur (Vully) FR|Mur (Vully) VD,46.9412,7.0668,FR
CH,1788,Praz (Vully),46.9495,7.1032,FR
CH,1789,Lugnorre,46.9586,7.0733,FR
CH,1791,Courtaman,46.8711,7.1316,FR
CH,1792,Guschelmuth|Cordast,46.879,7.1455,FR
CH,1793,Jeuss,46.9124,7.1744,FR
CH,1794,Salvenach,46.9141,7.1523,FR
CH,1795,Courlevon,46.891,7.1105,FR
CH,1796,Courgevaux,46.9043,7.1047,FR
CH,3210,Kerzers,46.9806,7.1959,FR
CH,3212,Gurmels|Kleingurmels,46.8874,7.1798,FR
CH,3213,Liebistorf|Kleinbösingen,46.9021,7.1978,FR
CH,3214,Ulmiz,46.9299,7.1986,FR
CH,3215,Büchslen|Gempenach|Lurtigen,46.9388,7.1832,FR
CH,3216,Ried b. Kerzers|Agriswil,46.9599,7.1887,FR
CH,3280,Greng|Murten|Meyriez,46.9261,7.1069,FR
CH,3284,Fräschels,46.9979,7.2082,FR
CH,3285,Galmiz,46.9599,7.1466,FR
CH,3286,Muntelier,46.9424,7.128,FR
CH,1712,Tafers,46.8126,7.2246,FR
CH,1713,St. Antoni,46.8192,7.2671,FR
CH,1714,Heitenried,46.8279,7.3,FR
CH,1715,Alterswil FR,46.7892,7.274,FR
CH,1716,Schwarzsee|Plaffeien|Oberschrot,46.7121,7.2821,FR
CH,1717,St. Ursen,46.7884,7.2194,FR
CH,1718,Rechthalten,46.7653,7.2482,FR
CH,1719,Brünisried|Zumholz,46.757,7.2851,FR
CH,1734,Tentlingen,46.7676,7.2,FR
CH,1735,Giffers,46.7549,7.2246,FR
CH,1736,St. Silvester,46.738,7.2209,FR
CH,1737,Plasselb,46.7116,7.2436,FR
CH,3175,Flamatt,46.889,7.3199,FR
CH,3178,Bösingen,46.8853,7.234,FR
CH,3182,Ueberstorf,46.8694,7.3262,FR
CH,3184,Wünnewil,46.8757,7.2791,FR
CH,3185,Schmitten FR,46.8504,7.247,FR
CH,3186,Düdingen,46.8462,7.1915,FR
CH,1609,Fiaugères|Besencens|St-Martin FR,46.5852,6.8833,FR
CH,1611,Le Crêt-près-Semsales,46.607,6.919,FR
CH,1614,Granges (Veveyse),46.523,6.8263,FR
CH,1615,Bossonnens,46.5289,6.8481,FR
CH,1616,Attalens,46.5078,6.8541,FR
CH,1617,Tatroz|Remaufens,46.5328,6.8749,FR
CH,1618,Châtel-St-Denis,46.5344,6.937,FR
CH,1619,Les Paccots,46.5073,6.9663,FR
CH,1623,Semsales,46.5699,6.9517,FR
CH,1624,Grattavache|La Verrerie|Progens,46.5889,6.9211,FR
CH,1699,Pont (Veveyse)|Porsel|Bouloz,46.6024,6.8703,FR
CH,1200,Genève,46.2022,6.1457,GE
CH,1201,Genève,46.2107,6.1469,GE
CH,1202,Genève,46.221,6.1432,GE
CH,1203,Genève,46.2079,6.1221,GE
CH,1204,Genève,46.2027,6.1457,GE
CH,1205,Genève,46.1961,6.1403,GE
CH,1206,Genève,46.1894,6.1574,GE
CH,1207,Genève,46.2066,6.1624,GE
CH,1208,Genève,46.1984,6.1676,GE
CH,1209,Genève,46.2215,6.1232,GE
CH,1211,Genève 20|Genève 14|Genève 23|Genève 3|Genève 8|Genève 70|Genève 10|Genève 84 Votation|Genève 13|Genève 12|Genève 27|Genève 19|Genève 1|Genève 2|Genève 6|Genève 4|Genève 11|Genève 26|Genève 71 CS CP|Genève 28|Genève 22|Genève 80|Genève 84 Votations|Genève 73|Genève 5,46.2087,6.1372,GE
CH,1212,Grand-Lancy|Grand-Lancy 1,46.1838,6.1189,GE
CH,1213,Petit-Lancy 1|Petit-Lancy|Onex,46.1897,6.1106,GE
CH,1214,Vernier,46.2139,6.0796,GE
CH,1215,Genève 15 Aéroport|Genève,46.2352,6.1128,GE
CH,1216,Cointrin,46.224,6.1062,GE
CH,1217,Meyrin 1|Meyrin,46.233,6.0767,GE
CH,1218,Le Grand-Saconnex,46.2338,6.1221,GE
CH,1219,Châtelaine|Aïre|Le Lignon,46.2064,6.1019,GE
CH,1220,Les Avanchets,46.2207,6.1091,GE
CH,1222,Vésenaz,46.2454,6.2008,GE
CH,1223,Cologny,46.2228,6.1808,GE
CH,1224,Chêne-Bougeries,46.1995,6.1858,GE
CH,1225,Chêne-Bourg,46.1974,6.197,GE
CH,1226,Thônex,46.1961,6.2046,GE
CH,1227,Les Acacias|Carouge GE,46.1872,6.1362,GE
CH,1228,Plan-les-Ouates,46.1642,6.118,GE
CH,1231,Conches,46.1855,6.1759,GE
CH,1232,Confignon,46.1743,6.0888,GE
CH,1233,Bernex,46.1785,6.0686,GE
CH,1234,Vessy,46.1742,6.159,GE
CH,1236,Cartigny,46.1759,6.0309,GE
CH,1237,Avully,46.1675,5.9985,GE
CH,1239,Collex,46.2796,6.1212,GE
CH,1240,Genève,46.2022,6.1457,GE
CH,1241,Puplinge,46.2108,6.2322,GE
CH,1242,Satigny,46.2143,6.035,GE
CH,1243,Presinge,46.218,6.2602,GE
CH,1244,Choulex,46.2263,6.2238,GE
CH,1245,Collonge-Bellerive,46.2587,6.1965,GE
CH,1246,Corsier GE,46.2659,6.2191,GE
CH,1247,Anières,46.2808,6.2226,GE
CH,1248,Hermance,46.2988,6.2325,GE
CH,1251,Gy,46.2519,6.27,GE
CH,1252,Meinier,46.243,6.2351,GE
CH,1253,Vandoeuvres,46.219,6.2037,GE
CH,1254,Jussy,46.2372,6.2791,GE
CH,1255,Veyrier,46.1684,6.1769,GE
CH,1256,Troinex,46.1593,6.1506,GE
CH,1257,La Croix-de-Rozon,46.149,6.1207,GE
CH,1258,Perly,46.1575,6.0889,GE
CH,1281,Russin,46.1939,6.0139,GE
CH,1283,La Plaine|Dardagny,46.1897,5.9955,GE
CH,1284,Chancy,46.1475,5.9787,GE
CH,1285,Athenaz (Avusy),46.1496,6.0086,GE
CH,1286,Soral,46.1481,6.0474,GE
CH,1287,Laconnex,46.1589,6.0341,GE
CH,1288,Aire-la-Ville,46.1902,6.0422,GE
CH,1290,Versoix|Chavannes-des-Bois,46.3023,6.1463,GE
CH,1292,Chambésy,46.2375,6.1511,GE
CH,1293,Bellevue,46.2545,6.1455,GE
CH,1294,Genthod,46.2637,6.1614,GE
CH,1298,Céligny,46.3473,6.2052,GE
CH,8750,Glarus|Klöntal|Riedern,47.0352,9.0207,GL
CH,8752,Näfels,47.0865,9.0053,GL
CH,8753,Mollis,47.0938,9.0914,GL
CH,8754,Netstal,47.0638,9.0417,GL
CH,8755,Ennenda,47.0445,9.0986,GL
CH,8756,Mitlödi,47.0154,9.0805,GL
CH,8757,Filzbach,47.1015,9.1253,GL
CH,8758,Obstalden,47.0772,9.1536,GL
CH,8759,Netstal,47.0634,9.0573,GL
CH,8762,Schwändi b. Schwanden|Schwanden GL|Sool,46.9998,9.0887,GL
CH,8765,Engi,46.9983,9.1692,GL
CH,8766,Matt,46.9713,9.198,GL
CH,8767,Elm,46.9061,9.1564,GL
CH,8772,Nidfurn,46.9876,9.0435,GL
CH,8773,Haslen GL,46.9595,9.0726,GL
CH,8774,Leuggelbach,46.9787,9.0363,GL
CH,8775,Hätzingen|Luchsingen|Luchsingen-Hätzingen,46.9546,9.0428,GL
CH,8777,Diesbach GL|Betschwanden,46.9361,9.053,GL
CH,8782,Rüti GL,46.9316,9.0211,GL
CH,8783,Linthal,46.8631,8.979,GL
CH,8784,Braunwald,46.9458,8.9845,GL
CH,8865,Bilten,47.1479,9.0078,GL
CH,8867,Niederurnen,47.1265,9.0208,GL
CH,8868,Oberurnen,47.1153,9.0366,GL
CH,8874,Mühlehorn,47.1027,9.1749,GL
CH,7077,Valbella,46.7522,9.5502,GR
CH,7078,Lenzerheide/Lai,46.7317,9.5481,GR
CH,7082,Vaz/Obervaz,46.6974,9.5183,GR
CH,7083,Lantsch/Lenz,46.707,9.5794,GR
CH,7084,Brienz/Brinzauls GR,46.6837,9.6028,GR
CH,7450,Tiefencastel,46.6483,9.6037,GR
CH,7451,Alvaschein,46.6778,9.5467,GR
CH,7452,Cunter,46.6202,9.6043,GR
CH,7453,Tinizong,46.5868,9.6608,GR
CH,7454,Rona,46.5567,9.6608,GR
CH,7455,Mulegns,46.5044,9.5795,GR
CH,7456,Marmorera|Sur,46.5138,9.6552,GR
CH,7457,Bivio,46.4578,9.6618,GR
CH,7458,Mon,46.6487,9.5484,GR
CH,7459,Stierva,46.657,9.5204,GR
CH,7460,Savognin,46.5814,9.6024,GR
CH,7462,Salouf,46.6124,9.533,GR
CH,7463,Riom,46.6224,9.5892,GR
CH,7464,Parsonz,46.5567,9.5423,GR
CH,7472,Surava,46.6572,9.6172,GR
CH,7473,Alvaneu Bad,46.6686,9.6491,GR
CH,7477,Filisur,46.6488,9.6882,GR
CH,7482,Bergün/Bravuogn|Preda|Stugl/Stuls,46.6278,9.7737,GR
CH,7484,Latsch,46.6377,9.7553,GR
CH,7492,Alvaneu Dorf,46.7156,9.6443,GR
CH,7493,Schmitten (Albula),46.7042,9.6778,GR
CH,7710,Alp Grüm|Ospizio Bernina,46.3851,10.0261,GR
CH,7741,S. Carlo (Poschiavo),46.3567,10.082,GR
CH,7742,Sfazù|La Rösa|Poschiavo,46.3818,10.0786,GR
CH,7743,Miralago|Brusio,46.2742,10.112,GR
CH,7744,Campocologno,46.2362,10.142,GR
CH,7745,Li Curt,46.2988,10.0336,GR
CH,7746,Le Prese,46.2834,10.0863,GR
CH,7747,Viano,46.2612,10.1523,GR
CH,7748,Campascio,46.2381,10.0953,GR
CH,7527,Brail,46.6765,10.0189,GR
CH,7530,Zernez,46.6705,10.1404,GR
CH,7532,Tschierv,46.6422,10.2981,GR
CH,7533,Fuldera,46.6048,10.3451,GR
CH,7534,Lü,46.6355,10.3724,GR
CH,7535,Valchava,46.6022,10.3859,GR
CH,7536,Sta. Maria Val Müstair,46.5785,10.3704,GR
CH,7537,Müstair,46.615,10.4555,GR
CH,7542,Susch,46.751,10.0223,GR
CH,7543,Lavin,46.7828,10.1073,GR
CH,7545,Guarda,46.8081,10.1422,GR
CH,7546,Ardez,46.7698,10.1857,GR
CH,7550,Scuol,46.7346,10.3263,GR
CH,7551,Ftan,46.8259,10.2279,GR
CH,7552,Vulpera,46.7873,10.286,GR
CH,7553,Tarasp,46.7396,10.2465,GR
CH,7554,Sent|Crusch,46.7798,10.3334,GR
CH,7556,Ramosch,46.8583,10.33,GR
CH,7557,Vnà,46.8802,10.3512,GR
CH,7558,Strada,46.8407,10.4386,GR
CH,7559,Tschlin,46.9061,10.4097,GR
CH,7560,Martina,46.9159,10.4553,GR
CH,7562,Samnaun-Compatsch,46.9633,10.4023,GR
CH,7563,Samnaun Dorf,46.9496,10.358,GR
CH,7012,Felsberg,46.8564,9.4625,GR
CH,7013,Domat/Ems,46.8197,9.4547,GR
CH,7014,Trin,46.8686,9.3291,GR
CH,7015,Tamins,46.844,9.4086,GR
CH,7016,Trin Mulin,46.8224,9.3327,GR
CH,7017,Flims Dorf,46.864,9.2694,GR
CH,7018,Flims Waldhaus,46.8248,9.2871,GR
CH,7019,Fidaz,46.8455,9.319,GR
CH,7402,Bonaduz,46.7939,9.3699,GR
CH,7403,Rhäzüns,46.7862,9.3922,GR
CH,7202,Says,46.9013,9.597,GR
CH,7203,Trimmis,46.8892,9.5728,GR
CH,7204,Untervaz,46.9206,9.5159,GR
CH,7205,Zizers,46.9343,9.5726,GR
CH,7206,Igis,46.9452,9.5807,GR
CH,7208,Malans GR,46.9888,9.5803,GR
CH,7302,Landquart,46.9616,9.5772,GR
CH,7303,Mastrils,46.9589,9.5295,GR
CH,7304,Maienfeld,47.0305,9.5629,GR
CH,7306,Fläsch,47.0395,9.5053,GR
CH,7307,Jenins,47.0117,9.5744,GR
CH,7500,St. Moritz|St. Moritz 1|St. Moritz 3,46.4904,9.8171,GR
CH,7502,Bever,46.543,9.8005,GR
CH,7503,Samedan,46.5332,9.8492,GR
CH,7504,Pontresina,46.4311,9.9249,GR
CH,7505,Celerina/Schlarigna,46.5097,9.8436,GR
CH,7512,Champfèr,46.4766,9.8058,GR
CH,7513,Silvaplana|Silvaplana-Surlej,46.4594,9.7904,GR
CH,7514,Fex|Sils/Segl Maria,46.4091,9.7843,GR
CH,7515,Sils/Segl Baselgia,46.4371,9.7424,GR
CH,7516,Maloja,46.3649,9.7199,GR
CH,7517,Plaun da Lej,46.4271,9.7091,GR
CH,7522,La Punt-Chamues-ch|La Punt Chamues-ch,46.5648,9.9251,GR
CH,7523,Madulain,46.546,9.9659,GR
CH,7524,Zuoz,46.5631,9.9802,GR
CH,7525,S-chanf,46.5971,10.0385,GR
CH,7526,Cinuos-chel|Chapella,46.6493,9.9798,GR
CH,7602,Casaccia,46.3882,9.6568,GR
CH,7603,Vicosoprano,46.3505,9.6285,GR
CH,7604,Borgonovo,46.3477,9.6062,GR
CH,7605,Stampa,46.3396,9.5922,GR
CH,7606,Bondo|Promontogno,46.327,9.5686,GR
CH,7608,Castasegna,46.335,9.5234,GR
CH,7610,Soglio,46.357,9.5381,GR
CH,6534,S. Vittore,46.2444,9.0981,GR
CH,6535,Roveredo GR,46.208,9.1525,GR
CH,6537,Grono,46.2327,9.1814,GR
CH,6538,Verdabbio,46.2731,9.2032,GR
CH,6540,Castaneda,46.2609,9.1301,GR
CH,6541,Sta. Maria in Calanca,46.2835,9.148,GR
CH,6542,Buseno,46.2759,9.1034,GR
CH,6543,Arvigo,46.3011,9.0946,GR
CH,6544,Braggio,46.302,9.1333,GR
CH,6545,Selma,46.3221,9.1032,GR
CH,6546,Cauco,46.3336,9.1221,GR
CH,6548,Rossa,46.404,9.127,GR
CH,6549,Laura,46.2108,9.1047,GR
CH,6556,Leggia,46.2502,9.1872,GR
CH,6557,Cama,46.2607,9.2064,GR
CH,6558,Lostallo,46.3068,9.2247,GR
CH,6562,Soazza,46.3515,9.2259,GR
CH,6563,Mesocco,46.4025,9.226,GR
CH,6565,S. Bernardino,46.4713,9.1888,GR
CH,7000,Chur,46.8528,9.5299,GR
CH,7001,Chur,46.8499,9.5329,GR
CH,7004,Chur,46.8499,9.5329,GR
CH,7006,Chur,46.8499,9.5329,GR
CH,7007,Chur,46.8499,9.5329,GR
CH,7023,Haldenstein,46.8816,9.5009,GR
CH,7026,Maladers,46.8447,9.5723,GR
CH,7027,Castiel|Calfreisen|Lüen,46.8479,9.6128,GR
CH,7028,St. Peter|Pagig,46.849,9.6481,GR
CH,7029,Peist,46.8427,9.6882,GR
CH,7050,Arosa,46.7699,9.6683,GR
CH,7056,Molinis,46.8141,9.6465,GR
CH,7057,Langwies,46.8235,9.7455,GR
CH,7058,Litzirüti,46.7988,9.7014,GR
CH,7062,Passugg,46.8212,9.5573,GR
CH,7063,Praden,46.821,9.5824,GR
CH,7064,Tschiertschen,46.7929,9.6067,GR
CH,7074,Malix,46.8117,9.518,GR
CH,7075,Churwalden,46.7826,9.5323,GR
CH,7076,Parpan,46.7762,9.5703,GR
CH,7212,Seewis-Schmitten|Seewis-Pardisla|Seewis Dorf,46.9942,9.6451,GR
CH,7213,Valzeina,46.9163,9.6237,GR
CH,7214,Grüsch,46.9627,9.6397,GR
CH,7215,Fanas,47.0072,9.6875,GR
CH,7220,Schiers,46.9811,9.7189,GR
CH,7222,Lunden,46.9517,9.7116,GR
CH,7223,Buchen im Prättigau,46.9388,9.7244,GR
CH,7224,Putz,46.9269,9.7407,GR
CH,7226,Fajauna|Stels,46.9828,9.7482,GR
CH,7228,Pusserein|Schuders,47.0005,9.7306,GR
CH,7231,Pragg-Jenaz,46.9426,9.6953,GR
CH,7232,Furna,46.9136,9.6615,GR
CH,7233,Jenaz,46.8981,9.7035,GR
CH,7235,Fideris,46.8866,9.7395,GR
CH,7240,Küblis,46.9253,9.7955,GR
CH,7241,Conters im Prättigau,46.8858,9.7876,GR
CH,7242,Luzein,46.9212,9.7623,GR
CH,7243,Pany,46.9482,9.7675,GR
CH,7244,Gadenstätt,46.9448,9.7904,GR
CH,7245,Ascharina,46.9495,9.8203,GR
CH,7246,St. Antönien,46.9802,9.8459,GR
CH,7247,Saas im Prättigau,46.9151,9.8524,GR
CH,7249,Serneus,46.8871,9.8339,GR
CH,7250,Klosters,46.8475,9.9649,GR
CH,7252,Klosters Dorf,46.9013,9.9155,GR
CH,7260,Davos Dorf,46.7674,9.8969,GR
CH,7265,Davos Wolfgang,46.8389,9.8534,GR
CH,7270,Davos Platz 1|Davos Platz,46.7961,9.8276,GR
CH,7272,Davos Clavadel,46.7227,9.8447,GR
CH,7276,Davos Frauenkirch,46.7756,9.7698,GR
CH,7277,Davos Glaris,46.7398,9.7705,GR
CH,7278,Davos Monstein,46.6983,9.7849,GR
CH,7494,Davos Wiesen,46.7163,9.7204,GR
CH,7031,Laax GR,46.8095,9.2635,GR
CH,7032,Laax GR 2,46.8515,9.2121,GR
CH,7104,Versam|Arezen,46.779,9.3358,GR
CH,7106,Tenna,46.7465,9.3251,GR
CH,7107,Safien Platz,46.7127,9.3222,GR
CH,7109,Thalkirch,46.6321,9.2815,GR
CH,7110,Peiden,46.7158,9.1981,GR
CH,7111,Pitasch,46.7219,9.2458,GR
CH,7112,Duvin,46.6963,9.248,GR
CH,7113,Camuns,46.6891,9.2216,GR
CH,7114,Uors (Lumnezia),46.7038,9.188,GR
CH,7115,Surcasti,46.6808,9.1692,GR
CH,7116,Tersnaus|St. Martin (Lugnez),46.6703,9.2005,GR
CH,7122,Valendas|Carrera,46.7807,9.2954,GR
CH,7126,Castrisch,46.7726,9.243,GR
CH,7127,Sevgein,46.7575,9.2226,GR
CH,7128,Riein,46.7422,9.2606,GR
CH,7130,Ilanz|Schnaus,46.794,9.1835,GR
CH,7132,Vals,46.5737,9.1308,GR
CH,7134,Obersaxen,46.7197,9.0712,GR
CH,7137,Flond,46.7664,9.161,GR
CH,7138,Surcuolm,46.7529,9.1513,GR
CH,7141,Luven,46.7548,9.1906,GR
CH,7142,Cumbel,46.7345,9.2011,GR
CH,7143,Morissen,46.7348,9.1737,GR
CH,7144,Vella,46.7213,9.159,GR
CH,7145,Degen,46.7059,9.1709,GR
CH,7146,Vattiz,46.7118,9.1384,GR
CH,7147,Vignogn,46.694,9.1413,GR
CH,7148,Lumbrein,46.6683,9.1035,GR
CH,7149,Vrin,46.6241,9.0564,GR
CH,7151,Schluein,46.7889,9.2224,GR
CH,7152,Sagogn,46.7983,9.2755,GR
CH,7153,Falera,46.813,9.22,GR
CH,7154,Ruschein,46.8291,9.1686,GR
CH,7155,Ladir,46.8114,9.1906,GR
CH,7156,Rueun|Pigniu,46.8187,9.1248,GR
CH,7157,Siat,46.8152,9.1545,GR
CH,7158,Waltensburg/Vuorz,46.8116,9.0777,GR
CH,7159,Andiast,46.8179,9.0975,GR
CH,7162,Tavanasa,46.7567,9.0749,GR
CH,7163,Danis,46.7561,9.0534,GR
CH,7164,Dardin,46.7606,9.0364,GR
CH,7165,Breil/Brigels,46.7924,9.0289,GR
CH,7166,Trun,46.7411,8.9786,GR
CH,7167,Zignau,46.734,9.0104,GR
CH,7168,Schlans,46.7653,9.0009,GR
CH,7172,Rabius,46.7419,8.9547,GR
CH,7173,Surrein,46.6738,8.9654,GR
CH,7174,S. Benedetg,46.7371,8.9435,GR
CH,7175,Sumvitg,46.7622,8.9153,GR
CH,7176,Cumpadials,46.7087,8.9161,GR
CH,7180,Disentis/Mustér,46.7456,8.8481,GR
CH,7182,Cavardiras,46.6995,8.8819,GR
CH,7183,Mumpé Medel,46.6811,8.8313,GR
CH,7184,Curaglia,46.6525,8.8851,GR
CH,7185,Platta,46.6065,8.8364,GR
CH,7186,Segnas,46.6937,8.8169,GR
CH,7187,Camischolas,46.6814,8.7615,GR
CH,7188,Sedrun,46.6377,8.7502,GR
CH,7189,Rueras,46.6662,8.709,GR
CH,7404,Feldis/Veulden,46.7968,9.4422,GR
CH,7405,Rothenbrunnen,46.7769,9.4208,GR
CH,7407,Trans,46.7624,9.4817,GR
CH,7408,Cazis|Realta,46.7355,9.4268,GR
CH,7411,Sils im Domleschg,46.6908,9.465,GR
CH,7412,Scharans,46.7183,9.4825,GR
CH,7413,Fürstenaubruck,46.715,9.4498,GR
CH,7414,Fürstenau,46.7231,9.4481,GR
CH,7415,Rodels|Pratval,46.7359,9.4425,GR
CH,7416,Almens,46.7426,9.4826,GR
CH,7417,Paspels,46.7513,9.4509,GR
CH,7418,Tumegl/Tomils,46.764,9.4447,GR
CH,7419,Scheid,46.7834,9.4663,GR
CH,7421,Summaprada,46.713,9.4312,GR
CH,7422,Tartar,46.7221,9.4193,GR
CH,7423,Portein|Sarn,46.7177,9.3864,GR
CH,7424,Dalin|Präz,46.7416,9.4011,GR
CH,7425,Masein,46.6954,9.4226,GR
CH,7426,Flerden,46.6941,9.3926,GR
CH,7427,Urmein,46.686,9.4019,GR
CH,7428,Tschappina|Glaspass,46.6769,9.3541,GR
CH,7430,Thusis|Rongellen,46.6812,9.4367,GR
CH,7431,Obermutten|Mutten,46.6728,9.4947,GR
CH,7432,Zillis,46.6381,9.47,GR
CH,7433,Farden|Mathon|Wergenstein|Lohn GR|Donat,46.6355,9.4008,GR
CH,7434,Sufers,46.5573,9.3703,GR
CH,7435,Splügen,46.5371,9.329,GR
CH,7436,Medels im Rheinwald,46.5522,9.2853,GR
CH,7437,Nufenen,46.5404,9.2385,GR
CH,7438,Hinterrhein,46.5137,9.1351,GR
CH,7440,Andeer,46.5859,9.4178,GR
CH,7442,Clugin,46.6127,9.4121,GR
CH,7443,Pignia,46.6035,9.4665,GR
CH,7444,Ausserferrera,46.5516,9.4606,GR
CH,7445,Innerferrera,46.5058,9.4399,GR
CH,7446,Campsut-Cröt,46.4246,9.491,GR
CH,7447,Cresta (Avers)|Am Bach (Avers),46.4505,9.5347,GR
CH,7448,Juf,46.4329,9.5864,GR
CH,2800,Delémont|Delémont 2|Delémont 1,47.374,7.3333,JU
CH,2802,Develier,47.3648,7.2813,JU
CH,2803,Bourrignon,47.3932,7.2556,JU
CH,2805,Soyhières,47.3955,7.3822,JU
CH,2806,Mettembert,47.3943,7.3276,JU
CH,2807,Pleigne|Lucelle,47.4163,7.2609,JU
CH,2812,Movelier,47.4089,7.3281,JU
CH,2813,Ederswiler,47.4264,7.324,JU
CH,2822,Courroux,47.3672,7.3788,JU
CH,2823,Courcelon,47.3674,7.407,JU
CH,2824,Vicques,47.3516,7.4268,JU
CH,2825,Courchapoix,47.3488,7.4522,JU
CH,2826,Corban,47.3534,7.4742,JU
CH,2828,Montsevelier,47.3602,7.512,JU
CH,2829,Vermes,47.3192,7.4849,JU
CH,2830,Vellerat|Courrendlin,47.3249,7.3712,JU
CH,2832,Rebeuvelier,47.3209,7.4189,JU
CH,2842,Rossemaison,47.3439,7.3443,JU
CH,2843,Châtillon JU,47.322,7.3449,JU
CH,2852,Courtételle,47.3313,7.318,JU
CH,2853,Courfaivre,47.3298,7.2802,JU
CH,2854,Bassecourt,47.3365,7.2418,JU
CH,2855,Glovelier,47.3269,7.1844,JU
CH,2856,Boécourt,47.3547,7.2168,JU
CH,2857,Montavon,47.3717,7.2335,JU
CH,2863,Undervelier,47.3034,7.2194,JU
CH,2864,Soulce,47.3002,7.2871,JU
CH,2873,Saulcy,47.3031,7.1606,JU
CH,2336,Les Bois,47.1796,6.8983,JU
CH,2338,Les Emibois|Muriaux,47.238,6.9873,JU
CH,2340,Le Noirmont,47.2152,6.9438,JU
CH,2350,Saignelégier,47.2458,7.02,JU
CH,2353,Les Pommerats,47.2801,6.9908,JU
CH,2354,Goumois,47.2674,6.9594,JU
CH,2360,Le Bémont JU,47.2625,7.0334,JU
CH,2362,Montfavergier|Montfaucon,47.2906,7.0783,JU
CH,2363,Les Enfers,47.2904,7.0455,JU
CH,2364,St-Brais,47.3062,7.1177,JU
CH,2714,Le Prédame|Les Genevez JU,47.2544,7.112,JU
CH,2718,Lajoux JU|Fornet-Dessus,47.2814,7.1434,JU
CH,2882,St-Ursanne,47.3628,7.1459,JU
CH,2887,Soubey,47.3101,7.0405,JU
CH,2883,Montmelon,47.3499,7.1729,JU
CH,2884,Montenol,47.3517,7.1448,JU
CH,2885,Epauvillers,47.3366,7.1176,JU
CH,2886,Epiquerez,47.3267,7.0757,JU
CH,2888,Seleute,47.368,7.1118,JU
CH,2889,Ocourt,47.3549,7.0701,JU
CH,2900,Porrentruy 2|Porrentruy|Porrentruy 1,47.4213,7.071,JU
CH,2902,Fontenais,47.3998,7.0793,JU
CH,2903,Villars-sur-Fontenais,47.3811,7.0754,JU
CH,2904,Bressaucourt,47.3842,7.039,JU
CH,2905,Courtedoux,47.4129,7.028,JU
CH,2906,Chevenez,47.3925,6.9934,JU
CH,2907,Rocourt,47.3865,6.9602,JU
CH,2908,Grandfontaine,47.3919,6.9336,JU
CH,2912,Réclère|Roche-d'Or,47.3671,6.9414,JU
CH,2914,Damvant,47.3681,6.8957,JU
CH,2915,Bure,47.4386,6.9971,JU
CH,2916,Fahy,47.42,6.9567,JU
CH,2922,Courchavon,47.4382,7.0463,JU
CH,2923,Courtemaîche,47.4578,7.0469,JU
CH,2924,Montignez,47.4835,7.0587,JU
CH,2925,Buix,47.4756,7.0263,JU
CH,2926,Boncourt,47.488,7.0076,JU
CH,2932,Coeuve,47.4524,7.0953,JU
CH,2933,Lugnez|Damphreux,47.4794,7.0976,JU
CH,2935,Beurnevésin,47.4924,7.1328,JU
CH,2942,Alle,47.4284,7.1262,JU
CH,2943,Vendlincourt,47.4519,7.1485,JU
CH,2944,Bonfol,47.4759,7.1568,JU
CH,2946,Miécourt,47.4311,7.1713,JU
CH,2947,Charmoille,47.4274,7.2138,JU
CH,2950,Courgenay|Courtemautruy,47.39,7.1309,JU
CH,2952,Cornol,47.4048,7.1631,JU
CH,2953,Fregiécourt|Pleujouse,47.4116,7.2064,JU
CH,2954,Asuel,47.3911,7.2051,JU
CH,6000,Luzern 14|Luzern 6|Luzern 15|Luzern|Luzern 7|Luzern 30 AAL|Luzern 16,47.0476,8.3225,LU
CH,6002,Luzern,47.0505,8.3064,LU
CH,6003,Luzern,47.0491,8.296,LU
CH,6004,Luzern,47.0594,8.3008,LU
CH,6005,Luzern|St. Niklausen LU,47.0323,8.327,LU
CH,6006,Luzern,47.0538,8.3345,LU
CH,6007,Luzern,47.0505,8.3064,LU
CH,6014,Luzern,47.0568,8.247,LU
CH,6015,Luzern,47.0631,8.2778,LU
CH,6009,Luzern,47.0208,8.2589,LU
CH,6010,Kriens|Kriens 2|Pilatus Kulm,47.0099,8.2625,LU
CH,6011,Kriens,47.0311,8.2855,LU
CH,6012,Obernau,47.0269,8.2366,LU
CH,6013,Eigenthal,46.9926,8.2154,LU
CH,6030,Ebikon,47.0799,8.3417,LU
CH,6031,Ebikon,47.0794,8.3404,LU
CH,6033,Buchrain,47.1007,8.3463,LU
CH,6035,Perlen,47.1115,8.3649,LU
CH,6036,Dierikon,47.0942,8.3726,LU
CH,6037,Root,47.1113,8.3928,LU
CH,6038,Gisikon|Honau,47.1302,8.4045,LU
CH,6039,Root D4,47.1031,8.3733,LU
CH,6043,Adligenswil,47.0723,8.3685,LU
CH,6044,Udligenswil,47.0928,8.3998,LU
CH,6045,Meggen,47.0449,8.3745,LU
CH,6047,Kastanienbaum,47.0074,8.3402,LU
CH,6048,Horw,47.0108,8.3039,LU
CH,6102,Malters,47.0378,8.1845,LU
CH,6103,Schwarzenberg LU,46.9983,8.1738,LU
CH,6344,Meierskappel,47.1151,8.4527,LU
CH,6353,Weggis,47.0313,8.4242,LU
CH,6354,Vitznau,47.0162,8.4859,LU
CH,6356,Rigi Kaltbad,47.0366,8.4882,LU
CH,6404,Greppen,47.0563,8.4313,LU
CH,6020,Emmenbrücke 2|Emmenbrücke,47.0819,8.2765,LU
CH,6021,Emmenbrücke 1,47.0866,8.2862,LU
CH,6023,Rothenburg,47.1046,8.2625,LU
CH,6026,Rain,47.1319,8.2636,LU
CH,6027,Römerswil LU,47.1697,8.2489,LU
CH,6028,Herlisberg,47.1979,8.2303,LU
CH,6032,Emmen,47.0901,8.3101,LU
CH,6034,Inwil,47.1287,8.3623,LU
CH,6274,Eschenbach LU,47.1282,8.3125,LU
CH,6275,Ballwil,47.1544,8.3348,LU
CH,6276,Hohenrain,47.1784,8.3203,LU
CH,6277,Kleinwangen|Lieli LU,47.2046,8.3049,LU
CH,6280,Hochdorf|Urswil,47.1581,8.2857,LU
CH,6281,Hochdorf,47.1684,8.2918,LU
CH,6283,Baldegg,47.1848,8.2713,LU
CH,6284,Gelfingen|Sulz LU,47.2152,8.2811,LU
CH,6285,Hitzkirch|Retschwil,47.2106,8.2515,LU
CH,6286,Altwis,47.2406,8.2522,LU
CH,6287,Aesch LU,47.2583,8.2386,LU
CH,6288,Schongau,47.267,8.2715,LU
CH,6289,Müswangen|Hämikon,47.2407,8.2856,LU
CH,6294,Ermensee,47.2254,8.2344,LU
CH,6295,Mosen,47.2419,8.227,LU
CH,5735,Pfeffikon LU,47.2459,8.165,LU
CH,6016,Hellbühl,47.0693,8.1974,LU
CH,6017,Ruswil,47.0859,8.1338,LU
CH,6018,Buttisholz,47.1141,8.0923,LU
CH,6019,Sigigen,47.0591,8.139,LU
CH,6022,Grosswangen,47.1335,8.0549,LU
CH,6024,Hildisrieden,47.1475,8.2316,LU
CH,6025,Neudorf,47.176,8.2102,LU
CH,6203,Sempach Station,47.1172,8.2006,LU
CH,6204,Sempach,47.1374,8.1982,LU
CH,6205,Eich,47.1567,8.1654,LU
CH,6206,Neuenkirch,47.0968,8.201,LU
CH,6207,Nottwil Paraplegikerzentrum|Nottwil,47.1291,8.1382,LU
CH,6208,Oberkirch LU,47.1541,8.1078,LU
CH,6210,Sursee,47.1765,8.1046,LU
CH,6212,Kaltbach|St. Erhard,47.1836,8.0648,LU
CH,6213,Knutwil,47.2011,8.0703,LU
CH,6214,Schenkon,47.1794,8.1333,LU
CH,6215,Beromünster|Schwarzenbach LU,47.2231,8.2081,LU
CH,6216,Mauensee,47.1685,8.0723,LU
CH,6221,Rickenbach LU,47.2197,8.149,LU
CH,6222,Gunzwil,47.1917,8.1716,LU
CH,6231,Schlierbach,47.2274,8.1191,LU
CH,6232,Geuensee,47.2018,8.1165,LU
CH,6233,Büron,47.2136,8.0953,LU
CH,6234,Kulmerau|Triengen,47.2452,8.0851,LU
CH,6235,Winikon,47.2335,8.0419,LU
CH,6236,Wilihof,47.2206,8.0628,LU
CH,4806,Wikon,47.2664,7.9679,LU
CH,4915,St. Urban,47.2236,7.8563,LU
CH,6122,Menznau,47.0775,8.0373,LU
CH,6123,Geiss,47.0912,8.062,LU
CH,6125,Menzberg,47.0403,7.9916,LU
CH,6126,Daiwil,47.0858,8.0124,LU
CH,6130,Willisau,47.1078,7.984,LU
CH,6132,Rohrmatt,47.079,7.9838,LU
CH,6133,Hergiswil b. Willisau,47.0659,7.9528,LU
CH,6142,Gettnau,47.1385,7.9666,LU
CH,6143,Ohmstal,47.1592,7.9544,LU
CH,6144,Zell LU,47.1393,7.9317,LU
CH,6145,Fischbach LU,47.1527,7.9069,LU
CH,6146,Grossdietwil,47.1672,7.8939,LU
CH,6147,Altbüron,47.1912,7.8901,LU
CH,6152,Hüswil,47.1262,7.9066,LU
CH,6153,Ufhusen,47.1077,7.8933,LU
CH,6154,Hofstatt,47.0777,7.898,LU
CH,6156,Luthern|Luthern Bad,47.0403,7.914,LU
CH,6211,Buchs LU,47.2017,8.0386,LU
CH,6217,Kottwil,47.1632,8.0414,LU
CH,6218,Ettiswil,47.1488,8.0184,LU
CH,6242,Wauwil,47.1837,8.0315,LU
CH,6243,Egolzwil,47.184,8.0036,LU
CH,6244,Nebikon,47.1909,7.9792,LU
CH,6245,Ebersecken,47.1813,7.9377,LU
CH,6246,Altishofen,47.2023,7.9599,LU
CH,6247,Schötz,47.1682,7.987,LU
CH,6248,Alberswil,47.1472,7.9952,LU
CH,6252,Dagmersellen,47.2159,7.9951,LU
CH,6253,Uffikon,47.2157,8.0245,LU
CH,6260,Reidermoos|Mehlsecken|Reiden|Hintermoos,47.2516,7.9825,LU
CH,6262,Langnau b. Reiden,47.2298,7.9489,LU
CH,6263,Richenthal,47.2105,7.932,LU
CH,6264,Pfaffnau,47.2297,7.9009,LU
CH,6265,Roggliswil,47.2114,7.8859,LU
CH,6105,Schachen LU,47.0292,8.1289,LU
CH,6106,Werthenstein,47.0472,8.1044,LU
CH,6110,Wolhusen|Fontannen b. Wolhusen,47.0375,8.0249,LU
CH,6112,Doppleschwand,47.0119,8.0508,LU
CH,6113,Romoos,47.007,8.0052,LU
CH,6114,Steinhuserberg,47.046,8.0446,LU
CH,6160,Entlebuch Businesszentrum|Entlebuch,46.9762,8.1079,LU
CH,6162,Rengg|Finsterwald b. Entlebuch|Entlebuch,46.9768,8.1009,LU
CH,6163,Ebnet,47.0211,8.0831,LU
CH,6166,Hasle LU,46.9592,8.067,LU
CH,6167,Bramboden,46.9851,7.9727,LU
CH,6170,Schüpfheim,46.9462,8.0121,LU
CH,6173,Flühli LU,46.8826,8.0249,LU
CH,6174,Sörenberg,46.8161,8.0089,LU
CH,6182,Escholzmatt,46.9238,7.9427,LU
CH,6192,Wiggen,46.8779,7.944,LU
CH,6196,Marbach LU,46.8557,7.9091,LU
CH,2012,Auvernier,46.9702,6.8926,NE
CH,2013,Colombier NE,46.9645,6.8726,NE
CH,2014,Bôle,46.9688,6.8372,NE
CH,2015,Areuse,46.9462,6.8898,NE
CH,2016,Cortaillod,46.9329,6.8617,NE
CH,2017,Boudry,46.9532,6.8133,NE
CH,2019,Chambrelien|Rochefort,46.9798,6.807,NE
CH,2022,Bevaix,46.9228,6.8195,NE
CH,2023,Gorgier,46.9236,6.7675,NE
CH,2024,St-Aubin-Sauges,46.8993,6.7648,NE
CH,2025,Chez-le-Bart,46.8966,6.8092,NE
CH,2027,Fresens|Montalchez,46.8989,6.7412,NE
CH,2028,Vaumarcus,46.8705,6.7727,NE
CH,2034,Peseux,46.9956,6.8894,NE
CH,2035,Corcelles NE,46.9865,6.8602,NE
CH,2036,Cormondrèche,46.9808,6.8692,NE
CH,2037,Montezillon|Montmollin,46.9926,6.8401,NE
CH,2149,Brot-Dessous|Champ-du-Moulin|Fretereules,46.9587,6.7638,NE
CH,2300,La Cibourg|La Chaux-de-Fonds,47.1163,6.8559,NE
CH,2301,La Chaux-de-Fonds,47.0999,6.8259,NE
CH,2303,La Chaux-de-Fonds,47.0999,6.8259,NE
CH,2304,La Chaux-de-Fonds,47.0999,6.8259,NE
CH,2314,La Sagne NE,47.0474,6.8021,NE
CH,2322,Le Crêt-du-Locle,47.0805,6.7818,NE
CH,2325,Les Planchettes,47.1082,6.7714,NE
CH,2316,Les Ponts-de-Martel|Petit-Martel,47.0002,6.7313,NE
CH,2318,Brot-Plamboz,46.9831,6.7486,NE
CH,2400,Le Prévoux|Le Locle,47.0483,6.7384,NE
CH,2405,La Chaux-du-Milieu,47.0058,6.6981,NE
CH,2406,La Châtagne|La Brévine|Le Brouillet|Les Taillères,46.9697,6.5865,NE
CH,2414,Le Cerneux-Péquignot,47.017,6.6702,NE
CH,2416,Les Brenets,47.0745,6.7242,NE
CH,2000,Neuchâtel,46.9884,6.9413,NE
CH,2001,Neuchâtel 1,47.0094,6.9381,NE
CH,2002,Neuchâtel 2,47.0094,6.9381,NE
CH,2010,Neuchâtel OFS,47.0094,6.9381,NE
CH,2067,Chaumont,47.0404,6.9636,NE
CH,2068,Hauterive NE,47.0104,6.9757,NE
CH,2072,St-Blaise,47.0351,6.9969,NE
CH,2073,Enges,47.0722,7.0136,NE
CH,2074,Marin-Epagnier|Marin-Centre,47.0065,7.0149,NE
CH,2075,Thielle|Wavre,47.0209,7.0232,NE
CH,2087,Cornaux NE,47.0348,7.0204,NE
CH,2088,Cressier NE,47.0491,7.0367,NE
CH,2523,Lignières,47.0899,7.0475,NE
CH,2525,Le Landeron,47.0604,7.0651,NE
CH,2042,Valangin,47.0138,6.8995,NE
CH,2043,Boudevilliers,47.0289,6.8837,NE
CH,2046,Fontaines NE,47.0427,6.9018,NE
CH,2052,Fontainemelon|La Vue-des-Alpes,47.0605,6.8781,NE
CH,2053,Cernier,47.0588,6.904,NE
CH,2054,Les Vieux-Prés|Chézard-St-Martin,47.0771,6.9285,NE
CH,2056,Dombresson,47.0699,6.9569,NE
CH,2057,Villiers,47.081,6.9846,NE
CH,2058,Le Pâquier NE,47.1059,6.9821,NE
CH,2063,Engollon|Fenin|Saules|Vilars NE,47.0346,6.9284,NE
CH,2065,Savagnier,47.0509,6.9568,NE
CH,2206,Les Geneveys-sur-Coffrane,47.0186,6.8341,NE
CH,2207,Coffrane,47.0088,6.8663,NE
CH,2208,Les Hauts-Geneveys,47.0417,6.861,NE
CH,2103,Noiraigue,46.949,6.7247,NE
CH,2105,Travers,46.9471,6.6757,NE
CH,2108,Couvet,46.9189,6.6543,NE
CH,2112,Môtiers NE,46.9044,6.6176,NE
CH,2113,Boveresse,46.9168,6.5996,NE
CH,2114,Fleurier,46.8949,6.5893,NE
CH,2115,Buttes,46.8795,6.5432,NE
CH,2116,Mont-de-Buttes,46.888,6.5197,NE
CH,2117,La Côte-aux-Fées,46.8634,6.4853,NE
CH,2123,St-Sulpice NE,46.9088,6.56,NE
CH,2124,Les Sagnettes,46.9392,6.5957,NE
CH,2126,Les Verrières,46.9144,6.4748,NE
CH,2127,Les Bayards,46.9254,6.5382,NE
CH,6052,Hergiswil NW,46.9859,8.2813,NW
CH,6362,Stansstad,46.974,8.3314,NW
CH,6363,Bürgenstock|Obbürgen|Fürigen,46.9885,8.3683,NW
CH,6365,Kehrsiten,47.0046,8.3827,NW
CH,6370,Stans|Oberdorf NW,46.9553,8.3746,NW
CH,6371,Stans,46.9581,8.3661,NW
CH,6372,Ennetmoos,46.9448,8.3225,NW
CH,6373,Ennetbürgen,46.9945,8.4308,NW
CH,6374,Buochs,46.9672,8.4227,NW
CH,6375,Beckenried,46.9502,8.4716,NW
CH,6376,Emmetten,46.946,8.5203,NW
CH,6382,Büren NW,46.9407,8.408,NW
CH,6383,Dallenwil|Niederrickenbach|Wiesenberg|Wirzweli,46.9172,8.3852,NW
CH,6386,Wolfenschiessen,46.8996,8.3825,NW
CH,6387,Oberrickenbach,46.8787,8.4401,NW
CH,6053,Alpnachstad,46.961,8.291,OW
CH,6055,Alpnach Dorf,46.949,8.2264,OW
CH,6056,Kägiswil,46.917,8.2553,OW
CH,6060,Sarnen|Ramersberg|Sarnen 2,46.9026,8.2107,OW
CH,6061,Sarnen 1,46.8985,8.1765,OW
CH,6062,Wilen (Sarnen),46.8705,8.207,OW
CH,6063,Stalden (Sarnen),46.8944,8.1489,OW
CH,6064,Kerns,46.9071,8.3028,OW
CH,6066,St. Niklausen OW,46.8732,8.3026,OW
CH,6067,Melchtal,46.8235,8.3012,OW
CH,6068,Melchsee-Frutt,46.7821,8.2988,OW
CH,6072,Sachseln,46.8319,8.2424,OW
CH,6073,Flüeli-Ranft,46.874,8.2596,OW
CH,6074,Giswil,46.8375,8.122,OW
CH,6078,Lungern|Bürglen OW,46.7981,8.1673,OW
CH,6388,Grafenort,46.8634,8.3692,OW
CH,6390,Engelberg,46.8145,8.4412,OW
CH,6391,Engelberg,46.8211,8.4013,OW
CH,9000,St. Gallen,47.424,9.3685,SG
CH,9001,St. Gallen,47.4221,9.3755,SG
CH,9004,St. Gallen,47.4221,9.3755,SG
CH,9006,St. Gallen,47.4221,9.3755,SG
CH,9007,St. Gallen,47.4221,9.3755,SG
CH,9008,St. Gallen,47.4413,9.3918,SG
CH,9010,St. Gallen,47.4419,9.3736,SG
CH,9011,St. Gallen,47.4154,9.4021,SG
CH,9012,St. Gallen,47.4096,9.3636,SG
CH,9013,St. Gallen,47.4221,9.3755,SG
CH,9014,St. Gallen,47.4081,9.3356,SG
CH,9015,St. Gallen,47.408,9.3072,SG
CH,9016,St. Gallen,47.4418,9.4154,SG
CH,9020,St. Gallen,47.4221,9.3755,SG
CH,9021,St. Gallen MS,47.4221,9.3755,SG
CH,9023,St. Gallen,47.4221,9.3755,SG
CH,9024,St. Gallen Presse-Serv.Güll|St. Gallen,47.4221,9.3755,SG
CH,9026,St. Gallen K AG|St. Gallen Künzler AG,47.4221,9.3755,SG
CH,9027,St. Gallen Mona Versand|St. Gallen,47.4221,9.3755,SG
CH,9028,St. Gallen,47.4221,9.3755,SG
CH,9029,St. Gallen|St. Gallen Sonderdienste,47.4221,9.3755,SG
CH,9030,Abtwil SG|St. Josefen,47.4271,9.3288,SG
CH,9032,Engelburg,47.443,9.3415,SG
CH,9034,Eggersriet,47.4414,9.4623,SG
CH,9036,Grub SG,47.4543,9.5098,SG
CH,9200,Gossau SG 2|Gossau SG,47.4194,9.2514,SG
CH,9201,Gossau SG,47.421,9.2536,SG
CH,9204,Andwil SG,47.4372,9.279,SG
CH,9205,Waldkirch,47.463,9.2879,SG
CH,9212,Arnegg,47.4425,9.2524,SG
CH,9300,Wittenbach,47.4661,9.3798,SG
CH,9301,Wittenbach,47.4611,9.386,SG
CH,9304,Bernhardzell,47.4669,9.3409,SG
CH,9308,Lömmenschwil,47.4966,9.3455,SG
CH,9312,Häggenschwil,47.4907,9.3353,SG
CH,9313,Muolen,47.5171,9.3179,SG
CH,9033,Untereggen,47.4538,9.4543,SG
CH,9305,Berg SG,47.4862,9.4122,SG
CH,9323,Steinach,47.5065,9.4497,SG
CH,9327,Tübach,47.4825,9.4538,SG
CH,9400,Rorschach,47.4972,9.5037,SG
CH,9401,Rorschach,47.478,9.4903,SG
CH,9402,Mörschwil,47.4675,9.426,SG
CH,9403,Goldach,47.4859,9.4782,SG
CH,9404,Rorschacherberg,47.4803,9.5104,SG
CH,9422,Staad SG,47.492,9.5371,SG
CH,9423,Altenrhein,47.5158,9.5473,SG
CH,9425,Thal,47.4732,9.5649,SG
CH,9424,Rheineck,47.4688,9.585,SG
CH,9430,St. Margrethen SG,47.4529,9.6276,SG
CH,9434,Au SG,47.4297,9.639,SG
CH,9435,Heerbrugg,47.4126,9.6266,SG
CH,9436,Balgach,47.3935,9.612,SG
CH,9437,Marbach SG,47.3865,9.579,SG
CH,9443,Widnau,47.4007,9.6376,SG
CH,9444,Diepoldsau,47.3823,9.6518,SG
CH,9445,Rebstein,47.3942,9.5898,SG
CH,9450,Altstätten SG 2|Altstätten SG|Lüchingen,47.3794,9.5485,SG
CH,9451,Kriessern,47.3639,9.6059,SG
CH,9452,Hinterforst,47.3579,9.5278,SG
CH,9453,Eichberg,47.3442,9.5209,SG
CH,9462,Montlingen,47.3412,9.5842,SG
CH,9463,Oberriet SG,47.3228,9.5411,SG
CH,9464,Rüthi (Rheintal)|Lienz,47.2908,9.5204,SG
CH,9465,Salez,47.2337,9.495,SG
CH,9466,Sennwald,47.2623,9.5013,SG
CH,9467,Frümsen,47.2505,9.4685,SG
CH,9468,Sax,47.235,9.4431,SG
CH,9469,Haag (Rheintal),47.2094,9.4875,SG
CH,9470,Werdenberg|Buchs SG,47.1649,9.4601,SG
CH,9471,Buchs SG 3|Buchs SG 1,47.166,9.4627,SG
CH,9472,Grabs|Grabserberg,47.1731,9.4129,SG
CH,9473,Gams,47.2117,9.4297,SG
CH,9475,Sevelen,47.1292,9.4585,SG
CH,9476,Fontnas|Weite,47.0946,9.4955,SG
CH,9477,Trübbach,47.076,9.4861,SG
CH,9478,Azmoos,47.0886,9.4318,SG
CH,9479,Oberschan|Gretschins|Malans SG,47.0964,9.4732,SG
CH,7310,Bad Ragaz,46.9969,9.4731,SG
CH,7312,Pfäfers,46.9844,9.5075,SG
CH,7313,St. Margrethenberg,46.9682,9.5101,SG
CH,7314,Vadura,46.9562,9.4916,SG
CH,7315,Vättis,46.9132,9.385,SG
CH,7317,Valens|Vasön,46.9659,9.4636,SG
CH,7320,Sargans,47.0556,9.4489,SG
CH,7323,Wangs,47.0061,9.4138,SG
CH,7324,Vilters,47.0198,9.4573,SG
CH,7325,Schwendi im Weisstannental,46.9966,9.3682,SG
CH,7326,Weisstannen,46.9719,9.3047,SG
CH,8877,Murg,47.0696,9.1964,SG
CH,8878,Quinten,47.1329,9.221,SG
CH,8879,Pizolpark (Mels),47.0008,9.3374,SG
CH,8880,Walenstadt,47.1224,9.3107,SG
CH,8881,Walenstadtberg|Tscherlach,47.1352,9.3093,SG
CH,8882,Unterterzen,47.1161,9.2484,SG
CH,8883,Quarten,47.1029,9.2344,SG
CH,8884,Oberterzen,47.0863,9.2458,SG
CH,8885,Mols,47.1123,9.2824,SG
CH,8886,Mädris-Vermol,47.0371,9.3462,SG
CH,8887,Mels,47.0327,9.4166,SG
CH,8888,Heiligkreuz (Mels),47.0684,9.4085,SG
CH,8889,Plons,47.0618,9.3833,SG
CH,8890,Flums,47.0935,9.3416,SG
CH,8892,Berschis,47.1136,9.3721,SG
CH,8893,Flums Hochwiese,47.0837,9.3781,SG
CH,8894,Flumserberg Saxli,47.0597,9.3302,SG
CH,8895,Flumserberg Portels,47.0712,9.3208,SG
CH,8896,Flumserberg Bergheim,47.0925,9.309,SG
CH,8897,Flumserberg Tannenheim,47.046,9.266,SG
CH,8898,Flumserberg Tannenbodenalp,47.0805,9.2683,SG
CH,8638,Goldingen,47.2847,8.9739,SG
CH,8640,Rapperswil SG|Hurden,47.2189,8.8107,SG
CH,8645,Jona,47.232,8.84,SG
CH,8646,Wagen,47.2321,8.8862,SG
CH,8715,Bollingen,47.2199,8.8909,SG
CH,8716,Schmerikon,47.2245,8.9419,SG
CH,8717,Benken SG,47.1924,8.9958,SG
CH,8718,Schänis,47.1604,9.0585,SG
CH,8722,Kaltbrunn,47.2096,9.0494,SG
CH,8723,Maseltrangen|Rufi,47.1899,9.0663,SG
CH,8725,Ernetschwil|Gebertingen,47.2485,9.0019,SG
CH,8726,Ricken SG,47.2594,9.0491,SG
CH,8727,Walde SG,47.2743,9.0227,SG
CH,8730,Uznach,47.2256,8.9811,SG
CH,8732,Neuhaus SG,47.2418,8.9447,SG
CH,8733,Eschenbach SG,47.245,8.922,SG
CH,8734,Ermenswil,47.247,8.8897,SG
CH,8735,Rüeterswil|St. Gallenkappel,47.26,8.9832,SG
CH,8737,Gommiswald,47.2315,9.0203,SG
CH,8738,Uetliburg SG,47.2412,9.046,SG
CH,8739,Rieden SG,47.2258,9.0772,SG
CH,8740,Uznach Vögele AG|Uznach Vögele Versandhaus,47.2265,8.9813,SG
CH,8866,Ziegelbrücke,47.136,9.0625,SG
CH,8872,Weesen,47.1372,9.1115,SG
CH,8873,Amden,47.1599,9.1679,SG
CH,9114,Hoffeld,47.3559,9.1726,SG
CH,9115,Dicken,47.3366,9.1932,SG
CH,9122,Ebersol|Mogelsberg,47.3509,9.1473,SG
CH,9123,Nassen,47.3793,9.1493,SG
CH,9125,Brunnadern,47.324,9.1417,SG
CH,9126,Necker,47.3462,9.1279,SG
CH,9127,St. Peterzell,47.3212,9.1793,SG
CH,9500,Wil SG,47.4622,9.0517,SG
CH,9533,Kirchberg SG|Dietschwil,47.4218,9.0229,SG
CH,9534,Gähwil,47.3939,8.9982,SG
CH,9601,Lütisburg Station,47.3814,9.0669,SG
CH,9602,Müselbach|Bazenheid,47.4005,9.053,SG
CH,9604,Unterrindal|Lütisburg|Oberrindal,47.4033,9.1085,SG
CH,9606,Bütschwil,47.3563,9.0691,SG
CH,9607,Mosnang,47.3592,9.0387,SG
CH,9608,Ganterschwil,47.3743,9.0965,SG
CH,9612,Dreien,47.3552,9.0047,SG
CH,9613,Mühlrüti,47.3672,8.9784,SG
CH,9614,Libingen,47.3228,9.0173,SG
CH,9615,Dietfurt,47.3365,9.0677,SG
CH,9620,Lichtensteig,47.3187,9.0877,SG
CH,9621,Oberhelfenschwil,47.3483,9.1066,SG
CH,9622,Krinau,47.3178,9.0521,SG
CH,9630,Wattwil,47.2939,9.0881,SG
CH,9631,Ulisbach,47.2851,9.1173,SG
CH,9633,Hemberg|Bächli (Hemberg),47.2948,9.1886,SG
CH,9642,Ebnat-Kappel,47.245,9.1299,SG
CH,9643,Krummenau,47.258,9.1869,SG
CH,9650,Nesslau,47.2123,9.1831,SG
CH,9651,Ennetbühl,47.2455,9.2592,SG
CH,9652,Neu St. Johann,47.242,9.1901,SG
CH,9655,Stein SG,47.2017,9.2298,SG
CH,9656,Alt St. Johann,47.1773,9.2647,SG
CH,9657,Unterwasser,47.1964,9.3065,SG
CH,9658,Wildhaus,47.2165,9.3527,SG
CH,9113,Degersheim,47.3734,9.1981,SG
CH,9116,Wolfertswil,47.3957,9.1692,SG
CH,9203,Niederwil SG,47.4323,9.2016,SG
CH,9230,Flawil 2 Botsberg|Flawil|Flawil 1,47.4064,9.195,SG
CH,9231,Egg (Flawil),47.3943,9.2222,SG
CH,9240,Niederglatt SG|Uzwil,47.4318,9.1493,SG
CH,9242,Oberuzwil,47.4292,9.1217,SG
CH,9243,Jonschwil,47.423,9.0951,SG
CH,9244,Niederuzwil,47.4463,9.1427,SG
CH,9245,Sonnental|Oberbüren,47.4544,9.1512,SG
CH,9246,Niederbüren,47.4625,9.2147,SG
CH,9247,Henau,47.4557,9.114,SG
CH,9248,Bichwil,47.4157,9.1376,SG
CH,9249,Oberstetten|Niederstetten|Algetshausen,47.4481,9.0946,SG
CH,9501,Wil SG 1,47.4757,9.0518,SG
CH,9512,Rossrüti,47.4817,9.0721,SG
CH,9523,Züberwangen,47.4652,9.0888,SG
CH,9524,Zuzwil SG,47.475,9.1112,SG
CH,9525,Lenggenwil,47.4713,9.1422,SG
CH,9526,Zuckenriet,47.4868,9.1641,SG
CH,9527,Niederhelfenschwil,47.4786,9.1855,SG
CH,9532,Rickenbach b. Wil,47.4457,9.0487,SG
CH,9536,Schwarzenbach SG,47.4406,9.0728,SG
CH,9552,Bronschhofen,47.481,9.0301,SG
CH,8213,Neunkirch,47.682,8.5118,SH
CH,8214,Gächlingen,47.7111,8.4965,SH
CH,8224,Löhningen,47.7035,8.5465,SH
CH,8234,Stetten SH,47.7384,8.6582,SH
CH,8235,Lohn SH,47.7558,8.6704,SH
CH,8236,Büttenhardt|Opfertshofen SH,47.7629,8.6518,SH
CH,8239,Dörflingen,47.7101,8.717,SH
CH,8240,Thayngen,47.7431,8.7062,SH
CH,8241,Barzheim,47.7601,8.7176,SH
CH,8242,Bibern SH|Hofen SH,47.7747,8.678,SH
CH,8243,Altdorf SH,47.7875,8.6568,SH
CH,8200,Schaffhausen,47.7148,8.625,SH
CH,8201,Schaffhausen,47.6973,8.6349,SH
CH,8203,Schaffhausen,47.6992,8.6634,SH
CH,8207,Schaffhausen,47.7228,8.673,SH
CH,8208,Schaffhausen,47.7122,8.6354,SH
CH,8212,Neuhausen am Rheinfall 1|Neuhausen am Rheinfall|Nohl,47.675,8.6025,SH
CH,8222,Beringen,47.7044,8.5769,SH
CH,8223,Guntmadingen,47.6814,8.5572,SH
CH,8231,Hemmental,47.7377,8.578,SH
CH,8232,Merishausen,47.7629,8.5998,SH
CH,8233,Bargen SH,47.7934,8.5919,SH
CH,8454,Buchberg,47.571,8.5526,SH
CH,8455,Rüdlingen,47.5871,8.5669,SH
CH,8225,Siblingen,47.7234,8.5225,SH
CH,8226,Schleitheim,47.7485,8.4948,SH
CH,8228,Beggingen,47.7652,8.5444,SH
CH,8260,Stein am Rhein 1|Stein am Rhein 2 Stadt|Stein am Rhein,47.6664,8.8579,SH
CH,8261,Hemishofen,47.6883,8.841,SH
CH,8262,Ramsen,47.7048,8.8147,SH
CH,8263,Buch SH,47.7158,8.7846,SH
CH,8215,Hallau,47.7005,8.4432,SH
CH,8216,Oberhallau,47.7139,8.4734,SH
CH,8217,Wilchingen,47.665,8.4713,SH
CH,8218,Osterfingen,47.658,8.4971,SH
CH,8219,Trasadingen,47.67,8.4259,SH
CH,4622,Egerkingen,47.3258,7.7964,SO
CH,4623,Neuendorf,47.2971,7.8008,SO
CH,4624,Härkingen,47.3046,7.8214,SO
CH,4625,Oberbuchsiten,47.3122,7.7598,SO
CH,4626,Niederbuchsiten,47.2887,7.7782,SO
CH,4628,Wolfwil,47.2701,7.7982,SO
CH,4702,Oensingen,47.2879,7.7228,SO
CH,4703,Kestenholz,47.2763,7.7533,SO
CH,4710,Balsthal,47.3143,7.7003,SO
CH,4712,Laupersdorf,47.3128,7.6569,SO
CH,4713,Matzendorf,47.302,7.6282,SO
CH,4714,Aedermannsdorf,47.306,7.6,SO
CH,4715,Herbetswil,47.2919,7.5735,SO
CH,4716,Gänsbrunnen|Welschenrohr,47.2707,7.495,SO
CH,4717,Mümliswil,47.3456,7.6844,SO
CH,4718,Holderbank SO,47.3327,7.7513,SO
CH,4719,Ramiswil,47.3463,7.6337,SO
CH,3253,Schnottwil,47.1088,7.3912,SO
CH,3254,Messen|Balm b. Messen,47.0977,7.4421,SO
CH,3307,Brunnenthal,47.0853,7.4664,SO
CH,4571,Lüterkofen|Ichertswil,47.1623,7.5015,SO
CH,4574,Lüsslingen|Nennigkofen,47.1872,7.4953,SO
CH,4576,Tscheppach,47.1484,7.4818,SO
CH,4577,Hessigkofen,47.139,7.4597,SO
CH,4578,Bibern SO,47.1479,7.454,SO
CH,4579,Gossliwil,47.1367,7.4345,SO
CH,4581,Küttigkofen,47.1516,7.513,SO
CH,4582,Brügglen,47.1439,7.4955,SO
CH,4583,Aetigkofen|Mühledorf SO,47.1283,7.4699,SO
CH,4584,Lüterswil|Gächliwil,47.1225,7.443,SO
CH,4585,Biezwil,47.1118,7.4191,SO
CH,4586,Kyburg-Buchegg,47.1423,7.5137,SO
CH,4587,Aetingen,47.1295,7.5009,SO
CH,4588,Unterramsern|Brittern|Oberramsern,47.1178,7.4789,SO
CH,4108,Witterswil,47.4873,7.5261,SO
CH,4112,Flüh|Bättwil|Bättwil-Flüh,47.4888,7.5063,SO
CH,4114,Hofstetten SO,47.4703,7.51,SO
CH,4115,Mariastein,47.4759,7.4844,SO
CH,4116,Metzerlen,47.4637,7.4682,SO
CH,4118,Rodersdorf,47.4846,7.4463,SO
CH,4143,Dornach,47.4766,7.6243,SO
CH,4145,Gempen,47.4784,7.6591,SO
CH,4146,Hochwald,47.4545,7.6396,SO
CH,4206,Seewen SO,47.4263,7.6475,SO
CH,4412,Nuglar,47.4721,7.6887,SO
CH,4413,Büren SO,47.4478,7.6733,SO
CH,4421,St. Pantaleon,47.459,7.689,SO
CH,4468,Kienberg,47.4403,7.9672,SO
CH,4632,Trimbach,47.3687,7.8889,SO
CH,4633,Hauenstein,47.3713,7.8558,SO
CH,4634,Wisen SO,47.3938,7.8936,SO
CH,4652,Winznau,47.3682,7.9288,SO
CH,4653,Obergösgen,47.3642,7.9541,SO
CH,4654,Lostorf,47.3872,7.9349,SO
CH,4655,Rohr b. Olten|Stüsslingen,47.4028,7.9615,SO
CH,5013,Niedergösgen,47.3736,7.984,SO
CH,5015,Erlinsbach SO,47.3983,7.9959,SO
CH,4528,Zuchwil,47.2047,7.5634,SO
CH,4542,Luterbach,47.2175,7.5881,SO
CH,4543,Deitingen,47.2177,7.6223,SO
CH,4552,Derendingen,47.192,7.5897,SO
CH,4553,Subingen,47.2001,7.6237,SO
CH,4554,Hüniken|Etziken,47.1856,7.6408,SO
CH,4556,Aeschi SO|Steinhof SO|Bolken|Burgäschi,47.1752,7.6697,SO
CH,4557,Horriwil,47.1803,7.6256,SO
CH,4558,Hersiwil|Winistorf|Heinrichswil,47.1608,7.6375,SO
CH,4562,Biberist,47.1827,7.5498,SO
CH,4563,Gerlafingen,47.1706,7.5725,SO
CH,4565,Recherswil,47.1598,7.6015,SO
CH,4566,Halten|Kriegstetten|Oekingen,47.1739,7.6063,SO
CH,4573,Lohn-Ammannsegg,47.1724,7.5278,SO
CH,2540,Grenchen 1|Grenchen,47.1972,7.3876,SO
CH,2544,Bettlach,47.2085,7.4189,SO
CH,2545,Selzach,47.2175,7.4481,SO
CH,4512,Bellach,47.211,7.4947,SO
CH,4513,Langendorf,47.2216,7.5153,SO
CH,4514,Lommiswil,47.2284,7.4679,SO
CH,4515,Oberdorf SO|Weissenstein b. Solothurn,47.2398,7.4918,SO
CH,4522,Rüttenen,47.2408,7.5317,SO
CH,4523,Niederwil SO,47.247,7.569,SO
CH,4524,Oberbalmberg|Günsberg|Balmberg,47.2652,7.5549,SO
CH,4525,Balm b. Günsberg,47.2582,7.5432,SO
CH,4532,Feldbrunnen,47.2249,7.5521,SO
CH,4533,Riedholz,47.2319,7.5701,SO
CH,4534,Flumenthal,47.2351,7.6007,SO
CH,4535,Kammersrohr|Hubersdorf,47.2508,7.5905,SO
CH,4600,Olten,47.3458,7.9009,SO
CH,4601,Olten 1 Fächer,47.3448,7.9001,SO
CH,4605,Olten,47.35,7.9033,SO
CH,4609,Olten Sonderdienste|Olten,47.3448,7.9001,SO
CH,4612,Wangen b. Olten,47.3421,7.8717,SO
CH,4613,Rickenbach SO,47.3426,7.8552,SO
CH,4614,Hägendorf,47.3446,7.8264,SO
CH,4615,Allerheiligenberg,47.3523,7.8149,SO
CH,4616,Kappel SO,47.321,7.8573,SO
CH,4617,Gunzgen,47.3121,7.8355,SO
CH,4618,Boningen,47.3036,7.8543,SO
CH,4629,Fulenbach,47.2808,7.8327,SO
CH,4656,Starrkirch-Wil,47.3419,7.927,SO
CH,4657,Dulliken,47.3473,7.9454,SO
CH,4658,Däniken SO,47.3488,7.9777,SO
CH,5012,Wöschnau|Schönenwerd|Eppenberg,47.3772,8.0195,SO
CH,5014,Gretzenbach,47.3541,7.9996,SO
CH,5746,Walterswil SO,47.3305,7.9632,SO
CH,4500,Solothurn,47.2062,7.5295,SO
CH,4501,Solothurn,47.2084,7.5301,SO
CH,4502,Solothurn,47.2079,7.5371,SO
CH,4503,Solothurn,47.2079,7.5371,SO
CH,4509,Solothurn,47.2079,7.5371,SO
CH,4204,Himmelried,47.423,7.5939,SO
CH,4208,Nunningen,47.3977,7.6166,SO
CH,4226,Breitenbach,47.4061,7.5512,SO
CH,4227,Büsserach,47.3897,7.5447,SO
CH,4228,Erschwil,47.3716,7.5445,SO
CH,4229,Beinwil SO,47.3578,7.5951,SO
CH,4232,Fehren,47.4027,7.5786,SO
CH,4233,Meltingen,47.3795,7.5884,SO
CH,4234,Zullwil,47.388,7.6036,SO
CH,4245,Kleinlützel,47.4266,7.4179,SO
CH,4247,Grindel,47.3797,7.5073,SO
CH,4252,Bärschwil Dorf|Bärschwil,47.385,7.4658,SO
CH,8836,Bennau,47.1506,8.7145,SZ
CH,8840,Einsiedeln|Trachslau,47.1174,8.7357,SZ
CH,8841,Gross,47.0969,8.7628,SZ
CH,8844,Euthal,47.0903,8.8293,SZ
CH,8846,Willerzell,47.1299,8.8105,SZ
CH,8847,Egg SZ,47.161,8.7773,SZ
CH,6410,Rigi Scheidegg|Rigi Staffel|Goldau|Rigi Kulm|Rigi Klösterli,47.0437,8.506,SZ
CH,6442,Gersau,46.9977,8.5198,SZ
CH,8806,Bäch SZ,47.2043,8.7308,SZ
CH,8807,Freienbach,47.207,8.7571,SZ
CH,8808,Pfäffikon SZ,47.1976,8.7832,SZ
CH,8832,Wilen b. Wollerau|Wollerau,47.1924,8.715,SZ
CH,8834,Schindellegi,47.1736,8.711,SZ
CH,8835,Feusisberg,47.1812,8.7516,SZ
CH,6402,Merlischachen,47.0704,8.4065,SZ
CH,6403,Küssnacht am Rigi,47.0789,8.4457,SZ
CH,6405,Immensee,47.094,8.4748,SZ
CH,8852,Altendorf,47.1765,8.8278,SZ
CH,8853,Lachen SZ,47.197,8.8542,SZ
CH,8854,Galgenen|Siebnen,47.1579,8.8954,SZ
CH,8855,Wangen SZ,47.1988,8.8911,SZ
CH,8856,Tuggen,47.2014,8.9385,SZ
CH,8857,Vorderthal,47.1263,8.8893,SZ
CH,8858,Innerthal,47.0756,8.9172,SZ
CH,8862,Schübelbach,47.1746,8.9271,SZ
CH,8863,Buttikon SZ,47.1674,8.9471,SZ
CH,8864,Reichenburg,47.161,8.9733,SZ
CH,6414,Oberarth,47.0543,8.5335,SZ
CH,6415,Arth,47.0749,8.5245,SZ
CH,6416,Steinerberg,47.0674,8.5808,SZ
CH,6417,Sattel,47.08,8.6312,SZ
CH,6418,Rothenthurm,47.1019,8.6804,SZ
CH,6422,Steinen,47.0517,8.6095,SZ
CH,6423,Seewen SZ,47.0328,8.6281,SZ
CH,6424,Lauerz,47.0248,8.5805,SZ
CH,6430,Schwyz,47.0346,8.6667,SZ
CH,6431,Schwyz,47.0208,8.6541,SZ
CH,6432,Rickenbach b. Schwyz,47.011,8.6928,SZ
CH,6433,Stoos SZ,46.97,8.6717,SZ
CH,6434,Illgau,46.9965,8.7399,SZ
CH,6436,Muotathal|Bisisthal|Ried (Muotathal),46.9584,8.7957,SZ
CH,6438,Ibach,47.0025,8.6469,SZ
CH,6440,Brunnen,47.0009,8.5956,SZ
CH,6443,Morschach,46.9748,8.621,SZ
CH,6452,Riemenstalden|Sisikon,46.9395,8.6561,SZ
CH,8842,Unteriberg,47.0415,8.8079,SZ
CH,8843,Oberiberg,47.0308,8.7617,SZ
CH,8845,Studen SZ,47.0436,8.8589,SZ
CH,8849,Alpthal,47.0578,8.7145,SZ
CH,8580,Biessenhofen|Amriswil|Sommeri|Hefenhofen|Hagenwil b. Amriswil,47.5497,9.292,TG
CH,8581,Schocherswil,47.5361,9.2644,TG
CH,8582,Dozwil,47.5761,9.3191,TG
CH,8587,Oberaach,47.5597,9.2726,TG
CH,8590,Romanshorn,47.5805,9.3897,TG
CH,8592,Uttwil,47.5994,9.3554,TG
CH,8593,Kesswil,47.6029,9.3264,TG
CH,8599,Salmsach,47.5544,9.3736,TG
CH,9306,Freidorf TG,47.4854,9.3858,TG
CH,9314,Steinebrunn,47.5338,9.3438,TG
CH,9315,Winden|Neukirch (Egnach),47.518,9.3647,TG
CH,9320,Arbon|Frasnacht|Stachen,47.5288,9.4324,TG
CH,9322,Egnach,47.5529,9.4079,TG
CH,9325,Roggwil TG,47.5057,9.3928,TG
CH,9326,Horn,47.5159,9.4839,TG
CH,8252,Schlatt TG,47.6672,8.6989,TG
CH,8253,Diessenhofen|Willisdorf,47.6805,8.7419,TG
CH,8254,Basadingen,47.6607,8.7403,TG
CH,8255,Schlattingen,47.6605,8.7691,TG
CH,8259,Rheinklingen|Kaltenbach|Etzwilen|Wagenhausen,47.6592,8.8268,TG
CH,8264,Eschenz,47.6365,8.8756,TG
CH,8265,Mammern,47.6467,8.9214,TG
CH,8266,Steckborn,47.6604,8.9866,TG
CH,8267,Berlingen,47.6733,9.0259,TG
CH,8500,Gerlikon|Frauenfeld,47.5476,8.8889,TG
CH,8501,Frauenfeld,47.5578,8.8989,TG
CH,8502,Frauenfeld,47.558,8.8964,TG
CH,8503,Frauenfeld,47.558,8.8964,TG
CH,8505,Pfyn|Dettighofen,47.6085,8.9536,TG
CH,8506,Lanzenneunforn,47.6239,8.9336,TG
CH,8507,Hörhausen,47.6416,8.9714,TG
CH,8508,Homburg,47.6292,8.9995,TG
CH,8509,Frauenfeld,47.5578,8.8989,TG
CH,8510,Frauenfeld|Frauenfeld Kant. Verwaltung,47.558,8.8964,TG
CH,8512,Lustdorf|Thundorf|Wetzikon TG,47.5468,8.9835,TG
CH,8524,Uesslingen|Buch b. Frauenfeld,47.5897,8.8309,TG
CH,8525,Wilen b. Neunforn|Niederneunforn,47.5979,8.7876,TG
CH,8526,Oberneunforn,47.6083,8.7627,TG
CH,8532,Weiningen TG|Warth,47.5881,8.884,TG
CH,8535,Herdern,47.6105,8.9102,TG
CH,8536,Hüttwilen,47.6109,8.8696,TG
CH,8537,Nussbaumen TG|Uerschhausen,47.6165,8.8234,TG
CH,8546,Islikon|Kefikon TG|Menzengrüt,47.5508,8.8321,TG
CH,8547,Gachnang,47.5381,8.8552,TG
CH,8552,Felben-Wellhausen,47.577,8.94,TG
CH,8553,Eschikofen|Harenwilen|Mettendorf TG|Hüttlingen,47.5762,8.9892,TG
CH,8555,Müllheim Dorf,47.6028,9.0037,TG
CH,9507,Stettfurt,47.525,8.9585,TG
CH,9548,Matzingen,47.5253,8.9285,TG
CH,8268,Salenstein|Mannenbach-Salenstein,47.6693,9.0525,TG
CH,8269,Fruthwilen,47.654,9.0647,TG
CH,8272,Ermatingen,47.6604,9.0861,TG
CH,8273,Triboltingen,47.6599,9.1078,TG
CH,8274,Gottlieben|Tägerwilen,47.6568,9.1289,TG
CH,8280,Kreuzlingen|Kreuzlingen 3|Kreuzlingen 1,47.6404,9.1735,TG
CH,8285,Kreuzlingen Ifolor|Kreuzlingen Ifolor AG,47.6398,9.1727,TG
CH,8558,Raperswilen,47.6367,9.047,TG
CH,8564,Hattenhausen|Gunterswilen|Hefenhausen|Lipperswil|Sonterswil|Engwilen|Wäldi|Wagerswil,47.6219,9.0756,TG
CH,8565,Hugelshofen,47.5953,9.1175,TG
CH,8566,Dotnacht|Neuwilen|Lippoldswilen|Ellighausen,47.6115,9.1315,TG
CH,8573,Alterswilen|Altishausen|Siegershausen,47.6087,9.164,TG
CH,8574,Oberhofen TG|Dettighofen (Lengwil)|Illighausen|Lengwil,47.6164,9.1999,TG
CH,8585,Langrickenbach|Zuben|Herrenhof|Schönenbaumgarten|Birwinken|Klarsreuti|Happerswil|Mattwil,47.591,9.2251,TG
CH,8594,Güttingen,47.6118,9.3003,TG
CH,8595,Altnau,47.6196,9.272,TG
CH,8596,Münsterlingen|Scherzingen,47.6371,9.231,TG
CH,8597,Landschlacht,47.6373,9.258,TG
CH,8598,Bottighofen,47.6403,9.2129,TG
CH,8355,Aadorf,47.492,8.9075,TG
CH,8356,Ettenhausen TG,47.4743,8.8967,TG
CH,8357,Guntershausen b. Aadorf,47.4717,8.9207,TG
CH,8360,Eschlikon TG|Wallenwil,47.4585,8.9609,TG
CH,8362,Balterswil,47.454,8.9368,TG
CH,8363,Bichelsee,47.4462,8.9178,TG
CH,8370,Sirnach,47.4624,8.9983,TG
CH,8371,Busswil TG,47.4533,9.0172,TG
CH,8372,Wiezikon b. Sirnach,47.4466,8.9872,TG
CH,8374,Oberwangen TG|Dussnang,47.4257,8.962,TG
CH,8376,Au TG|Fischingen,47.4027,8.9621,TG
CH,8522,Aawangen|Häuslenen,47.5195,8.9022,TG
CH,9502,Braunau,47.5044,9.0689,TG
CH,9506,Lommis,47.5148,8.9976,TG
CH,9508,Weingarten-Kalthäusern,47.5253,8.9872,TG
CH,9535,Wilen b. Wil,47.4471,9.0321,TG
CH,9542,Münchwilen TG,47.4794,8.991,TG
CH,9543,St. Margarethen TG,47.4906,9.0028,TG
CH,9545,Wängi,47.4988,8.9618,TG
CH,9546,Tuttwil,47.4808,8.9482,TG
CH,9547,Wittenwil,47.5033,8.9227,TG
CH,9553,Bettwiesen,47.4977,9.0187,TG
CH,9554,Tägerschen,47.5062,9.0279,TG
CH,9555,Tobel,47.5167,9.0442,TG
CH,9573,Littenheid,47.4414,9.0079,TG
CH,8514,Amlikon-Bissegg,47.5588,9.0353,TG
CH,8554,Müllheim-Wigoltingen|Bonau,47.5864,9.0244,TG
CH,8556,Wigoltingen|Lamperswil TG|Engwang|Illhart,47.6069,9.0393,TG
CH,8560,Märstetten,47.5913,9.068,TG
CH,8561,Ottoberg,47.59,9.09,TG
CH,8570,Weinfelden,47.5698,9.1122,TG
CH,8572,Berg TG|Graltshausen|Guntershausen b. Berg|Andhausen,47.5823,9.1767,TG
CH,8575,Istighofen|Bürglen TG,47.5449,9.1484,TG
CH,8576,Mauren TG,47.5658,9.1541,TG
CH,8577,Schönholzerswilen,47.5151,9.1331,TG
CH,8583,Götighofen|Sulgen|Donzhausen,47.5434,9.1989,TG
CH,8584,Leimbach TG|Opfershofen TG,47.5621,9.1818,TG
CH,8586,Erlen|Engishofen|Kümmertshausen|Ennetaach|Andwil TG|Riedt b. Erlen|Buch b. Kümmertshausen|Buchackern,47.5551,9.2313,TG
CH,8588,Zihlschlacht,47.521,9.2614,TG
CH,8589,Sitterdorf,47.5071,9.2488,TG
CH,9213,Hauptwil,47.4823,9.2558,TG
CH,9214,Kradolf,47.5265,9.1984,TG
CH,9215,Buhwil|Schönenberg an der Thur,47.522,9.1814,TG
CH,9216,Hohentannen|Heldswil,47.5172,9.2249,TG
CH,9217,Neukirch an der Thur,47.5097,9.1729,TG
CH,9220,Bischofszell,47.497,9.2568,TG
CH,9223,Schweizersholz|Halden,47.5021,9.2014,TG
CH,9225,St. Pelagiberg|Wilen (Gottshaus),47.4895,9.2912,TG
CH,9503,Stehrenberg|Lanterswil,47.52,9.0939,TG
CH,9504,Friltschen,47.5353,9.0894,TG
CH,9514,Wuppenau,47.4972,9.1058,TG
CH,9515,Hosenruck,47.4916,9.1372,TG
CH,9517,Mettlen,47.5341,9.1195,TG
CH,9556,Zezikon|Affeltrangen,47.5312,9.0238,TG
CH,9562,Märwil|Buch b. Märwil,47.5336,9.0624,TG
CH,9565,Bussnang|Oberbussnang|Schmidshof|Rothenhausen|Oppikon,47.5487,9.0785,TG
CH,6500,Bellinzona 2|Bellinzona|Bellinzona 4|Bellinzona VZ|Bellinzona 5,46.1984,9.0253,TI
CH,6501,Bellinzona,46.1928,9.017,TI
CH,6503,Bellinzona,46.2109,9.0017,TI
CH,6512,Giubiasco,46.1733,9.0046,TI
CH,6513,Monte Carasso,46.2048,8.9744,TI
CH,6514,Sementina,46.1901,8.9702,TI
CH,6515,Gudo,46.1818,8.9452,TI
CH,6517,Arbedo,46.1987,9.086,TI
CH,6518,Gorduno,46.2253,8.9954,TI
CH,6523,Preonzo,46.2489,8.9667,TI
CH,6524,Moleno,46.2662,8.9684,TI
CH,6525,Gnosca,46.2382,9.0038,TI
CH,6528,Camorino,46.1577,9.0119,TI
CH,6532,Castione,46.23,9.0433,TI
CH,6533,Lumino,46.2384,9.0681,TI
CH,6582,Pianezzo,46.1611,9.0487,TI
CH,6583,S. Antonio (Val Morobbia),46.1683,9.0699,TI
CH,6584,Carena,46.1556,9.1077,TI
CH,6592,S. Antonino,46.1554,8.973,TI
CH,6593,Cadenazzo,46.1507,8.9495,TI
CH,6599,Robasacco,46.1384,8.9497,TI
CH,6702,Claro,46.2659,9.0372,TI
CH,6809,Medeglia,46.1285,8.9892,TI
CH,6810,Isone,46.1335,9.0144,TI
CH,6713,Malvaglia,46.4349,9.0386,TI
CH,6714,Semione,46.4019,8.954,TI
CH,6715,Dongio,46.4525,8.9717,TI
CH,6716,Acquarossa|Lottigna|Leontica,46.4578,8.9322,TI
CH,6717,Dangio|Torre,46.4893,8.9644,TI
CH,6718,Olivone|Camperio,46.5259,8.8933,TI
CH,6719,Aquila,46.5406,8.9881,TI
CH,6720,Campo (Blenio)|Ghirone,46.5752,8.9167,TI
CH,6721,Motto (Blenio)|Ludiano,46.4303,8.9652,TI
CH,6722,Corzoneso,46.4364,8.9256,TI
CH,6723,Marolta|Castro|Prugiasco,46.4733,8.9133,TI
CH,6724,Ponto Valentino|Largario,46.4916,8.9187,TI
CH,6742,Pollegio,46.3709,8.9456,TI
CH,6743,Bodio TI,46.386,8.9205,TI
CH,6744,Personico,46.3463,8.894,TI
CH,6745,Giornico,46.3892,8.8624,TI
CH,6746,Nivo|Lavorgo|Calonico,46.4442,8.8432,TI
CH,6747,Chironico,46.4233,8.7932,TI
CH,6748,Anzonico,46.4412,8.8679,TI
CH,6749,Sobrio|Cavagnago,46.4109,8.8978,TI
CH,6760,Molare|Faido|Campello|Rossura|Carì|Calpiogna,46.4881,8.8227,TI
CH,6763,Osco|Mairengo,46.5035,8.7826,TI
CH,6764,Chiggiogna,46.4613,8.824,TI
CH,6772,Rodi-Fiesso,46.481,8.7221,TI
CH,6773,Prato (Leventina),46.4714,8.7458,TI
CH,6774,Dalpe,46.4572,8.7621,TI
CH,6775,Ambrì,46.4956,8.6951,TI
CH,6776,Piotta,46.5375,8.7113,TI
CH,6777,Varenzo|Quinto,46.5093,8.7277,TI
CH,6780,Airolo|Madrano,46.5346,8.6149,TI
CH,6781,Villa Bedretto|Bedretto,46.5055,8.4974,TI
CH,6516,Cugnasco,46.1955,8.9135,TI
CH,6571,Indemini,46.0954,8.8421,TI
CH,6572,Quartino,46.1521,8.8971,TI
CH,6573,Magadino,46.144,8.8713,TI
CH,6574,Vira (Gambarogno),46.1307,8.8563,TI
CH,6575,Vairano|S. Nazzaro,46.1285,8.8091,TI
CH,6576,Gerra (Gambarogno),46.122,8.7889,TI
CH,6577,Ranzo,46.1152,8.7762,TI
CH,6578,Caviano,46.1061,8.7703,TI
CH,6579,Piazzogna,46.1303,8.831,TI
CH,6594,Contone,46.1522,8.9232,TI
CH,6595,Riazzino,46.1696,8.8953,TI
CH,6596,Gordola,46.175,8.8649,TI
CH,6597,Agarone,46.1799,8.908,TI
CH,6598,Tenero,46.1713,8.8461,TI
CH,6600,Locarno|Muralto|Solduno,46.1672,8.7954,TI
CH,6601,Locarno,46.1709,8.7995,TI
CH,6602,Muralto,46.1732,8.8022,TI
CH,6604,Locarno,46.1709,8.7995,TI
CH,6605,Locarno,46.1847,8.7788,TI
CH,6611,Gresso|Mosogno|Crana,46.2106,8.6173,TI
CH,6612,Ascona,46.1477,8.772,TI
CH,6613,Porto Ronco,46.1353,8.736,TI
CH,6614,Brissago|Isole di Brissago,46.1283,8.7145,TI
CH,6616,Losone,46.1692,8.742,TI
CH,6618,Arcegno,46.1605,8.7403,TI
CH,6622,Ronco sopra Ascona,46.1478,8.7196,TI
CH,6631,Corippo,46.2357,8.8239,TI
CH,6632,Vogorno,46.2246,8.8845,TI
CH,6633,Lavertezzo,46.2753,8.8632,TI
CH,6634,Brione (Verzasca),46.3017,8.7577,TI
CH,6635,Gerra (Verzasca),46.3175,8.8065,TI
CH,6636,Frasco,46.3542,8.8188,TI
CH,6637,Sonogno,46.3648,8.7574,TI
CH,6644,Orselina,46.183,8.7953,TI
CH,6645,Brione sopra Minusio,46.1944,8.8107,TI
CH,6646,Contra,46.1922,8.8385,TI
CH,6647,Mergoscia,46.2143,8.8265,TI
CH,6648,Minusio,46.1733,8.8244,TI
CH,6652,Tegna,46.1908,8.7458,TI
CH,6653,Verscio,46.1931,8.728,TI
CH,6654,Cavigliano,46.1905,8.7089,TI
CH,6655,Intragna|Verdasio|Rasa,46.1662,8.6625,TI
CH,6656,Golino,46.1785,8.7132,TI
CH,6657,Palagnedra,46.1422,8.6463,TI
CH,6658,Borgnone,46.1704,8.6008,TI
CH,6659,Camedo|Moneto,46.1467,8.614,TI
CH,6661,Berzona|Auressio|Loco,46.208,8.6749,TI
CH,6662,Russo,46.2164,8.6265,TI
CH,6663,Spruga|Comologno,46.2045,8.5676,TI
CH,6664,Vergeletto,46.241,8.5425,TI
CH,6802,Rivera,46.1239,8.9045,TI
CH,6803,Camignolo,46.105,8.9506,TI
CH,6804,Bironico,46.1259,8.9332,TI
CH,6805,Mezzovico,46.096,8.9082,TI
CH,6806,Sigirino,46.0852,8.9,TI
CH,6807,Taverne,46.063,8.9306,TI
CH,6808,Torricella,46.07,8.9064,TI
CH,6814,Cadempino|Lamone|Lamone-Cadempino,46.0377,8.9331,TI
CH,6815,Melide,45.9564,8.9488,TI
CH,6816,Bissone,45.951,8.9655,TI
CH,6817,Maroggia,45.9365,8.9711,TI
CH,6818,Melano,45.9209,8.9911,TI
CH,6821,Rovio,45.9356,9.0003,TI
CH,6822,Arogno,45.9571,8.9929,TI
CH,6823,Pugerna,45.9902,8.9987,TI
CH,6825,Capolago,45.9043,8.9845,TI
CH,6827,Brusino Arsizio,45.9254,8.9376,TI
CH,6867,Serpiano,45.9163,8.9419,TI
CH,6900,Massagno|Paradiso|Lugano,46.0024,8.9511,TI
CH,6901,Lugano,46.0101,8.96,TI
CH,6902,Lugano 2 Paradiso Caselle|Lugano 2 Caselle,45.988,8.9483,TI
CH,6903,Lugano,46.0101,8.96,TI
CH,6904,Lugano 4 Caselle|Lugano 4 Molino Nuovo Casel,46.0055,8.9714,TI
CH,6906,Lugano 6 Cassarate Caselle|Lugano 6 Caselle,46.0055,8.9714,TI
CH,6907,Lugano 7 Caselle,46.0055,8.9714,TI
CH,6908,Massagno Caselle,46.0126,8.9437,TI
CH,6912,Pazzallo,45.981,8.9473,TI
CH,6913,Carabbia,45.9704,8.9344,TI
CH,6914,Carona,45.9567,8.9322,TI
CH,6915,Pambio-Noranco,45.9855,8.9307,TI
CH,6916,Grancia,45.9684,8.9276,TI
CH,6917,Barbengo,45.9604,8.916,TI
CH,6918,Figino,45.9557,8.9077,TI
CH,6919,Carabietta,45.9687,8.8996,TI
CH,6921,Vico Morcote,45.9347,8.9252,TI
CH,6922,Morcote,45.9324,8.9082,TI
CH,6924,Sorengo,45.9998,8.9355,TI
CH,6925,Gentilino,45.9917,8.9261,TI
CH,6926,Montagnola,45.9794,8.9143,TI
CH,6927,Agra,45.9682,8.9116,TI
CH,6928,Manno,46.0308,8.9194,TI
CH,6929,Gravesano,46.0421,8.9187,TI
CH,6930,Bedano,46.0531,8.9181,TI
CH,6932,Breganzona,46.009,8.9274,TI
CH,6933,Muzzano,45.9971,8.917,TI
CH,6934,Bioggio,46.0151,8.9127,TI
CH,6935,Bosco Luganese,46.0301,8.9055,TI
CH,6936,Cademario,46.0226,8.8918,TI
CH,6937,Breno,46.0436,8.8587,TI
CH,6938,Fescoggia|Vezio,46.055,8.8711,TI
CH,6939,Arosio|Arosio-Mugena|Mugena,46.0569,8.884,TI
CH,6942,Savosa,46.0193,8.9447,TI
CH,6943,Vezia,46.0248,8.935,TI
CH,6944,Cureglia,46.0375,8.9441,TI
CH,6945,Origlio,46.0514,8.9448,TI
CH,6946,Ponte Capriasca,46.106,9.0219,TI
CH,6947,Vaglio,46.0557,8.96,TI
CH,6948,Porza,46.027,8.9532,TI
CH,6949,Comano,46.04,8.9567,TI
CH,6950,Tesserete,46.0699,8.9682,TI
CH,6951,Insone|Cozzo|Bogno|Signôra|Scareglia|Colla,46.0975,9.0516,TI
CH,6952,Canobbio,46.0365,8.9676,TI
CH,6953,Lugaggia,46.0562,8.9707,TI
CH,6954,Bigorio|Sala Capriasca,46.0732,8.952,TI
CH,6955,Oggio|Cagiallo,46.0695,8.9831,TI
CH,6956,Lopagno,46.0699,8.978,TI
CH,6957,Roveredo TI,46.0746,8.9827,TI
CH,6958,Corticiasca|Bidogno,46.0898,9.0141,TI
CH,6959,Piandera Paese|Certara|Maglio di Colla|Cimadera|Curtina,46.081,9.0447,TI
CH,6960,Odogno,46.1026,8.9923,TI
CH,6962,Viganello,46.0129,8.9706,TI
CH,6963,Cureggia|Pregassona,46.0213,8.9806,TI
CH,6964,Davesco-Soragno,46.0325,8.9862,TI
CH,6965,Cadro,46.0423,8.9945,TI
CH,6966,Villa Luganese,46.0521,9.0053,TI
CH,6967,Dino,46.054,8.9802,TI
CH,6968,Sonvico,46.0651,9.0144,TI
CH,6974,Aldesago,46.0094,8.9798,TI
CH,6976,Castagnola,45.9991,8.9815,TI
CH,6977,Ruvigliana,46.0053,8.98,TI
CH,6978,Gandria,46.0056,9.0028,TI
CH,6979,Brè sopra Lugano,46.0115,8.9967,TI
CH,6980,Castelrotto,45.9954,8.839,TI
CH,6981,Bedigliora|Banco|Beride di Bedigliora|Biogno-Beride|Bombinasco,46.0035,8.8398,TI
CH,6982,Agno,46.0005,8.9028,TI
CH,6983,Magliaso,45.982,8.8914,TI
CH,6984,Pura,45.9833,8.8652,TI
CH,6986,Miglieglia|Novaggio|Curio,46.0169,8.8522,TI
CH,6987,Caslano,45.9681,8.8804,TI
CH,6988,Ponte Tresa,45.9707,8.8593,TI
CH,6989,Purasca,45.9814,8.8493,TI
CH,6990,Cassina d'Agno,45.9914,8.8933,TI
CH,6991,Neggio,45.9895,8.8779,TI
CH,6992,Cimo|Vernate,46.0006,8.8856,TI
CH,6993,Iseo,46.0053,8.8786,TI
CH,6994,Aranno,46.0185,8.874,TI
CH,6995,Madonna del Piano|Molinazzo di Monteggio,45.9908,8.8257,TI
CH,6997,Sessa,46.0032,8.8156,TI
CH,6998,Termine|Monteggio|Monteggio 2,45.9926,8.8157,TI
CH,6999,Astano,46.0153,8.8163,TI
CH,6826,Riva San Vitale,45.9129,8.9645,TI
CH,6828,Balerna,45.8432,9.0077,TI
CH,6830,Chiasso 3|Chiasso 1|Chiasso,45.8305,9.0196,TI
CH,6832,Pedrinate|Seseglio,45.8267,9.0078,TI
CH,6833,Vacallo,45.847,9.0364,TI
CH,6834,Morbio Inferiore,45.8497,9.0215,TI
CH,6835,Morbio Superiore,45.867,9.0397,TI
CH,6836,Serfontana,45.8497,9.0216,TI
CH,6837,Caneggio|Bruzella,45.8817,9.0524,TI
CH,6838,Cabbio|Scudellate|Muggio,45.9118,9.0458,TI
CH,6839,Sagno,45.8612,9.0446,TI
CH,6850,Mendrisio Borgo|Mendrisio|Mendrisio Stazione,45.8824,8.989,TI
CH,6852,Genestrerio,45.8501,8.9573,TI
CH,6853,Ligornetto,45.8631,8.9546,TI
CH,6854,S. Pietro,45.8579,8.9354,TI
CH,6855,Stabio,45.8456,8.9324,TI
CH,6862,Rancate,45.8755,8.9705,TI
CH,6863,Besazio,45.8714,8.9539,TI
CH,6864,Arzo,45.88,8.9399,TI
CH,6865,Tremona,45.8808,8.959,TI
CH,6866,Meride,45.8992,8.9429,TI
CH,6872,Somazzo|Salorino,45.8945,9.0046,TI
CH,6873,Corteglia,45.8621,8.9934,TI
CH,6874,Castel San Pietro,45.8654,9.0085,TI
CH,6875,Campora|Casima|Monte,45.8835,9.0255,TI
CH,6877,Coldrerio,45.854,8.986,TI
CH,6883,Novazzano,45.8428,8.9785,TI
CH,6526,Prosito,46.281,8.9411,TI
CH,6527,Lodrino,46.305,8.9686,TI
CH,6703,Osogna,46.3262,9.0212,TI
CH,6705,Cresciano,46.3027,9.0324,TI
CH,6707,Iragna,46.3248,8.9395,TI
CH,6710,Biasca|Biasca Stazione,46.3631,8.9962,TI
CH,6670,Avegno,46.2037,8.7645,TI
CH,6672,Gordevio,46.2325,8.7665,TI
CH,6673,Maggia,46.2661,8.7331,TI
CH,6674,Riveo|Someo,46.2841,8.6229,TI
CH,6675,Cevio,46.3042,8.5955,TI
CH,6676,Bignasco,46.3422,8.594,TI
CH,6677,Moghegno|Aurigeno,46.2308,8.7022,TI
CH,6678,Coglio|Lodano|Giumaglio,46.2787,8.6824,TI
CH,6682,Linescio,46.3122,8.5768,TI
CH,6683,Niva (Vallemaggia)|Cerentino,46.2931,8.5428,TI
CH,6684,Campo (Vallemaggia)|Cimalmotto,46.2795,8.4872,TI
CH,6685,Bosco/Gurin,46.3203,8.484,TI
CH,6690,S. Carlo (Val Bavona)|Cavergno,46.4005,8.5189,TI
CH,6692,Brontallo|Menzonio,46.3568,8.6374,TI
CH,6693,Broglio,46.3715,8.6747,TI
CH,6694,Prato-Sornico,46.3976,8.6942,TI
CH,6695,Peccia|Piano di Peccia,46.4177,8.6141,TI
CH,6696,Fusio,46.4576,8.6418,TI
CH,6377,Seelisberg,46.9634,8.5748,UR
CH,6441,Rütli,46.9696,8.5983,UR
CH,6454,Flüelen,46.9143,8.6391,UR
CH,6460,Altdorf UR 1|Altdorf UR 2|Altdorf UR,46.8881,8.6411,UR
CH,6461,Isenthal,46.8866,8.5253,UR
CH,6462,Seedorf UR,46.8825,8.5882,UR
CH,6463,Bürglen UR,46.8854,8.6897,UR
CH,6464,Spiringen,46.876,8.7352,UR
CH,6465,Unterschächen,46.8476,8.7868,UR
CH,6466,Bauen,46.9299,8.5819,UR
CH,6467,Schattdorf,46.8565,8.6521,UR
CH,6468,Attinghausen,46.8535,8.5985,UR
CH,6469,Haldi b. Schattdorf,46.8451,8.6862,UR
CH,6472,Erstfeld,46.8124,8.6023,UR
CH,6473,Silenen,46.8042,8.6915,UR
CH,6474,Amsteg,46.7793,8.6544,UR
CH,6475,Bristen,46.7724,8.7632,UR
CH,6476,Intschi,46.7712,8.6323,UR
CH,6482,Gurtnellen,46.7352,8.6205,UR
CH,6484,Wassen UR,46.6974,8.597,UR
CH,6485,Meien,46.7338,8.5119,UR
CH,6487,Göschenen,46.6639,8.4988,UR
CH,6490,Andermatt,46.6205,8.6314,UR
CH,6491,Realp,46.5803,8.4701,UR
CH,6493,Hospental,46.6066,8.5617,UR
CH,8751,Urnerboden,46.8796,8.9019,UR
CH,1844,Villeneuve VD,46.4062,6.9685,VD
CH,1845,Noville,46.3939,6.883,VD
CH,1846,Chessel,46.3534,6.8958,VD
CH,1847,Rennaz,46.3758,6.9184,VD
CH,1852,Roche VD,46.3598,6.9252,VD
CH,1853,Yvorne,46.339,6.9458,VD
CH,1854,Leysin,46.3525,7.0111,VD
CH,1856,Corbeyrier,46.3736,6.9855,VD
CH,1860,Aigle,46.3147,6.9716,VD
CH,1862,Les Mosses|La Comballaz,46.3856,7.0915,VD
CH,1863,Le Sépey,46.3731,7.0478,VD
CH,1864,Vers-l'Eglise,46.3589,7.1178,VD
CH,1865,Les Diablerets,46.3439,7.1757,VD
CH,1866,La Forclaz VD,46.3425,7.0799,VD
CH,1867,Panex|St-Triphon|Ollon VD,46.2962,7.0002,VD
CH,1880,Les Posses-sur-Bex|Bex|Les Plans-sur-Bex|Fenalet-sur-Bex|Frenières-sur-Bex,46.257,7.0551,VD
CH,1882,Gryon,46.2868,7.1252,VD
CH,1884,Huémoz|Arveyes|Villars-sur-Ollon,46.2998,7.0552,VD
CH,1885,Chesières,46.3047,7.0418,VD
CH,1892,Lavey-les-Bains|Lavey-Village|Morcles,46.2082,7.0315,VD
CH,1082,Corcelles-le-Jorat,46.6013,6.7308,VD
CH,1085,Vulliens,46.6227,6.7936,VD
CH,1088,Ropraz,46.6109,6.7537,VD
CH,1509,Vucherens,46.6269,6.7759,VD
CH,1510,Syens|Moudon,46.6574,6.7851,VD
CH,1512,Chavannes-sur-Moudon,46.6597,6.8188,VD
CH,1513,Rossenges|Hermenches,46.6458,6.7648,VD
CH,1514,Bussy-sur-Moudon,46.6904,6.8096,VD
CH,1515,Villars-le-Comte|Neyruz-sur-Moudon,46.7054,6.7947,VD
CH,1521,Curtilles,46.7005,6.8506,VD
CH,1522,Lucens|Oulens-sur-Lucens,46.7084,6.8258,VD
CH,1523,Granges-près-Marnand,46.7672,6.887,VD
CH,1524,Marnand,46.7611,6.9046,VD
CH,1525,Seigneux|Henniez,46.7355,6.8814,VD
CH,1526,Cremin|Forel-sur-Lucens,46.7249,6.8324,VD
CH,1530,Payerne,46.825,6.9299,VD
CH,1535,Combremont-le-Grand,46.765,6.8225,VD
CH,1536,Combremont-le-Petit,46.7461,6.8037,VD
CH,1537,Champtauroz,46.759,6.7863,VD
CH,1538,Treytorrens (Payerne),46.7748,6.8024,VD
CH,1543,Grandcour,46.8724,6.9324,VD
CH,1545,Chevroux,46.902,6.8992,VD
CH,1551,Vers-chez-Perrin,46.798,6.9479,VD
CH,1552,Trey,46.7749,6.9232,VD
CH,1554,Sédeilles|Rossens VD,46.7379,6.9264,VD
CH,1555,Villarzel,46.7438,6.9091,VD
CH,1562,Corcelles-près-Payerne,46.8425,6.9661,VD
CH,1580,Oleyres|Donatyre|Avenches,46.8717,7.0466,VD
CH,1584,Villars-le-Grand,46.9054,6.9986,VD
CH,1585,Cotterd|Bellerive VD|Salavaux,46.9212,7.0285,VD
CH,1586,Vallamand,46.9303,7.0426,VD
CH,1587,Constantine|Montmagny,46.9184,7.009,VD
CH,1588,Cudrefin,46.9597,7.0127,VD
CH,1589,Chabrey,46.942,6.9647,VD
CH,1682,Dompierre VD|Cerniaz VD|Lovatens|Villars-Bramard|Prévonloup,46.7101,6.8863,VD
CH,1683,Brenles|Sarzens|Chesalles-sur-Moudon,46.675,6.8474,VD
CH,1031,Mex VD,46.5771,6.559,VD
CH,1034,Boussens,46.6033,6.586,VD
CH,1035,Bournens,46.6089,6.564,VD
CH,1036,Sullens,46.5912,6.5674,VD
CH,1037,Etagnières,46.6014,6.6085,VD
CH,1038,Bercher,46.6916,6.7063,VD
CH,1040,St-Barthélemy VD|Echallens|Villars-le-Terroir,46.645,6.6267,VD
CH,1041,Poliez-le-Grand|Montaubion-Chardonney|Dommartin|Naz|Bottens|Poliez-Pittet,46.6379,6.6876,VD
CH,1042,Assens|Bioley-Orjulaz|Bettens,46.6204,6.6011,VD
CH,1043,Sugnens,46.6544,6.6729,VD
CH,1044,Fey,46.6729,6.6801,VD
CH,1045,Ogens,46.7093,6.7236,VD
CH,1046,Rueyres,46.6975,6.6939,VD
CH,1047,Oppens,46.7153,6.695,VD
CH,1053,Bretigny-sur-Morrens|Cugy VD,46.5933,6.6512,VD
CH,1054,Morrens VD,46.5923,6.6271,VD
CH,1055,Froideville,46.5982,6.6917,VD
CH,1058,Villars-Tiercelin,46.6199,6.7109,VD
CH,1059,Peney-le-Jorat,46.6301,6.729,VD
CH,1061,Villars-Mendraz,46.6453,6.7268,VD
CH,1062,Sottens,46.6536,6.7399,VD
CH,1063,Boulens|Martherenges|Peyres-Possens|Chapelle-sur-Moudon,46.668,6.7292,VD
CH,1302,Vufflens-la-Ville,46.5754,6.5373,VD
CH,1303,Penthaz,46.5988,6.5414,VD
CH,1305,Penthalaz,46.6128,6.5291,VD
CH,1306,Daillens,46.6286,6.5497,VD
CH,1307,Lussery-Villars,46.6328,6.5255,VD
CH,1375,Penthéréaz,46.6828,6.6065,VD
CH,1376,Eclagnens|Goumoens-le-Jux|Goumoens-la-Ville,46.659,6.597,VD
CH,1377,Oulens-sous-Echallens,46.6467,6.573,VD
CH,1409,Chanéaz,46.7276,6.7445,VD
CH,1416,Pailly,46.6997,6.6735,VD
CH,1417,Essertines-sur-Yverdon|Epautheyres,46.7245,6.6449,VD
CH,1418,Vuarrens,46.6858,6.6459,VD
CH,1148,La Praz|Moiry VD|La Coudre|Villars-Bozon|Cuarnens|Mont-la-Ville|L'Isle|Mauraz|Chavannes-le-Veyron,46.6318,6.4181,VD
CH,1321,Arnex-sur-Orbe,46.69,6.5168,VD
CH,1322,Croy,46.6859,6.4859,VD
CH,1323,Romainmôtier,46.6869,6.4618,VD
CH,1324,Premier,46.7092,6.4419,VD
CH,1325,Vaulion,46.6848,6.3832,VD
CH,1326,Juriens,46.6828,6.4301,VD
CH,1329,Bretonnières,46.7159,6.4704,VD
CH,1337,Vallorbe,46.7078,6.3714,VD
CH,1338,Ballaigues,46.7349,6.4104,VD
CH,1341,L'Orient|Orient,46.5964,6.2485,VD
CH,1342,Le Pont,46.6681,6.3377,VD
CH,1343,Les Charbonnières,46.6785,6.3026,VD
CH,1344,L'Abbaye,46.6405,6.324,VD
CH,1345,Le Lieu|Le Séchey,46.6523,6.2801,VD
CH,1346,Les Bioux,46.615,6.2908,VD
CH,1347,Le Solliat|Le Sentier,46.6183,6.2172,VD
CH,1348,Le Brassus,46.5685,6.1906,VD
CH,1350,Orbe,46.727,6.5431,VD
CH,1352,Agiez,46.7182,6.5077,VD
CH,1353,Bofflens,46.7036,6.4953,VD
CH,1354,Montcherand,46.734,6.5108,VD
CH,1355,Sergey|L'Abergement,46.7529,6.4921,VD
CH,1356,Les Clées|La Russille,46.7344,6.4751,VD
CH,1357,Lignerolle,46.7498,6.4488,VD
CH,1358,Valeyres-sous-Rances,46.7482,6.5354,VD
CH,1372,Bavois,46.6793,6.566,VD
CH,1373,Chavornay,46.705,6.5684,VD
CH,1374,Corcelles-sur-Chavornay,46.7027,6.6046,VD
CH,1400,Cheseaux-Noréaz|Yverdon-les-Bains|Yverdon 2,46.7825,6.6545,VD
CH,1401,Yverdon-les-Bains,46.7785,6.6411,VD
CH,1404,Villars-Epeney|Cuarny,46.777,6.6955,VD
CH,1405,Pomy,46.7583,6.6692,VD
CH,1406,Cronay,46.7568,6.7029,VD
CH,1407,Mézery-près-Donneloye|Gossens|Bioley-Magnoux|Donneloye,46.7429,6.716,VD
CH,1408,Prahins,46.7365,6.733,VD
CH,1412,Ursins|Valeyres-sous-Ursins,46.7399,6.6613,VD
CH,1413,Orzens,46.7263,6.683,VD
CH,1415,Molondin|Démoret,46.7555,6.7528,VD
CH,1420,Fiez,46.8272,6.6266,VD
CH,1421,Grandevent|Fontaines-sur-Grandson,46.838,6.6121,VD
CH,1422,Grandson,46.8122,6.6529,VD
CH,1423,Vaugondry|Fontanezier|Romairon|Villars-Burquin,46.8517,6.6406,VD
CH,1424,Champagne,46.8358,6.6516,VD
CH,1425,Onnens VD,46.8429,6.6899,VD
CH,1426,Corcelles-près-Concise|Concise,46.8492,6.7235,VD
CH,1427,Bonvillars,46.8376,6.6746,VD
CH,1428,Mutrux|Provence,46.8866,6.7089,VD
CH,1429,Giez,46.8145,6.6098,VD
CH,1430,Orges,46.8122,6.5831,VD
CH,1431,Vugelles-La Mothe|Novalles,46.8285,6.5831,VD
CH,1432,Belmont-sur-Yverdon|Gressy,46.7452,6.632,VD
CH,1433,Suchy,46.7213,6.6051,VD
CH,1434,Ependes VD,46.7448,6.6027,VD
CH,1435,Essert-Pittet,46.7288,6.5789,VD
CH,1436,Treycovagnes|Chamblon,46.7737,6.6027,VD
CH,1437,Suscévaz,46.7621,6.5868,VD
CH,1438,Mathod,46.7596,6.565,VD
CH,1439,Rances,46.7659,6.5076,VD
CH,1440,Montagny-Chamard,46.7904,6.6098,VD
CH,1441,Valeyres-sous-Montagny,46.8005,6.6037,VD
CH,1442,Montagny-près-Yverdon,46.7904,6.6098,VD
CH,1443,Champvent|Essert-sous-Champvent|Villars-sous-Champvent,46.7877,6.5771,VD
CH,1445,Vuiteboeuf,46.8047,6.5542,VD
CH,1446,Baulmes,46.7864,6.5048,VD
CH,1450,La Sagne (Ste-Croix)|Ste-Croix|Le Château-de-Ste-Croix,46.8163,6.5126,VD
CH,1452,Les Rasses,46.8382,6.5353,VD
CH,1453,Bullet|Mauborget,46.8589,6.5849,VD
CH,1454,La Vraconnaz|L'Auberson,46.8306,6.4705,VD
CH,1462,Yvonand,46.7989,6.7367,VD
CH,1463,Rovray,46.7889,6.7667,VD
CH,1464,Chêne-Pâquier|Chavannes-le-Chêne,46.773,6.7758,VD
CH,1000,Lausanne 27|Lausanne 22|Lausanne 18|Lausanne 25|Lausanne 14|Lausanne 16|Lausanne 12|Lausanne 26|Lausanne 10,46.5334,6.6522,VD
CH,1001,Lausanne,46.516,6.6328,VD
CH,1002,Lausanne,46.516,6.6328,VD
CH,1003,Lausanne,46.52,6.6305,VD
CH,1004,Lausanne,46.5289,6.6178,VD
CH,1005,Lausanne,46.5217,6.6432,VD
CH,1006,Lausanne,46.4912,6.6349,VD
CH,1007,Lausanne,46.488,6.607,VD
CH,1008,Jouxtens-Mézery|Prilly,46.5454,6.6005,VD
CH,1010,Lausanne,46.5377,6.6553,VD
CH,1011,Lausanne,46.5256,6.6433,VD
CH,1012,Lausanne,46.5271,6.6566,VD
CH,1014,Lausanne Adm cant|Lausanne Adm cant VD,46.5218,6.633,VD
CH,1015,Lausanne,46.5192,6.5762,VD
CH,1018,Lausanne,46.5381,6.6279,VD
CH,1019,Lausanne Services spéciaux|Lausanne,46.5218,6.633,VD
CH,1032,Romanel-sur-Lausanne,46.5659,6.6091,VD
CH,1033,Cheseaux-sur-Lausanne,46.5822,6.5958,VD
CH,1039,Cheseaux Polyval,46.5845,6.5955,VD
CH,1052,Le Mont-sur-Lausanne,46.5616,6.6445,VD
CH,1066,Epalinges,46.5507,6.6685,VD
CH,1009,Pully,46.4884,6.6557,VD
CH,1068,Les Monts-de-Pully,46.5346,6.6852,VD
CH,1070,Puidoux,46.4945,6.7779,VD
CH,1071,Rivaz|Chexbres|St-Saphorin (Lavaux),46.4656,6.7826,VD
CH,1072,Forel (Lavaux),46.5381,6.7631,VD
CH,1073,Mollie-Margot|Savigny,46.5524,6.7303,VD
CH,1076,Ferlens VD,46.589,6.7891,VD
CH,1077,Servion,46.5737,6.7801,VD
CH,1078,Essertes,46.5645,6.789,VD
CH,1080,Les Cullayes,46.5728,6.7558,VD
CH,1081,Montpreveyres,46.5813,6.7305,VD
CH,1083,Mézières VD,46.5871,6.7656,VD
CH,1084,Carrouge VD,46.6027,6.7728,VD
CH,1090,La Croix (Lutry),46.5215,6.7054,VD
CH,1091,Grandvaux|Chenaux|Aran,46.5027,6.7241,VD
CH,1092,Belmont-sur-Lausanne,46.5265,6.6876,VD
CH,1093,La Conversion,46.5141,6.6858,VD
CH,1094,Paudex,46.4828,6.6715,VD
CH,1095,Lutry,46.4875,6.6881,VD
CH,1096,Villette (Lavaux)|Cully,46.4721,6.7135,VD
CH,1097,Riex,46.5008,6.7406,VD
CH,1098,Epesses,46.4966,6.7497,VD
CH,1607,Les Thioleyres|Palézieux-Village|Les Tavernes|Palézieux,46.5474,6.8251,VD
CH,1610,Vuibroye|Châtillens|Oron-la-Ville,46.5682,6.8114,VD
CH,1612,Ecoteaux,46.5494,6.8578,VD
CH,1613,Maracon,46.5585,6.879,VD
CH,1026,Echandens-Denges|Echandens|Denges,46.5343,6.5383,VD
CH,1027,Lonay,46.5299,6.517,VD
CH,1028,Préverenges,46.4941,6.5291,VD
CH,1110,Morges|Morges 1|Morges 2,46.5077,6.4973,VD
CH,1112,Echichens,46.5303,6.4968,VD
CH,1113,St-Saphorin-sur-Morges,46.5462,6.4917,VD
CH,1114,Colombier VD,46.5552,6.4678,VD
CH,1115,Vullierens,46.5734,6.4808,VD
CH,1116,Cottens VD,46.5743,6.4533,VD
CH,1117,Grancy,46.5936,6.4609,VD
CH,1121,Bremblens,46.5483,6.5194,VD
CH,1122,Romanel-sur-Morges,46.5566,6.5106,VD
CH,1123,Aclens,46.5683,6.5109,VD
CH,1124,Gollion,46.586,6.512,VD
CH,1125,Monnaz,46.533,6.4798,VD
CH,1126,Vaux-sur-Morges,46.5385,6.4639,VD
CH,1127,Clarmont,46.5486,6.4496,VD
CH,1128,Reverolle,46.5417,6.44,VD
CH,1131,Tolochenaz,46.4849,6.4921,VD
CH,1132,Lully VD,46.5063,6.4644,VD
CH,1134,Vufflens-le-Château|Chigny,46.521,6.4717,VD
CH,1135,Denens,46.5174,6.4526,VD
CH,1136,Bussy-Chardonney,46.5309,6.441,VD
CH,1141,Sévery,46.5707,6.4421,VD
CH,1142,Pampigny,46.5862,6.422,VD
CH,1143,Apples,46.555,6.4166,VD
CH,1144,Ballens,46.5535,6.378,VD
CH,1145,Bière,46.5474,6.3185,VD
CH,1146,Mollens VD,46.5787,6.3553,VD
CH,1147,Montricher,46.6033,6.3588,VD
CH,1149,Berolle,46.5682,6.3286,VD
CH,1162,St-Prex,46.4683,6.4693,VD
CH,1163,Etoy,46.4841,6.4217,VD
CH,1164,Buchillon,46.4468,6.4286,VD
CH,1165,Allaman,46.442,6.3983,VD
CH,1167,Lussy-sur-Morges,46.501,6.4481,VD
CH,1168,Villars-sous-Yens,46.5069,6.4301,VD
CH,1169,Yens,46.527,6.4067,VD
CH,1170,Aubonne,46.491,6.3856,VD
CH,1172,Bougy-Villars,46.4838,6.3508,VD
CH,1173,Féchy,46.479,6.3727,VD
CH,1174,Pizy|Montherod,46.4997,6.3504,VD
CH,1175,Lavigny,46.5015,6.4081,VD
CH,1176,St-Livres,46.5176,6.3812,VD
CH,1187,St-Oyens,46.4949,6.2983,VD
CH,1188,Gimel|St-George,46.5246,6.2736,VD
CH,1189,Saubraz,46.5184,6.3268,VD
CH,1304,Allens|Cossonay-Ville|Senarclens|Dizy,46.612,6.4975,VD
CH,1308,La Chaux (Cossonay),46.6225,6.4682,VD
CH,1312,Eclépens,46.6516,6.5431,VD
CH,1313,Ferreyres,46.6602,6.4795,VD
CH,1315,La Sarraz,46.6545,6.5048,VD
CH,1316,Chevilly,46.6433,6.4751,VD
CH,1317,Orny,46.6707,6.5366,VD
CH,1318,Pompaples,46.6768,6.5213,VD
CH,1166,Perroy,46.4427,6.3706,VD
CH,1180,Rolle|Tartegnin,46.4548,6.327,VD
CH,1182,Gilly,46.4631,6.2983,VD
CH,1183,Bursins,46.4477,6.2899,VD
CH,1184,Vinzel|Luins,46.4448,6.2772,VD
CH,1185,Mont-sur-Rolle,46.4754,6.3364,VD
CH,1186,Essertines-sur-Rolle,46.4851,6.3105,VD
CH,1195,Bursinel|Dully,46.4233,6.3174,VD
CH,1196,Gland,46.4104,6.2867,VD
CH,1197,Prangins,46.3922,6.2625,VD
CH,1260,Nyon|Nyon 1|Nyon 2,46.3843,6.2293,VD
CH,1261,Longirod|Marchissy|Le Vaud,46.4932,6.2373,VD
CH,1262,Eysins,46.3813,6.2051,VD
CH,1263,Crassier,46.376,6.1681,VD
CH,1264,St-Cergue,46.451,6.1414,VD
CH,1265,La Cure,46.4611,6.0935,VD
CH,1266,Duillier,46.4092,6.2297,VD
CH,1267,Vich|Coinsins,46.4258,6.2434,VD
CH,1268,Burtigny|Begnins,46.4582,6.2604,VD
CH,1269,Bassins,46.4895,6.199,VD
CH,1270,Trélex,46.4189,6.1966,VD
CH,1271,Givrins,46.4328,6.1962,VD
CH,1272,Genolier,46.4362,6.2204,VD
CH,1273,Arzier-Le Muids,46.4883,6.1599,VD
CH,1274,Signy-Centre|Grens|Signy,46.394,6.1999,VD
CH,1275,Chéserex,46.4109,6.1479,VD
CH,1276,Gingins,46.4262,6.1393,VD
CH,1277,Borex|Arnex-sur-Nyon,46.377,6.1845,VD
CH,1278,La Rippe,46.407,6.1167,VD
CH,1279,Bogis-Bossey|Chavannes-de-Bogis,46.3469,6.1631,VD
CH,1291,Commugny,46.3236,6.1609,VD
CH,1295,Mies|Tannay,46.3034,6.1778,VD
CH,1296,Coppet,46.316,6.2006,VD
CH,1297,Founex,46.3331,6.1976,VD
CH,1299,Crans VD|Crans-près-Céligny,46.3595,6.2127,VD
CH,1020,Renens VD|Renens VD 1,46.5353,6.5897,VD
CH,1022,Chavannes-près-Renens,46.5285,6.5758,VD
CH,1023,Crissier|Crissier 1,46.5574,6.5776,VD
CH,1024,Ecublens VD,46.5288,6.5586,VD
CH,1025,St-Sulpice VD,46.4855,6.5626,VD
CH,1029,Villars-Ste-Croix,46.5674,6.5632,VD
CH,1030,Bussigny,46.5534,6.5508,VD
CH,1658,Rossinière|La Tine,46.4677,7.0559,VD
CH,1659,Flendruz|Rougemont,46.5049,7.1944,VD
CH,1660,L'Etivaz|Château-d'Oex|La Lécherette|Les Moulins,46.4397,7.1224,VD
CH,1800,Vevey|Vevey 1,46.4569,6.8427,VD
CH,1801,Le Mont-Pèlerin,46.492,6.8239,VD
CH,1802,Corseaux,46.4523,6.817,VD
CH,1803,Chardonne,46.4649,6.8109,VD
CH,1804,Corsier-sur-Vevey,46.4767,6.8505,VD
CH,1805,Jongny,46.4877,6.8464,VD
CH,1806,St-Légier-La Chiésaz,46.4899,6.8982,VD
CH,1807,Blonay,46.4778,6.922,VD
CH,1808,Les Monts-de-Corsier,46.5016,6.8776,VD
CH,1809,Fenil-sur-Corsier,46.4851,6.8675,VD
CH,1811,Vevey Services spéciaux|Vevey,46.4642,6.8481,VD
CH,1814,La Tour-de-Peilz,46.4405,6.859,VD
CH,1815,Clarens,46.4315,6.8825,VD
CH,1816,Chailly-Montreux,46.4528,6.8921,VD
CH,1817,Brent,46.4547,6.9035,VD
CH,1818,Montreux La Redoute|Montreux Redoute,46.4518,6.9408,VD
CH,1820,Territet|Veytaux|Montreux 2|Montreux|Montreux 1,46.4356,6.9306,VD
CH,1822,Chernex,46.4425,6.9163,VD
CH,1823,Glion,46.4375,6.9367,VD
CH,1824,Caux,46.4425,6.9648,VD
CH,1832,Villard-sur-Chamby|Chamby,46.4594,6.9252,VD
CH,1833,Les Avants,46.4648,6.9542,VD
CH,3900,Brigerbad|Gamsen|Brig,46.2951,7.9521,VS
CH,3901,Rothwald,46.277,8.0802,VS
CH,3902,Glis,46.3087,7.9792,VS
CH,3903,Mund|Birgisch,46.3407,7.9423,VS
CH,3904,Naters,46.3367,7.9852,VS
CH,3907,Simplon Dorf|Gabi (Simplon)|Gondo,46.1825,8.0715,VS
CH,3911,Ried-Brig,46.302,8.039,VS
CH,3912,Termen,46.33,8.0431,VS
CH,3913,Rosswald,46.3128,8.0752,VS
CH,3914,Belalp|Blatten b. Naters,46.3924,7.9799,VS
CH,3939,Eggerberg,46.3159,7.8888,VS
CH,1911,Mayens-de-Chamoson|Ovronnaz,46.2026,7.1604,VS
CH,1955,Les Vérines (Chamoson)|Chamoson|Némiaz (Chamoson)|Grugnay (Chamoson)|Mayens-de-Chamoson|St-Pierre-de-Clages,46.2101,7.2116,VS
CH,1957,Ardon,46.23,7.2379,VS
CH,1963,Vétroz,46.2163,7.2806,VS
CH,1964,Conthey,46.2214,7.303,VS
CH,1975,St-Séverin,46.2393,7.304,VS
CH,1976,Erde|Daillon|Aven,46.2686,7.2759,VS
CH,1993,Clèbes (Nendaz)|Veysonnaz,46.19,7.3455,VS
CH,1994,Aproz (Nendaz),46.2038,7.307,VS
CH,1996,Condémines (Nendaz)|Basse-Nendaz|Brignon (Nendaz)|Fey (Nendaz)|Saclentse|Bieudron (Nendaz)|Baar (Nendaz)|Beuson (Nendaz),46.1872,7.3027,VS
CH,1997,Haute-Nendaz|Siviez (Nendaz)|Sornard (Nendaz),46.1564,7.3084,VS
CH,1927,Chemin,46.0896,7.0936,VS
CH,1933,Chamoille (Sembrancher)|Sembrancher|Vens (Sembrancher)|La Garde (Sembrancher),46.0709,7.1444,VS
CH,1934,Bruson|Le Châble VS,46.0663,7.2078,VS
CH,1936,Verbier,46.1008,7.2297,VS
CH,1937,Orsières,46.0286,7.1481,VS
CH,1938,Champex-Lac,46.0296,7.0887,VS
CH,1941,Cries (Vollèges)|Vollèges,46.0887,7.1679,VS
CH,1942,Levron,46.1032,7.1618,VS
CH,1943,Praz-de-Fort,45.9832,7.0799,VS
CH,1944,La Fouly VS,45.9227,7.098,VS
CH,1945,Les Moulins VS (Liddes)|Fornex (Liddes)|Fontaine Dessus (Liddes)|Vichères (Liddes)|Palasuit (Liddes)|Rive Haute (Liddes)|Dranse (Liddes)|Chez Petit (Liddes)|Chandonne (Liddes)|Petit Vichères (Liddes)|Fontaine Dessous (Liddes)|Liddes,45.9944,7.1743,VS
CH,1946,Bourg-St-Pierre,45.9196,7.2128,VS
CH,1947,Champsec|Versegères,46.0494,7.231,VS
CH,1948,Sarreyer|Lourtier|Fionnay,46.0269,7.299,VS
CH,3801,Jungfraujoch,46.5465,7.9827,VS
CH,3984,Fiesch|Fieschertal,46.4441,8.0983,VS
CH,3985,Geschinen|Münster VS,46.4925,8.2793,VS
CH,3988,Ulrichen|Obergesteln,46.5046,8.3276,VS
CH,3989,Ritzingen|Biel VS|Grafschaft|Niederwald|Blitzingen|Selkingen,46.4546,8.2122,VS
CH,3994,Lax|Martisberg,46.3924,8.1034,VS
CH,3995,Ausserbinn|Ernen|Mühlebach (Goms)|Steinhaus,46.4057,8.1791,VS
CH,3996,Binn,46.3682,8.2356,VS
CH,3997,Bellwald,46.4443,8.157,VS
CH,3998,Gluringen|Reckingen VS,46.4652,8.2397,VS
CH,3999,Oberwald,46.5576,8.3936,VS
CH,1961,Vernamiège,46.2105,7.4358,VS
CH,1966,Ayent|Luc (Ayent)|Argnou (Ayent)|St-Romain (Ayent)|Botyre (Ayent)|La Place (Ayent)|Saxonne (Ayent)|Fortunau (Ayent)|Signèse (Ayent)|Villa (Ayent)|Blignou (Ayent),46.2788,7.4108,VS
CH,1968,Mase,46.1954,7.4607,VS
CH,1969,Suen (St-Martin)|Trogne (St-Martin)|Liez (St-Martin)|Eison (St-Martin)|St-Martin VS,46.1689,7.4582,VS
CH,1972,Anzère,46.3424,7.4064,VS
CH,1973,Nax,46.2068,7.4783,VS
CH,1981,Vex,46.2087,7.401,VS
CH,1982,Euseigne,46.1522,7.4305,VS
CH,1983,Lanna|Evolène,46.1202,7.4729,VS
CH,1984,Les Haudères|La Tour VS,46.0884,7.4922,VS
CH,1985,La Sage|Villa (Evolène)|La Forclaz VS,46.0862,7.5339,VS
CH,1986,Arolla,46.0119,7.4863,VS
CH,1987,Hérémence,46.0843,7.3948,VS
CH,1988,Les Collons|Thyon,46.1791,7.3789,VS
CH,3945,Niedergampel|Gampel,46.326,7.7141,VS
CH,3946,Turtmann|Gruben,46.2436,7.7069,VS
CH,3947,Ergisch,46.2726,7.726,VS
CH,3948,Unterems|Oberems,46.2735,7.6882,VS
CH,3951,Agarn,46.2845,7.6673,VS
CH,3952,Susten,46.284,7.6307,VS
CH,3953,Leuk Stadt|Inden|Varen,46.3401,7.6131,VS
CH,3954,Leukerbad,46.4021,7.6277,VS
CH,3955,Albinen,46.354,7.6447,VS
CH,3956,Guttet-Feschel,46.3491,7.6766,VS
CH,3957,Bratsch|Erschmatt,46.3351,7.7043,VS
CH,3970,Salgesch,46.3114,7.5753,VS
CH,1906,Charrat,46.1214,7.1361,VS
CH,1907,Saxon,46.1362,7.1844,VS
CH,1908,Riddes,46.1688,7.2201,VS
CH,1912,Dugny (Leytron)|Montagnon (Leytron)|Leytron|Produit (Leytron),46.1887,7.1935,VS
CH,1913,Saillon,46.1705,7.1777,VS
CH,1914,Isérables|Auddes-sur-Riddes,46.1502,7.255,VS
CH,1918,La Tzoumaz,46.1302,7.2461,VS
CH,1919,Martigny Mutuel|Martigny Groupe Mutuel,46.1072,7.081,VS
CH,1920,Martigny|Martigny 1,46.1084,7.0777,VS
CH,1921,Martigny-Croix,46.0657,7.0319,VS
CH,1926,Fully,46.1575,7.1119,VS
CH,1928,Ravoire,46.0994,7.043,VS
CH,1929,Trient,46.03,6.9995,VS
CH,1932,Les Valettes (Bovernier)|Bovernier,46.0684,7.0772,VS
CH,1868,Collombey,46.2722,6.9428,VS
CH,1870,Monthey 2|Monthey 1|Monthey,46.2412,6.9259,VS
CH,1871,Choëx|Les Giettes,46.231,6.9523,VS
CH,1872,Troistorrents,46.2291,6.9084,VS
CH,1873,Les Crosets|Val-d'Illiez|Champoussin,46.1952,6.8668,VS
CH,1874,Champéry,46.1588,6.846,VS
CH,1875,Morgins,46.2364,6.8644,VS
CH,1893,Muraz (Collombey),46.2826,6.9017,VS
CH,1895,Vionnaz,46.309,6.899,VS
CH,1896,Miex|Vouvry,46.3351,6.8672,VS
CH,1897,Les Evouettes|Bouveret,46.3703,6.8579,VS
CH,1898,St-Gingolph,46.3823,6.817,VS
CH,1899,Torgon,46.3084,6.8596,VS
CH,3916,Ferden,46.3882,7.7341,VS
CH,3917,Goppenstein|Kippel,46.381,7.762,VS
CH,3918,Wiler (Lötschen),46.4074,7.787,VS
CH,3919,Blatten (Lötschen),46.4447,7.8646,VS
CH,3935,Bürchen,46.2693,7.8183,VS
CH,3938,Ausserberg,46.3276,7.8554,VS
CH,3940,Steg VS,46.3381,7.7637,VS
CH,3942,Raron|St. German|Niedergesteln,46.3221,7.8172,VS
CH,3943,Eischoll,46.2828,7.7611,VS
CH,3944,Unterbäch VS,46.2534,7.7774,VS
CH,3949,Hohtenn,46.3314,7.7701,VS
CH,3982,Bitsch,46.3421,8.0131,VS
CH,3983,Greich|Mörel|Bister|Goppisberg|Filet,46.3582,8.0534,VS
CH,3986,Ried-Mörel,46.3571,8.0278,VS
CH,3987,Riederalp,46.3818,8.0282,VS
CH,3991,Betten,46.38,8.0725,VS
CH,3992,Bettmeralp,46.4316,8.0564,VS
CH,3993,Grengiols,46.3402,8.137,VS
CH,1869,Massongex,46.2363,6.9846,VS
CH,1890,Mex VS|St-Maurice,46.1906,6.9956,VS
CH,1891,Vérossaz,46.2011,6.9685,VS
CH,1902,Evionnaz,46.1483,6.9486,VS
CH,1903,Collonges,46.1804,7.0559,VS
CH,1904,Vernayaz,46.1412,7.0329,VS
CH,1905,Dorénaz,46.1517,7.0617,VS
CH,1922,Les Granges (Salvan)|Salvan,46.1313,7.0137,VS
CH,1923,Le Trétien|Les Marécottes,46.1016,6.9677,VS
CH,1925,Le Châtelard VS|Finhaut,46.0647,6.9436,VS
CH,1958,St-Léonard|Uvrier,46.252,7.4179,VS
CH,1977,Icogne,46.3418,7.456,VS
CH,1978,Lens,46.2811,7.449,VS
CH,3960,Corin-de-la-Crête|Sierre|Niouc|Loc|Muraz (Sierre),46.2866,7.5291,VS
CH,3961,Mission|Ayer|St-Luc|Vissoie|Grimentz|Chandolin|Zinal|St-Jean VS,46.1902,7.5976,VS
CH,3963,Crans-Montana|Montana|Aminona|Crans-Montana 1|Crans-Montana 2,46.3227,7.4983,VS
CH,3965,Chippis,46.2771,7.5406,VS
CH,3966,Réchy|Chalais,46.2651,7.5055,VS
CH,3967,Vercorin,46.2431,7.5357,VS
CH,3968,Veyras,46.3038,7.5384,VS
CH,3971,Ollon VS|Chermignon-d'en-Bas|Chermignon,46.2825,7.4802,VS
CH,3972,Miège,46.3311,7.5551,VS
CH,3973,Venthône,46.3048,7.5237,VS
CH,3974,Mollens VS,46.3164,7.5209,VS
CH,3975,Randogne,46.3105,7.5029,VS
CH,3976,Noës|Champzabé,46.2784,7.5021,VS
CH,3977,Granges VS,46.2629,7.4653,VS
CH,3978,Flanthey,46.2704,7.4516,VS
CH,3979,Grône,46.2335,7.4865,VS
CH,1950,Sion 2|Sion 4|Sion,46.2294,7.3623,VS
CH,1951,Sion,46.2304,7.3661,VS
CH,1962,Pont-de-la-Morge (Sion),46.2325,7.3165,VS
CH,1965,Diolly (Savièse)|Drône (Savièse)|Granois (Savièse)|La Muraz (Savièse)|Monteiller (Savièse)|Mayens-de-la-Zour (Savièse)|Chandolin (Savièse)|Ormône (Savièse)|Savièse|St-Germain (Savièse)|Roumaz (Savièse),46.2583,7.3445,VS
CH,1967,Bramois,46.2352,7.4032,VS
CH,1971,Grimisuat|Champlan (Grimisuat),46.2537,7.3796,VS
CH,1974,Arbaz,46.3002,7.3731,VS
CH,1991,Salins|Pravidondaz (Salins)|Misériez (Salins)|Arvillard (Salins)|Turin (Salins),46.2109,7.3514,VS
CH,1992,Les Agettes|Crête-à-l'Oeil(Les Agettes)|Crête-à-l'Oeil (Les Agettes)|Les Mayens-de-Sion|La Vernaz (Les Agettes),46.2073,7.3717,VS
CH,3905,Saas-Almagell,46.054,7.9669,VS
CH,3906,Saas-Fee,46.0894,7.8996,VS
CH,3908,Saas-Balen,46.1528,7.9352,VS
CH,3910,Saas-Grund,46.135,7.9724,VS
CH,3920,Zermatt,45.9897,7.7527,VS
CH,3922,Eisten|Stalden VS|Kalpetran,46.2089,7.8731,VS
CH,3923,Törbel,46.2421,7.836,VS
CH,3924,St. Niklaus VS,46.1678,7.8092,VS
CH,3925,Grächen,46.1967,7.8489,VS
CH,3926,Embd,46.2169,7.7942,VS
CH,3927,Herbriggen,46.1371,7.7836,VS
CH,3928,Randa,46.097,7.7793,VS
CH,3929,Täsch,46.054,7.8112,VS
CH,3930,Eyholz|Visp,46.2901,7.8911,VS
CH,3931,Lalden,46.3,7.8999,VS
CH,3932,Visperterminen,46.2426,7.941,VS
CH,3933,Staldenried,46.2176,7.9101,VS
CH,3934,Zeneggen,46.2738,7.861,VS
CH,3937,Baltschieder,46.3771,7.8812,VS
CH,6300,Zugerberg|Zug,47.1549,8.5177,ZG
CH,6301,Zug,47.1724,8.5174,ZG
CH,6302,Zug,47.1724,8.5174,ZG
CH,6303,Zug,47.1724,8.5174,ZG
CH,6312,Steinhausen,47.1985,8.4873,ZG
CH,6313,Finstersee|Edlibach|Menzingen,47.1702,8.6016,ZG
CH,6314,Unterägeri|Neuägeri,47.136,8.5697,ZG
CH,6315,Oberägeri|Morgarten|Alosen,47.1294,8.6383,ZG
CH,6317,Oberwil b. Zug,47.1354,8.5001,ZG
CH,6318,Walchwil,47.1064,8.5303,ZG
CH,6319,Allenwinden,47.1647,8.5498,ZG
CH,6330,Cham,47.1945,8.4562,ZG
CH,6331,Hünenberg,47.193,8.4169,ZG
CH,6332,Hagendorn,47.2106,8.4297,ZG
CH,6333,Hünenberg See,47.1709,8.4468,ZG
CH,6340,Sihlbrugg|Baar,47.2143,8.5544,ZG
CH,6341,Baar,47.1963,8.5295,ZG
CH,6343,Buonas|Rotkreuz|Risch|Holzhäusern ZG,47.14,8.4525,ZG
CH,6345,Neuheim,47.1996,8.584,ZG
CH,8143,Uetliberg|Stallikon,47.334,8.4911,ZH
CH,8906,Bonstetten,47.3166,8.4663,ZH
CH,8907,Wettswil,47.3373,8.4699,ZH
CH,8908,Hedingen,47.3015,8.4509,ZH
CH,8909,Zwillikon,47.2895,8.4311,ZH
CH,8910,Affoltern am Albis,47.2784,8.4582,ZH
CH,8911,Rifferswil,47.245,8.499,ZH
CH,8912,Obfelden,47.2615,8.422,ZH
CH,8913,Ottenbach,47.2815,8.4094,ZH
CH,8914,Aeugstertal|Aeugst am Albis,47.2751,8.4897,ZH
CH,8915,Hausen am Albis,47.2507,8.5289,ZH
CH,8925,Ebertswil,47.2273,8.5562,ZH
CH,8926,Uerzlikon|Kappel am Albis|Hauptikon,47.2262,8.5048,ZH
CH,8932,Mettmenstetten,47.2478,8.464,ZH
CH,8933,Maschwanden,47.2348,8.4292,ZH
CH,8934,Knonau,47.2245,8.4626,ZH
CH,8245,Feuerthalen,47.688,8.6452,ZH
CH,8246,Langwiesen,47.6825,8.6611,ZH
CH,8247,Flurlingen,47.6824,8.6367,ZH
CH,8248,Uhwiesen,47.6702,8.6465,ZH
CH,8414,Buch am Irchel,47.5481,8.6274,ZH
CH,8415,Berg am Irchel|Gräslikon,47.5607,8.5965,ZH
CH,8416,Flaach,47.5847,8.6052,ZH
CH,8444,Henggart,47.5625,8.6837,ZH
CH,8447,Dachsen,47.662,8.6235,ZH
CH,8450,Andelfingen,47.5928,8.6755,ZH
CH,8451,Kleinandelfingen,47.6075,8.6845,ZH
CH,8452,Adlikon b. Andelfingen,47.5851,8.7071,ZH
CH,8453,Alten,47.5992,8.6453,ZH
CH,8457,Humlikon,47.5753,8.6753,ZH
CH,8458,Dorf,47.5712,8.6501,ZH
CH,8459,Volken,47.5764,8.63,ZH
CH,8460,Marthalen,47.6201,8.6424,ZH
CH,8461,Oerlingen,47.6229,8.6777,ZH
CH,8462,Rheinau,47.6294,8.6144,ZH
CH,8463,Benken ZH,47.6541,8.6539,ZH
CH,8464,Ellikon am Rhein,47.6021,8.6034,ZH
CH,8465,Rudolfingen|Wildensbuch,47.6453,8.6749,ZH
CH,8466,Trüllikon,47.6368,8.6975,ZH
CH,8467,Truttikon,47.633,8.73,ZH
CH,8468,Guntalingen|Waltalingen,47.6282,8.7664,ZH
CH,8475,Ossingen,47.6126,8.7216,ZH
CH,8476,Unterstammheim,47.6469,8.7895,ZH
CH,8477,Oberstammheim,47.6283,8.8046,ZH
CH,8478,Thalheim an der Thur,47.5825,8.7456,ZH
CH,8058,Zürich,47.458,8.5853,ZH
CH,8060,Zürich,47.458,8.5853,ZH
CH,8152,Glattpark (Opfikon)|Glattbrugg|Opfikon,47.4287,8.569,ZH
CH,8180,Bülach,47.5274,8.5415,ZH
CH,8181,Höri,47.5075,8.5025,ZH
CH,8182,Hochfelden,47.5279,8.5094,ZH
CH,8184,Bachenbülach,47.5016,8.5451,ZH
CH,8185,Winkel,47.4849,8.5579,ZH
CH,8192,Glattfelden|Zweidlen,47.5627,8.4883,ZH
CH,8193,Eglisau,47.5733,8.5245,ZH
CH,8194,Hüntwangen,47.5919,8.4984,ZH
CH,8195,Wasterkingen,47.5954,8.4716,ZH
CH,8196,Wil ZH,47.6085,8.5091,ZH
CH,8197,Rafz,47.6115,8.543,ZH
CH,8302,Kloten,47.458,8.5849,ZH
CH,8303,Bassersdorf,47.4404,8.6304,ZH
CH,8304,Wallisellen,47.4174,8.5949,ZH
CH,8305,Dietlikon,47.4245,8.615,ZH
CH,8309,Nürensdorf,47.4576,8.6489,ZH
CH,8424,Embrach,47.509,8.5957,ZH
CH,8425,Oberembrach,47.4895,8.6329,ZH
CH,8426,Lufingen,47.4834,8.5934,ZH
CH,8427,Freienstein|Rorbas,47.534,8.5816,ZH
CH,8428,Teufen ZH,47.5503,8.576,ZH
CH,8105,Regensdorf|Watt,47.4398,8.4743,ZH
CH,8106,Adlikon b. Regensdorf,47.4527,8.4634,ZH
CH,8107,Buchs ZH,47.4588,8.437,ZH
CH,8108,Dällikon,47.4394,8.4324,ZH
CH,8112,Otelfingen,47.4645,8.3897,ZH
CH,8113,Boppelsen,47.4718,8.4069,ZH
CH,8114,Dänikon ZH,47.4447,8.4058,ZH
CH,8115,Hüttikon,47.4418,8.3897,ZH
CH,8153,Rümlang,47.4475,8.5288,ZH
CH,8154,Oberglatt ZH,47.4779,8.5239,ZH
CH,8155,Nassenwil|Niederhasli,47.4716,8.4774,ZH
CH,8156,Oberhasli,47.4607,8.4999,ZH
CH,8157,Dielsdorf,47.4765,8.4544,ZH
CH,8158,Regensberg,47.4782,8.4283,ZH
CH,8162,Sünikon|Steinmaur,47.4955,8.4396,ZH
CH,8164,Bachs,47.5284,8.4293,ZH
CH,8165,Schleinikon|Oberweningen|Schöfflisdorf,47.502,8.4059,ZH
CH,8166,Niederweningen,47.5029,8.375,ZH
CH,8172,Niederglatt ZH,47.4932,8.5004,ZH
CH,8173,Neerach,47.5094,8.4762,ZH
CH,8174,Stadel b. Niederglatt,47.5293,8.4688,ZH
CH,8175,Windlach,47.5459,8.4716,ZH
CH,8187,Weiach,47.5561,8.4397,ZH
CH,8340,Hinwil,47.3033,8.8457,ZH
CH,8342,Wernetshausen,47.2923,8.8766,ZH
CH,8344,Bäretswil,47.3389,8.8715,ZH
CH,8345,Adetswil,47.3419,8.837,ZH
CH,8496,Steg im Tösstal,47.3411,8.9514,ZH
CH,8497,Fischenthal,47.3317,8.9255,ZH
CH,8498,Gibswil,47.3218,8.9043,ZH
CH,8607,Aathal-Seegräben,47.3409,8.7669,ZH
CH,8608,Bubikon,47.2699,8.8118,ZH
CH,8614,Bertschikon (Gossau ZH)|Sulzbach,47.3244,8.7528,ZH
CH,8620,Wetzikon ZH 1|Wetzikon ZH,47.3235,8.803,ZH
CH,8623,Wetzikon ZH,47.3325,8.8194,ZH
CH,8624,Grüt (Gossau ZH),47.3088,8.7819,ZH
CH,8625,Gossau ZH,47.3041,8.7531,ZH
CH,8626,Ottikon (Gossau ZH),47.2912,8.789,ZH
CH,8627,Grüningen,47.2794,8.7619,ZH
CH,8630,Rüti ZH,47.2582,8.865,ZH
CH,8632,Tann,47.2679,8.8502,ZH
CH,8633,Wolfhausen,47.2566,8.7985,ZH
CH,8635,Dürnten,47.2771,8.8544,ZH
CH,8636,Wald ZH,47.2888,8.9231,ZH
CH,8637,Laupen ZH,47.2662,8.931,ZH
CH,8134,Adliswil|Adliswil 1,47.3093,8.5213,ZH
CH,8135,Langnau am Albis|Sihlwald|Sihlbrugg Station,47.2602,8.5568,ZH
CH,8136,Gattikon,47.2825,8.552,ZH
CH,8800,Thalwil,47.2917,8.5676,ZH
CH,8802,Kilchberg ZH,47.3249,8.5488,ZH
CH,8803,Rüschlikon,47.3063,8.5526,ZH
CH,8804,Au ZH,47.2478,8.6491,ZH
CH,8805,Richterswil,47.213,8.7063,ZH
CH,8810,Horgen 1|Horgen,47.2506,8.5964,ZH
CH,8815,Horgenberg,47.2499,8.5807,ZH
CH,8816,Hirzel,47.2198,8.6005,ZH
CH,8820,Wädenswil,47.2239,8.6596,ZH
CH,8824,Schönenberg ZH,47.194,8.64,ZH
CH,8825,Hütten,47.173,8.666,ZH
CH,8833,Samstagern,47.1938,8.6789,ZH
CH,8942,Oberrieden,47.2746,8.5778,ZH
CH,8125,Zollikerberg,47.3462,8.6087,ZH
CH,8126,Zumikon,47.3341,8.6262,ZH
CH,8127,Forch,47.3216,8.6462,ZH
CH,8618,Oetwil am See,47.2739,8.7235,ZH
CH,8634,Hombrechtikon,47.2558,8.7634,ZH
CH,8700,Küsnacht ZH,47.3201,8.5893,ZH
CH,8702,Zollikon|Zollikon Dorf,47.3417,8.5865,ZH
CH,8703,Erlenbach ZH,47.3023,8.5998,ZH
CH,8704,Herrliberg,47.2954,8.6254,ZH
CH,8706,Meilen,47.2765,8.6462,ZH
CH,8707,Uetikon am See,47.2673,8.6792,ZH
CH,8708,Männedorf,47.2543,8.6949,ZH
CH,8712,Stäfa,47.2409,8.7254,ZH
CH,8713,Uerikon,47.2263,8.7554,ZH
CH,8714,Feldbach,47.2344,8.7879,ZH
CH,8307,Ottikon b. Kemptthal|Effretikon,47.4306,8.7075,ZH
CH,8308,Illnau|Agasul,47.4142,8.7313,ZH
CH,8310,Grafstal|Kemptthal,47.4507,8.705,ZH
CH,8312,Winterberg ZH,47.4586,8.691,ZH
CH,8314,Kyburg,47.4521,8.7428,ZH
CH,8315,Lindau,47.4433,8.6764,ZH
CH,8317,Tagelswangen,47.4273,8.6692,ZH
CH,8320,Fehraltorf,47.387,8.75,ZH
CH,8322,Gündisau|Madetswil,47.4056,8.8002,ZH
CH,8330,Pfäffikon ZH,47.3701,8.7914,ZH
CH,8331,Auslikon,47.3449,8.8079,ZH
CH,8332,Russikon|Rumlikon,47.4017,8.7709,ZH
CH,8335,Hittnau,47.3663,8.8292,ZH
CH,8484,Theilingen|Weisslingen|Neschwil,47.4263,8.7769,ZH
CH,8489,Schalchen|Ehrikon|Wildberg,47.4165,8.8225,ZH
CH,8492,Wila,47.4098,8.8653,ZH
CH,8493,Saland,47.3874,8.8601,ZH
CH,8494,Bauma,47.368,8.8916,ZH
CH,8499,Sternenberg,47.3888,8.914,ZH
CH,8044,Gockhausen|Zürich,47.3791,8.5901,ZH
CH,8117,Fällanden,47.3709,8.6421,ZH
CH,8118,Pfaffhausen,47.3658,8.6247,ZH
CH,8121,Benglen,47.3609,8.6375,ZH
CH,8122,Binz,47.357,8.6269,ZH
CH,8123,Ebmatingen,47.3514,8.6405,ZH
CH,8124,Maur,47.3376,8.6726,ZH
CH,8132,Egg b. Zürich|Hinteregg,47.3025,8.6874,ZH
CH,8133,Esslingen,47.2906,8.7137,ZH
CH,8306,Brüttisellen,47.4219,8.6342,ZH
CH,8600,Dübendorf 1|Dübendorf,47.3921,8.6187,ZH
CH,8602,Wangen b. Dübendorf,47.4096,8.6508,ZH
CH,8603,Schwerzenbach,47.3811,8.6562,ZH
CH,8604,Volketswil,47.3942,8.6815,ZH
CH,8605,Gutenswil,47.3867,8.7177,ZH
CH,8606,Greifensee|Nänikon,47.3675,8.6866,ZH
CH,8610,Uster 1|Uster,47.3505,8.7213,ZH
CH,8613,Uster 3,47.3532,8.7216,ZH
CH,8615,Freudwil|Wermatswil,47.3705,8.7354,ZH
CH,8616,Riedikon,47.3299,8.7088,ZH
CH,8617,Mönchaltorf,47.3122,8.7219,ZH
CH,8311,Brütten,47.4748,8.6724,ZH
CH,8352,Ricketwil (Winterthur)|Elsau,47.4948,8.8028,ZH
CH,8353,Elgg,47.4918,8.863,ZH
CH,8354,Hofstetten ZH|Dickbuch,47.4825,8.8456,ZH
CH,8400,Winterthur,47.4931,8.7297,ZH
CH,8401,Winterthur,47.5056,8.7241,ZH
CH,8403,Winterthur,47.5056,8.7241,ZH
CH,8404,Stadel (Winterthur)|Winterthur|Reutlingen (Winterthur),47.5251,8.7577,ZH
CH,8405,Winterthur,47.478,8.776,ZH
CH,8406,Winterthur,47.4829,8.7021,ZH
CH,8408,Winterthur,47.5074,8.6831,ZH
CH,8409,Winterthur,47.5051,8.7786,ZH
CH,8412,Hünikon (Neftenbach)|Aesch (Neftenbach)|Riet (Neftenbach),47.5446,8.6774,ZH
CH,8413,Neftenbach,47.5298,8.6605,ZH
CH,8418,Schlatt ZH,47.4703,8.8272,ZH
CH,8421,Dättlikon,47.5274,8.6221,ZH
CH,8422,Pfungen,47.5112,8.6425,ZH
CH,8442,Hettlingen,47.5495,8.7062,ZH
CH,8471,Berg (Dägerlen)|Rutschwil (Dägerlen)|Bänk (Dägerlen)|Dägerlen|Oberwil (Dägerlen),47.5608,8.727,ZH
CH,8472,Seuzach,47.5343,8.7261,ZH
CH,8474,Dinhard,47.5578,8.7631,ZH
CH,8479,Altikon,47.5773,8.7841,ZH
CH,8482,Sennhof (Winterthur),47.4669,8.7551,ZH
CH,8483,Kollbrunn,47.4557,8.7783,ZH
CH,8486,Rikon im Tösstal,47.4505,8.8041,ZH
CH,8487,Zell ZH|Rämismühle,47.4456,8.8232,ZH
CH,8488,Turbenthal,47.4373,8.8744,ZH
CH,8495,Schmidrüti,47.4202,8.91,ZH
CH,8523,Hagenbuch ZH,47.5159,8.8759,ZH
CH,8542,Wiesendangen,47.5222,8.7949,ZH
CH,8543,Gundetswil|Bertschikon|Kefikon ZH,47.5373,8.8283,ZH
CH,8544,Attikon,47.5361,8.8004,ZH
CH,8545,Rickenbach ZH|Rickenbach Sulz,47.5478,8.7911,ZH
CH,8548,Ellikon an der Thur,47.5631,8.8241,ZH
CH,8010,Zürich,47.395,8.4488,ZH
CH,8011,Zürich Mülligen SC,47.395,8.4488,ZH
CH,8012,Zürich,47.395,8.4488,ZH
CH,8102,Oberengstringen,47.4102,8.466,ZH
CH,8103,Unterengstringen,47.4112,8.4429,ZH
CH,8104,Weiningen ZH,47.4217,8.4322,ZH
CH,8142,Uitikon Waldegg,47.367,8.4593,ZH
CH,8901,Urdorf Tessi|Urdorf,47.3798,8.4224,ZH
CH,8902,Urdorf,47.3799,8.4224,ZH
CH,8903,Birmensdorf ZH,47.3539,8.4344,ZH
CH,8904,Aesch ZH,47.3354,8.433,ZH
CH,8951,Fahrweid,47.4095,8.415,ZH
CH,8952,Schlieren,47.395,8.449,ZH
CH,8953,Dietikon|Dietikon 1|Dietikon 2,47.402,8.3982,ZH
CH,8954,Geroldswil,47.4234,8.4127,ZH
CH,8955,Oetwil an der Limmat,47.431,8.3979,ZH
CH,8000,Zürich,47.3667,8.55,ZH
CH,8001,Zürich,47.3721,8.5417,ZH
CH,8002,Zürich,47.3601,8.5327,ZH
CH,8003,Zürich,47.3733,8.5139,ZH
CH,8004,Zürich,47.3789,8.5204,ZH
CH,8005,Zürich,47.3876,8.5207,ZH
CH,8006,Zürich,47.3873,8.5499,ZH
CH,8008,Zürich,47.3538,8.5587,ZH
CH,8017,Zürich,47.3667,8.55,ZH
CH,8018,Zürich PF,47.3828,8.5307,ZH
CH,8021,Zürich 1,47.3828,8.5307,ZH
CH,8022,Zürich,47.3667,8.55,ZH
CH,8024,Zürich,47.3667,8.55,ZH
CH,8027,Zürich,47.3667,8.55,ZH
CH,8031,Zürich,47.3667,8.55,ZH
CH,8032,Zürich,47.368,8.5665,ZH
CH,8034,Zürich,47.3667,8.55,ZH
CH,8036,Zürich,47.3667,8.55,ZH
CH,8037,Zürich,47.3978,8.5242,ZH
CH,8038,Zürich,47.342,8.5352,ZH
CH,8040,Zürich,47.3667,8.55,ZH
CH,8041,Zürich,47.3339,8.5139,ZH
CH,8042,Zürich,47.3667,8.55,ZH
CH,8045,Zürich,47.3531,8.5089,ZH
CH,8046,Zürich,47.4221,8.5092,ZH
CH,8047,Zürich,47.3739,8.4861,ZH
CH,8048,Zürich,47.3862,8.4793,ZH
CH,8049,Zürich,47.4085,8.4944,ZH
CH,8050,Zürich,47.4119,8.5512,ZH
CH,8051,Zürich,47.4006,8.5781,ZH
CH,8052,Zürich,47.4243,8.5403,ZH
CH,8053,Zürich,47.3609,8.5975,ZH
CH,8055,Zürich,47.364,8.4944,ZH
CH,8057,Zürich,47.4,8.5445,ZH
CH,8063,Zürich,47.3667,8.55,ZH
CH,8064,Zürich,47.3983,8.4855,ZH
CH,8070,Zürich,47.3667,8.55,ZH
CH,8071,Zürich CS PZ,47.3828,8.5307,ZH
CH,8074,Zürich Voice Publishing|Zürich Voice Pub,47.3828,8.5307,ZH
CH,8075,Zürich,47.3667,8.55,ZH
CH,8080,Zürich 80,47.3828,8.5307,ZH
CH,8081,Zürich|Zürich Helsana,47.3828,8.5307,ZH
CH,8085,Zürich Versicherung|Zürich Versich.,47.3828,8.5307,ZH
CH,8086,Zürich Reader's Digest|Zürich R Digest,47.3828,8.5307,ZH
CH,8087,Zürich,47.3667,8.55,ZH
CH,8088,Zürich,47.3667,8.55,ZH
CH,8090,Zürich,47.3667,8.55,ZH
CH,8091,Zürich,47.3667,8.55,ZH
CH,8092,Zürich|Zürich ETH-Zentrum,47.3828,8.5307,ZH
CH,8093,Zürich|Zürich ETH-Hönggerberg,47.3828,8.5307,ZH
CH,8096,Zürich IBRS local,47.3828,8.5307,ZH
CH,8098,Zürich,47.3667,8.55,ZH
CH,8099,Zürich|Zürich Sonderdienste,47.3828,8.5307,ZH
IT,67010,Barete,42.4501,13.2806,AQ
IT,67012,San Giovanni|Cagnano Amiterno,42.4608,13.2431,AQ
IT,67013,Mascioni|Campotosto|Poggio Cancelli|Ortolano,42.5421,13.367,AQ
IT,67014,Capitignano,42.5204,13.3012,AQ
IT,67015,Marana Di Montereale|Aringo|Cesaproba|Marana|Montereale|Ville Di Fano|San Giovanni Paganica,42.5144,13.2299,AQ
IT,67017,Pizzoli|San Lorenzo Di Pizzoli|Marruci,42.4306,13.3097,AQ
IT,67019,Vigliano|Sella Di Corno|Scoppito,42.3618,13.2199,AQ
IT,67020,San Pio Delle Camere|Castelnuovo Di San Pio Delle Camere|Villa Santa Lucia Degli Abruzzi|Santo Stefano Di Sessanio|Gagliano Aterno|Castelnuovo|Goriano Valli|Navelli|Beffi|Fagnano Alto|San Benedetto In Perillis|Molina Aterno|Castel Di Ieri|Collepietro|Acciano|Tussio|Fontecchio|Caporciano|Calascio|Castelvecchio Calvisio|Prata D'Ansidonia|Fossa|Carapelle Calvisio|Villa Sant'Angelo|Tione Degli Abruzzi|Sant'Eusanio Forconese|Civitaretenga|Roccapreturo|Carrufo,42.2472,13.6721,AQ
IT,67021,Picenze|Barisciano,42.3226,13.5654,AQ
IT,67022,Capestrano,42.2681,13.7678,AQ
IT,67023,Castel Del Monte,42.3654,13.7259,AQ
IT,67024,Castelvecchio Subequo,42.1288,13.7287,AQ
IT,67025,Ofena,42.3254,13.7586,AQ
IT,67026,Poggio Picenze,42.3206,13.5404,AQ
IT,67027,Raiano,42.1016,13.8139,AQ
IT,67028,San Demetrio Ne' Vestini,42.2896,13.5552,AQ
IT,67029,Secinaro,42.1506,13.6814,AQ
IT,67030,Castrovalva|Corfinio|Villa Scontrone|Alfedena|Torre Dei Nolfi|Roccacasale|Anversa Degli Abruzzi|Barrea|Civitella Alfedena|Pacentro|Opi|Villalago|Villetta Barrea|Cansano|Campo Di Fano|Rocca Pia|Cocullo|Vittorito|Ateleta|Scontrone|Bugnara|Prezza|Goriano Sicoli|Introdacqua|Campo Di Giove,41.9499,13.918,AQ
IT,67031,Castel Di Sangro|Roccacinquemiglia,41.7981,14.1136,AQ
IT,67032,Pescasseroli,41.8034,13.7871,AQ
IT,67033,Pescocostanzo,41.8872,14.0661,AQ
IT,67034,Pettorano Sul Gizio,41.9733,13.96,AQ
IT,67035,Pratola Peligna|Bagnaturo,42.0949,13.8909,AQ
IT,67036,Rivisondoli,41.8702,14.0667,AQ
IT,67037,Aremogna|Pietransieri|Roccaraso,41.8398,14.0773,AQ
IT,67038,Frattura|Scanno|Frattura Di Scanno,41.9218,13.8737,AQ
IT,67039,Marane|Arabona|Cavate|Abazia Di Sulmona|Torrone|Torrone Di Sulmona|Albanese|Sulmona,42.0386,13.92,AQ
IT,67040,Ocre|Collarmele|San Martino D'Ocre,42.1668,13.5519,AQ
IT,67041,Aielli|Aielli Stazione,42.0727,13.588,AQ
IT,67043,Celano,42.0808,13.517,AQ
IT,67044,Cerchio,42.0636,13.6001,AQ
IT,67045,Ville Di Lucoli|Casamaina Di Lucoli|Casamaina|Lucoli,42.27,13.3733,AQ
IT,67046,San Potito|Santo Iona|Ovindoli,42.1196,13.5137,AQ
IT,67047,Rocca Di Cambio,42.2375,13.4891,AQ
IT,67048,Rovere|Rocca Di Mezzo|Rovere Di Rocca Di Mezzo,42.1853,13.5169,AQ
IT,67049,Rocca Santo Stefano|San Nicola|Rocca Santo Stefano Di Tornimparte|Villagrande|San Nicola Di Tornimparte|Tornimparte,42.2814,13.2804,AQ
IT,67050,Roccavivi|San Vincenzo Vecchio|Rendinara|Massa D'Albe|San Vincenzo Valle Roveto Superiore|Grancia|Carrito|San Sebastiano|Castronovo|Ortona Dei Marsi|Canistro Superiore|Pagliara Dei Marsi|Pero Dei Santi|Bisegna|Ortucchio|San Vincenzo Valle Roveto|Albe|Castellafiume|Villavallelonga|Canistro|Civita D'Antino|Corona|Morino|Lecce Nei Marsi|Forme|Pagliara|Canistro Inferiore|Collelongo,41.9385,13.5013,AQ
IT,67051,Antrosano|Paterno|Avezzano|San Pelino|Cese|Santuario Di Pietracquaria,42.0457,13.4334,AQ
IT,67052,Balsorano Nuovo|Ridotti|Ridotti Di Balsorano|Balsorano,41.7983,13.5833,AQ
IT,67053,Capistrello|Corcumello|Pescocanale|Pescocanale Di Capistrello,41.9729,13.3814,AQ
IT,67054,Meta|Civitella Roveto,41.901,13.4136,AQ
IT,67055,Gioia Dei Marsi|Casali D'Aschi,41.957,13.6906,AQ
IT,67056,Luco Dei Marsi,41.9593,13.4735,AQ
IT,67057,Pescina|Venere,42.0072,13.6484,AQ
IT,67058,San Benedetto Dei Marsi,42.0076,13.6238,AQ
IT,67059,Trasacco,41.9574,13.5327,AQ
IT,67060,Cappadocia|Verrecchie|Petrella Liri,42.0201,13.2696,AQ
IT,67061,Tufo Di Carsoli|Colli Di Montebove|Pietrasecca|Villa Romana|Poggio Cinolfo|Carsoli|Montesabinese,42.1067,13.1076,AQ
IT,67062,Magliano De' Marsi|Rosciolo Dei Marsi|Rosciolo|Marano Dei Marsi,42.1137,13.3288,AQ
IT,67063,Oricola|Civita,42.063,13.0419,AQ
IT,67064,Pereto,42.0582,13.1023,AQ
IT,67066,Rocca Di Botte,42.031,13.0718,AQ
IT,67067,Santo Stefano Di Sante Marie|Santo Stefano|Scanzano|Sante Marie,42.1135,13.226,AQ
IT,67068,Scurcola Marsicana|Cappelle|Cappelle Dei Marsi,42.065,13.3596,AQ
IT,67069,Tagliacozzo|Gallo Di Tagliacozzo|San Donato|Sorbo|Sorbo Di Tagliacozzo|Villa San Sebastiano|Tremonti|Gallo|Roccacerro|Poggio Filippo|Poggetello Di Tagliacozzo|San Donato Di Tagliacozzo|Poggetello,42.081,13.267,AQ
IT,67100,Pile|L'Aquila|San Gregorio|Collebrincioni|Bagno|San Benedetto|Preturo|Arischia|Paganica|Monticchio|Pagliare|Poggio Di Roio|Aragno|Roio Piano|Onna|Tempera|Santi|Forcella|Pianola|Campo Imperatore|San Vittorino Amiterno|Colle Brincioni|Bazzano|Colle Di Roio|Assergi|Camarda|Sassa|San Vittorino|Coppito,42.3569,13.396,AQ
IT,66010,San Martino Sulla Marrucina|Pennapiedimonte|Miglianico|Ari|Gessopalena|San Pietro|Pretoro|Montenerodomo|San Rocco|Tollo|Fara Filiorum Petri|Ripa Teatina|Canosa Sannita|Civitella Messer Raimondo|Vacri|Semivicoli|Lettopalena|Roccamontepiano|Lama Dei Peligni|Casacanditella|Colledimacine|Villamagna|Palombaro|Rapino|Giuliano Teatino|Terranova|Castelferrato|Torrevecchia Teatina,42.2231,14.2182,CH
IT,66011,Colle Sant'Antonio|Bucchianico,42.3115,14.1598,CH
IT,66012,Casalincontrada,42.2974,14.1351,CH
IT,66014,Villa Tucci|Crecchio,42.3012,14.324,CH
IT,66015,Fara San Martino,42.0925,14.209,CH
IT,66016,Villa San Vincenzo|Piano Delle Fonti|Caporosso|Guardiagrele|Comino,42.1926,14.2215,CH
IT,66017,Palena,41.9835,14.137,CH
IT,66018,Taranta Peligna,42.0205,14.171,CH
IT,66019,Fallascoso|Torricella Peligna,42.0142,14.2503,CH
IT,66020,San Giovanni Teatino|Rocca San Giovanni|Sambuceto|San Giacomo Di Scerni|Villalfonsina|Torino Di Sangro Stazione|Torino Di Sangro|Scerni|Paglieta|Sant'Egidio|Pollutri,42.1788,14.4789,CH
IT,66021,Miracoli|Casalbordino|Casalbordino Stazione,42.1535,14.5991,CH
IT,66022,Scorciosa|Villascorciosa|Fossacesia Marina|Fossacesia,42.2403,14.4756,CH
IT,66023,Francavilla Al Mare|Francavilla Al Mare Rione Foro,42.4216,14.2822,CH
IT,66026,San Nicola|Ortona Foro|Villa Grande|Ortona|Ortona Porto|Villa San Leonardo|Villa San Nicola|San Leonardo|Villa Caldari,42.324,14.382,CH
IT,66030,Mozzagrogna|Filetto|Poggiofiorito|Frisa|Treglio|Arielli|Montazzoli|Villa Romagnoli|Carpineto Sinello|Guastameroli|Santa Maria Imbaro,42.1946,14.3903,CH
IT,66031,Casalanguida,42.0375,14.4961,CH
IT,66032,Castel Frentano,42.1988,14.3564,CH
IT,66033,Castiglione Messer Marino,41.8683,14.45,CH
IT,66034,Madonna Del Carmine|Lanciano|Rizzacorno|Nasuti|Sant'Amato|Villa Elce,42.2054,14.3812,CH
IT,66036,Orsogna,42.2234,14.2808,CH
IT,66037,Sant'Eusanio Del Sangro,42.1691,14.3278,CH
IT,66038,Sant'Apollinare Chietino|San Vito Chietino|Marina Di San Vito,42.2973,14.4336,CH
IT,66040,Civitaluparella|Montelapiano|Altino|Monteferrante|Colledimezzo|Gamberale|Castelguidone|Fallo|Perano|Montebello Sul Sangro|Buonanotte|Pizzoferrato|Roio Del Sangro|Borrello|Selva|Quadri|Rosello|Selva Di Altino|Pennadomo|Roccascalegna|Giuliopoli|Pietraferrazzana,41.9751,14.3388,CH
IT,66041,Monte Marcone|Piazzano|Piazzano Di Atessa|Atessa|Piana La Fara,42.1163,14.4216,CH
IT,66042,Bomba,42.0334,14.3666,CH
IT,66043,Casoli|Selva Piana,42.1192,14.2939,CH
IT,66044,Piane D'Archi|Archi,42.0973,14.3765,CH
IT,66045,Taverna Di Schiavi Di Abruzzo|Schiavi Di Abruzzo,41.8131,14.4865,CH
IT,66046,Tornareccio|San Giovanni,42.0284,14.4177,CH
IT,66047,Villa Santa Maria,41.9513,14.3515,CH
IT,66050,Guardiabruna|San Salvo|Liscia|Dogliola|Olmi|Monteodorisio|Fresagrandinaria|Roccaspinalveti|San Giovanni Lipioni|Torrebruna|Lentella|Furci|Guilmi|Celenza Sul Trigno|Carunchio|Palmoli|San Buono|Tufillo|Fraine|San Salvo Marina,41.9517,14.5854,CH
IT,66051,Cupello,42.0694,14.6705,CH
IT,66052,Gissi,42.018,14.5448,CH
IT,66054,Incoronata Di Vasto|San Lorenzo Di Vasto|Vasto|Vasto Marina|Marina Di Vasto,42.106,14.7085,CH
IT,66100,Chieti|Brecciarola|Chieti Scalo|Chieti Stazione|Tricalle,42.3392,14.1405,CH
IT,65010,Carpineto Della Nora|Villa Celiera|Piccianello|Elice|Collecorvino|Civitella Casanova|Vicoli|Brittoli|Barberi|Civitaquana|Nocciano|Spoltore|Congiunti|Santa Lucia|Santa Lucia Di Collecorvino|Villa Raspa|Cappelle Sul Tavo|Caprara D'Abruzzo|Farindola|Moscufo|Vestea|Montebello Di Bertona|Picciano|Santa Teresa,42.421,13.9927,PE
IT,65011,Catignano,42.347,13.9519,PE
IT,65012,Vallemare|Villareia|Vallemare Di Cepagatti|Villanova|Cepagatti,42.3591,14.1034,PE
IT,65013,San Martino Bassa|Marina|Villa Cipresso|Citta' Sant'Angelo,42.5148,14.1378,PE
IT,65014,Loreto Aprutino,42.431,13.9806,PE
IT,65015,Villa Carmine|Montesilvano Spiaggia|Montesilvano|Montesilvano Colle|Montesilvano Marina,42.5011,14.1449,PE
IT,65017,Penne|Roccafinadamo,42.4667,13.8771,PE
IT,65019,Cerratina|Pianella|Castellana,42.396,14.0863,PE
IT,65020,Corvara|Ticchione|Villa Oliveti|San Valentino In Abruzzo Citeriore|Bolognano|Villa San Giovanni|Alanno|Castiglione A Casauria|Turrivalignani|Salle|Cugnoli|Abbateggio|Sant'Eufemia A Maiella|Villa Badessa|Lettomanoppello|Pietranico|Alanno Scalo|Rosciano|Alanno Stazione|Roccamorice|Musellaro|Pesconuovo|Pescosansonesco|Piano D'Orta,42.2583,13.9892,PE
IT,65022,Bussi Sul Tirino|Bussi Officine,42.2053,13.8348,PE
IT,65023,San Tommaso|Caramanico Terme,42.1716,13.9875,PE
IT,65024,Manoppello Scalo|Manoppello Stazione|Ripacorbaria|Manoppello,42.2834,14.0602,PE
IT,65025,Serramonacesca,42.248,14.093,PE
IT,65026,Popoli,42.1687,13.83,PE
IT,65027,Decontra|Scafa,42.2543,14.0076,PE
IT,65028,Tocco Da Casauria,42.212,13.9155,PE
IT,65029,Torre De' Passeri,42.2432,13.9333,PE
IT,65100,Pescara,42.4584,14.2028,PE
IT,65121,Pescara,42.4584,14.2028,PE
IT,65122,Pescara,42.4584,14.2028,PE
IT,65123,Pescara,42.4584,14.2028,PE
IT,65124,Pescara,42.4584,14.2028,PE
IT,65125,Pescara|Pescara Colli,42.4584,14.2028,PE
IT,65126,Pescara,42.4584,14.2028,PE
IT,65127,Pescara,42.4584,14.2028,PE
IT,65128,Pescara,42.4584,14.2028,PE
IT,65129,Pescara|Pineta Di Pescara,42.4542,14.218,PE
IT,65131,Fontanelle,42.4244,14.0518,PE
IT,65132,San Silvestro|Pescara,42.4459,14.218,PE
IT,64010,Pietralta|Civitella Del Tronto|Ancarano|Santo Stefano|Santo Stefano Di Torricella Sicura|Valle Castellana|Torano Nuovo|Villa Lempa|Cesano|Cerqueto Del Tronto|Pascellata|Villa Favale|Ioanella|Ripe Civitella Del Tronto|Rocca Santa Maria|Ponzano|Controguerra|Rocche Di Civitella|San Vito|Villa Passo|Torricella Sicura|Colonnella|Leofara,42.7586,13.6366,TE
IT,64011,Alba Adriatica,42.8318,13.9259,TE
IT,64012,Piancarani|Campovalano|Sant'Onofrio|Campli|Garrufo Di Campli|Villa Paterno|Paterno,42.7397,13.6981,TE
IT,64013,Corropoli,42.8272,13.8347,TE
IT,64014,Martinsicuro|Villa Rosa|Villa Rosa Di Martinsicuro,42.8605,13.9179,TE
IT,64015,Nereto,42.8155,13.8199,TE
IT,64016,Sant'Egidio Alla Vibrata|Faraone Nuovo|Paolantonio|Faraone|Villa Mattoni,42.81,13.6978,TE
IT,64018,Tortoreto|Salino|Tortoreto Lido,42.7963,13.9232,TE
IT,64020,Villa Zaccheo|Bellante Stazione|Pagliare|Morro D'Oro|Zaccheo|Petriccione|Canzano|Casemolino|Valle Canzano|Ripattoni|Bellante|Castellalto|Castelbasso|Castelnuovo Vomano,42.6772,13.8454,TE
IT,64021,Giulianova|Colleranesco|Giulianova Spiaggia,42.7375,13.9519,TE
IT,64023,Notaresco Stazione|Mosciano Sant'Angelo|Montone,42.7403,13.8961,TE
IT,64024,Notaresco|Pianura Vomano|Guardia Vomano,42.6417,13.8973,TE
IT,64025,Pineto|Scerne Di Pineto|Scerne|Mutignano|Borgo Santa Maria Immacolata,42.614,14.0461,TE
IT,64026,Cologna Paese|Roseto Degli Abruzzi|Santa Lucia Di Roseto Degli Abruzzi|Cologna Spiaggia|San Giovanni|Cologna|Santa Lucia|Montepagano,42.6731,13.9786,TE
IT,64027,Poggio Morello|Garrufo|Sant'Omero,42.77,13.7734,TE
IT,64028,Silvi Marina|Silvi|Pianacce|San Silvestro,42.5786,14.005,TE
IT,64030,Montefino|Basciano|Villa Bozza|Castel Castagna,42.5613,13.8146,TE
IT,64031,Arsita,42.5027,13.7852,TE
IT,64032,Treciminiere|Casoli|Casoli Di Atri|San Giacomo D'Atri|San Giacomo|Santa Margherita|Santa Margherita Di Atri|Atri|Fontanelle,42.5984,13.9674,TE
IT,64033,Bisenti,42.5288,13.7995,TE
IT,64034,Appignano|Castiglione Messer Raimondo,42.5387,13.8646,TE
IT,64035,Castilenti|Villa San Romualdo,42.5421,13.9312,TE
IT,64036,Scorrano|Cellino Attanasio,42.5888,13.8405,TE
IT,64037,Montegualtieri|Poggio Delle Rose|Cermignano,42.5926,13.8092,TE
IT,64039,Val Vomano|Penna Sant'Andrea,42.6011,13.7645,TE
IT,64040,Cortino|Padula|Pagliaroli,42.6292,13.5065,TE
IT,64041,Castelli|Colledoro,42.5002,13.7211,TE
IT,64042,Colledara|Ornano Grande|Villa Petto,42.5472,13.6815,TE
IT,64043,Macchia Vomano|San Giorgio|San Giorgio Di Crognaleto|Tottea|Crognaleto|Cesacastina|Cervaro|Nerito|Poggio Umbricchio,42.575,13.4992,TE
IT,64044,Cerqueto|Fano Adriano,42.5492,13.5515,TE
IT,64045,Isola Del Gran Sasso D'Italia|Fano A Corno|San Gabriele Dell'Addolorata|Cerchiara|Forca Di Valle,42.504,13.6332,TE
IT,64046,Montorio Al Vomano|Cusciano|Leognano|Collevecchio Di Montorio,42.5825,13.6412,TE
IT,64047,Intermesoli|Pietracamela,42.5293,13.5479,TE
IT,64049,Azzinano|Chiarino|Tossicia,42.5505,13.6391,TE
IT,64100,Castagneto|Villa Vomano|Spiano|San Nicolo' A Tordino|Piano D'Accio|Valle San Giovanni|Nepezzano|Varano|Forcella|Poggio San Vittorino|Villa Ripa|Tordinia|Miano|Cartecchio|Sant'Atto|Colleminuccio|Colle Santa Maria|Frondarola|Colleatterrato Alto|Teramo,42.6574,13.7201,TE
IT,75010,Craco|Peschiera|Grottole|Cirigliano|Calciano|Miglionico|Gorgoglione|Aliano|Garaguso|San Mauro Forte|Oliveto Lucano,40.4698,16.2923,MT
IT,75011,Accettura,40.491,16.158,MT
IT,75012,Metaponto|Metaponto Lido|Bernalda|Serra Marina,40.3969,16.7788,MT
IT,75013,Macchia|Borgo Macchia|Ferrandina,40.4846,16.4778,MT
IT,75014,Grassano,40.6346,16.2779,MT
IT,75015,Pisticci|Marconia|Pisticci Scalo,40.3914,16.5989,MT
IT,75016,Pomarico,40.528,16.5271,MT
IT,75017,Salandra,40.5267,16.3204,MT
IT,75018,Stigliano,40.4024,16.2298,MT
IT,75019,Calle|Tricarico,40.6488,16.1377,MT
IT,75020,Nova Siri Scalo|Recoleta|Nova Siri|Scanzano Jonico|Nova Siri Stazione,40.1955,16.632,MT
IT,75021,Colobraro,40.1884,16.4248,MT
IT,75022,Irsina|Taccone,40.7741,16.2002,MT
IT,75023,Montalbano Jonico,40.2859,16.5696,MT
IT,75024,Montescaglioso,40.5502,16.6654,MT
IT,75025,Policoro,40.2128,16.6779,MT
IT,75026,Rotondella,40.1714,16.5249,MT
IT,75027,San Giorgio Lucano,40.1113,16.3893,MT
IT,75028,Tursi|Caprarico|Gannano,40.293,16.4341,MT
IT,75029,Valsinni,40.171,16.4439,MT
IT,75100,Matera|La Martella|Venusio,40.6642,16.5701,MT
IT,85010,Abriola|Madonna Del Pantano|Brindisi Montagna|Gallicchio|Albano Di Lucania|Pignola|San Chirico Nuovo|Banzi|Rifreddo|Castelmezzano|Campomaggiore|Pantano|Calvello|Guardia Perticara|Missanello|Armento|Cancellara|Vaglio Basilicata|Pietrapertosa|Anzi,40.5425,15.9691,PZ
IT,85011,Acerenza,40.7939,15.9381,PZ
IT,85012,Corleto Perticara,40.3821,16.0392,PZ
IT,85013,Genzano Di Lucania,40.8459,16.0312,PZ
IT,85014,Laurenzana,40.4591,15.9707,PZ
IT,85015,Oppido Lucano,40.6418,15.8079,PZ
IT,85016,Pietragalla|San Giorgio,40.7586,15.836,PZ
IT,85017,Tolve,40.6942,16.0163,PZ
IT,85018,Trivigno,40.5802,15.9886,PZ
IT,85020,Maschito|Sant'Angelo Di Avigliano|Rapone|Filiano|Dragonetti|Piano San Nicola|Sterpito|Avigliano Scalo|Montemilone|Sant'Andrea|Sterpito Di Sotto|Ruvo Del Monte|Sant'Ilario|Sterpito Di Sopra|Scalera|Ginestra|San Nicola|Atella|San Fele|Pescopagano|Ripacandida|Lagopesole|San Giorgio Di Pietragalla,40.8649,15.6778,PZ
IT,85021,Castel Lagopesole|San Cataldo Di Bella|Piano Del Conte|Sant'Angelo|San Cataldo|Possidente|Avigliano,40.7745,15.7397,PZ
IT,85022,Barile,40.9433,15.6717,PZ
IT,85023,Forenza,40.8604,15.8546,PZ
IT,85024,Lavello|Gaudiano,41.0477,15.7891,PZ
IT,85025,Foggiano|Leonessa Di Melfi|Melfi,41.0102,15.6111,PZ
IT,85026,Palazzo San Gervasio,40.9316,15.9815,PZ
IT,85027,Rapolla,40.975,15.672,PZ
IT,85028,Monticchio|Rionero In Vulture|Monticchio Bagni,40.9362,15.6203,PZ
IT,85029,Venosa,40.9628,15.8128,PZ
IT,85030,San Paolo Albanese|Calvera|Mezzana|Casa Del Conte|Castronuovo Di Sant'Andrea|Carbone|San Chirico Raparo|San Costantino Albanese|Villaneto|Cersosimo|Terranova Di Pollino|San Martino D'Agri|Mezzana Salice|San Severino Lucano,40.0877,16.1943,PZ
IT,85031,Frusci|Castelsaraceno|Miraldo,40.1424,15.9735,PZ
IT,85032,Chiaromonte|Teana,40.1245,16.1836,PZ
IT,85033,Episcopia,40.0748,16.0982,PZ
IT,85034,Francavilla In Sinni|Fardella,40.0976,16.187,PZ
IT,85035,Noepoli,40.087,16.3283,PZ
IT,85036,Roccanova,40.2125,16.2043,PZ
IT,85037,Sant'Arcangelo|San Brancato,40.2533,16.2635,PZ
IT,85038,Senise,40.1462,16.2887,PZ
IT,85039,Spinoso,40.2692,15.9666,PZ
IT,85040,San Costantino|Rivello|San Costantino Di Rivello|Castelluccio Inferiore|Castelluccio Superiore|Nemoli|Viggianello|Pedali Di Viggianello,40.0339,15.8791,PZ
IT,85042,Lagonegro,40.1278,15.7621,PZ
IT,85043,Mileo|Magnano|Cerri|Latronico|Agromonte,40.0493,15.9897,PZ
IT,85044,Lauria Superiore|Lauria Inferiore|Cogliandrino|Seluci|Lauria|Galdo|Galdo Di Lauria|Pecorone,40.0547,15.8879,PZ
IT,85046,Massa|Fiumicello Santa Venere|Acquafredda|Maratea Porto|Maratea,40.0023,15.7112,PZ
IT,85047,Moliterno,40.2439,15.8654,PZ
IT,85048,Rotonda,39.9521,16.039,PZ
IT,85049,Piano Dei Peri|Trecchina,40.0117,15.7843,PZ
IT,85050,Grumento Nova|Villa D'Agri|Marsicovetere|Sasso Di Castalda|Tito|Sant'Angelo Le Fratte|Savoia Di Lucania|Brienza|Baragiano|Balvano|Castelgrande|Sarconi|Scalo Di Baragiano|Tito Scalo|Satriano Di Lucania|Baragiano Scalo|Paterno,40.5216,15.6618,PZ
IT,85051,Sant'Antonio Casalini|Bella,40.7463,15.5669,PZ
IT,85052,Marsico Nuovo|Galaino|Pergola,40.4124,15.7261,PZ
IT,85053,Montemurro,40.2977,15.9918,PZ
IT,85054,Capo Di Giano|Muro Lucano,40.7538,15.4881,PZ
IT,85055,Picerno,40.6397,15.6423,PZ
IT,85056,Ruoti,40.7166,15.6837,PZ
IT,85057,Tramutola,40.3186,15.7875,PZ
IT,85058,Vietri Di Potenza|Mosileo,40.602,15.4915,PZ
IT,85059,Viggiano,40.3421,15.8996,PZ
IT,85100,Potenza|Montocchio|Giuliano,40.6659,15.7792,PZ
IT,87010,Firmo|San Basile|Policastrello|San Donato Di Ninea|Rota Greca|Torano Castello|Torano Castello Scalo|Malvito|Terranova Da Sibari|Lungro|Eianina|Ioggi|Regina|Santa Maria Le Grotte|Lattarico|San Sosti|Acquaformosa|Sant'Agata Di Esaro|Frascineto|Saracena|Santa Caterina Albanese|Cervicati|Sartano|Civita|Mottafollone|San Martino Di Finita,39.6356,16.1353,CS
IT,87011,Sibari Stazione|Lattughelle|Lauropoli|Pianoscafo|Doria|Cassano Allo Ionio|Sibari,39.7517,16.3881,CS
IT,87012,Castrovillari|Vigne Di Castrovillari,39.8163,16.2018,CS
IT,87013,Fagnano Castello,39.5716,16.0625,CS
IT,87014,Laino Borgo,39.9543,15.9735,CS
IT,87015,Laino Castello,39.9363,15.9766,CS
IT,87016,Morano Calabro,39.8414,16.1384,CS
IT,87017,Roggiano Gravina,39.6179,16.1617,CS
IT,87018,San Marco Argentano|San Marco Roggiano Stazione|San Marco Argentano Stazione,39.5573,16.1245,CS
IT,87019,Spezzano Albanese Terme|Spezzano Albanese|Spezzano Albanese Stazione,39.6895,16.2971,CS
IT,87020,Acquappesa|Marina Di Tortora|Acquappesa Marina|Marcellina|Santa Domenica Talao|Bonifati|Sangineto|Guardia Piemontese Marina|San Nicola Arcella|Guardia Piemontese|Maiera'|Tortora Marina|Torrevecchia|Le Crete|Grisolia|Verbicaro|Granata|Cittadella Del Capo|Intavolata|Buonvicino|Orsomarso|Aieta|Guardia Piemontese Terme|Sangineto Lido|Papasidero|Santa Maria Del Cedro|Tortora,39.6977,15.8783,CS
IT,87021,Laise|Belvedere Marittimo|Marina Di Belvedere Marittimo,39.6326,15.8575,CS
IT,87022,San Filippo|Cetraro|Sant'Angelo Di Cetraro|Sant'Angelo|Battendieri|Cetraro Marina,39.5725,15.9299,CS
IT,87023,Diamante|Cirella,39.6974,15.8161,CS
IT,87024,Scarcelli|Marina Di Fuscaldo|Fuscaldo|Cariglio,39.4179,16.0173,CS
IT,87026,Mormanno,39.6348,15.9018,CS
IT,87027,Paola Marina|Paola|Paola Santuario|San Miceli|Fosse|Santuario San Francesco,39.3614,16.0411,CS
IT,87028,Praia A Mare,39.8941,15.7842,CS
IT,87029,Scalea,39.8061,15.7964,CS
IT,87030,Carolei|Vadue|Cleto|Belsito|Gesuiti|Fiumefreddo Bruzio|Serra D'Aiello|San Vincenzo La Costa|Domanico|Falconara Albanese|Malito|Torremezzo|Marina Di Fiumefreddo Bruzio|Reggio|Scornavacca|San Biase|Longobardi Marina|Torremezzo Di Falconara|Longobardi|Stazione Di Fiumefreddo Bruzio|San Pietro In Amantea|Savuto Di Cleto|Savuto,39.2104,16.1346,CS
IT,87031,Aiello Calabro,39.1178,16.1654,CS
IT,87032,Amantea Marina|Amantea|Campora San Giovanni|Corica,39.0931,16.0862,CS
IT,87033,Belmonte Calabro Marina|Belmonte Calabro|Vadi,39.1631,16.0836,CS
IT,87034,Grimaldi,39.1411,16.2351,CS
IT,87035,Terrati|Aria Di Lupi|Lago|Greci,39.1563,16.1493,CS
IT,87036,Quattromiglia|Santo Stefano|Arcavacata|Rende|Commenda|Roges|Surdo|Castiglione Cosentino Stazione,39.3419,16.2054,CS
IT,87037,Bucita|San Fili,39.3436,16.1382,CS
IT,87038,San Lucido|Pollella,39.3101,16.0532,CS
IT,87040,Mongrassano|Tivolille|San Giacomo Di Cerzeto|Stazione Di Mongrassano|Marano Principato|Deposito Di Luzzi|Mongrassano Stazione|Rose|San Giacomo|Rosario|Casal Di Basso|Andreotta|Montalto Uffugo Scalo|San Benedetto Ullano|San Bartolo|Altilia|Maione|San Lorenzo Del Vallo|Ortomatera|Timparello Di Luzzi|Cerzeto|Tarsia|Luzzi|Mendicino|Timparello|Cavallerizzo|Malavicina|Paterno Calabro|Parenti|Andreotta Di Castrolibero|Marano Marchesato|Taverna Di Montalto Uffugo|Castiglione Cosentino|Zumpano|Castrolibero,39.3675,16.2246,CS
IT,87041,Acri|Duglia|San Giacomo D'Acri|Montagnola|Serricella,39.4961,16.4127,CS
IT,87042,Altomonte,39.699,16.13,CS
IT,87043,Bisignano,39.5073,16.2811,CS
IT,87044,Cerisano,39.2771,16.1765,CS
IT,87045,Dipignano|Laurignano|Tessano,39.258,16.2451,CS
IT,87046,Caldopiano|Parantoro|Vaccarizzo Di Montalto|Vaccarizzo|Montalto Uffugo,39.4022,16.1375,CS
IT,87047,San Benedetto In Guarano|San Pietro In Guarano|Redipiano,39.3451,16.3106,CS
IT,87048,Santa Sofia D'Epiro,39.546,16.3281,CS
IT,87050,Trenta|Pietrafitta|Figline Vegliaturo|Morelli|Rovito|Pedace|Pian Del Lago|Perito|Piane Crati|Magli|Lappano|Spezzano Piccolo|Mangone|Casole Bruzio|Cellara|Serra Pedace|Carpanzano|Marzi|Pedivigliano|Borboruso|Panettieri|Bianchi|Silvana Mansio|Colosimi,39.2205,16.3491,CS
IT,87051,Vico|Camarda Di Aprigliano|Aprigliano,39.2414,16.3351,CS
IT,87052,Moccone|Camigliatello Silano|Croce Di Magara|Camigliatello|Fago Del Soldato,39.3449,16.43,CS
IT,87053,Celico,39.3101,16.3399,CS
IT,87054,Saliano|Rogliano,39.1806,16.3765,CS
IT,87055,San Giovanni In Fiore|Lorica|Monte Oliveto,39.2524,16.6044,CS
IT,87056,Santo Stefano Di Rogliano,39.1922,16.3208,CS
IT,87057,Diano|Scigliano|Calvisi,39.1306,16.3071,CS
IT,87058,Spezzano Della Sila,39.3003,16.3392,CS
IT,87060,Terravecchia|Pietrapaola Stazione|Pietrapaola|Paludi|Caloveto|San Cosmo Albanese|Calopezzati|Crosia|Camigliano|Bocchigliero|Marinella|Cropalati|Mandatoriccio|Scala Coeli|Vaccarizzo Albanese|Mirto|San Giorgio Albanese|Vecchiarello|San Morello,39.5205,16.7129,CS
IT,87061,Campana,39.4136,16.8222,CS
IT,87062,Cariati|Cariati Marina,39.4963,16.9549,CS
IT,87064,Corigliano Calabro|Fabrizio|Villaggio Frasso|Corigliano Calabro Stazione|Schiavonea|Marina Di Schiavonea|Cantinella|Corigliano Scalo,39.6359,16.511,CS
IT,87066,Longobucco|Destro,39.4688,16.6523,CS
IT,87067,Rossano|Rossano Stazione|Piragineti|Amica,39.5964,16.6276,CS
IT,87069,Macchia Albanese|San Demetrio Corone,39.5755,16.3713,CS
IT,87070,Farneta|Nocara|Canna|Castroregio|Alessandria Del Carretto|Piana Di Cerchiara|Roseto Capo Spulico Stazione|Borgata Marina|Cerchiara Di Calabria|Albidona|Montegiordano|Plataci|Roseto Capo Spulico|San Lorenzo Bellizzi|Montegiordano Marina,39.9822,16.4787,CS
IT,87071,Amendolara|Amendolara Marina,39.9451,16.5944,CS
IT,87072,Francavilla Marittima,39.8161,16.395,CS
IT,87073,Oriolo,40.0532,16.4466,CS
IT,87074,Rocca Imperiale Marina|Rocca Imperiale,40.1048,16.5958,CS
IT,87075,Trebisacce,39.8713,16.5342,CS
IT,87076,Torre Cerchiar|Villapiana|Villapiana Scalo|Villapiana Lido,39.8161,16.4743,CS
IT,87100,Donnici Inferiore|Donnici Superiore|Sanvito|Casali|Borgo Partenope|Sant'Ippolito Di Cosenza|Cosenza,39.3097,16.2943,CS
IT,88020,Jacurso|Cortale,38.8433,16.3947,CZ
IT,88021,San Floro|Roccelletta|Borgia,38.8252,16.5415,CZ
IT,88022,Acconia|Curinga,38.832,16.2893,CZ
IT,88024,Girifalco,38.8259,16.4269,CZ
IT,88025,San Pietro A Maida|Maida,38.853,16.352,CZ
IT,88040,Castagna|Pianopoli|Conflenti Inferiore|Cicala|Martirano|Accaria|Serrastretta|Gizzeria Lido|Motta Santa Lucia|San Pietro Apostolo|Settingiano|Accaria Rosaria|Platania|Martirano Lombardo|Amato|Conflenti|Angoli|Martelletto|San Michele|Cancello|Miglierina|Migliuso|Feroleto Antico|San Mazzeo|Carlopoli|Gizzeria|Pratora Sarrottino|Ievoli|San Mango D'Aquino,39.0025,16.3621,CZ
IT,88041,Decollatura|San Bernardo|Cerrisi|Adami,39.0511,16.3561,CZ
IT,88042,Castiglione Marittimo|Falerna|Falerna Scalo,38.9859,16.1613,CZ
IT,88044,Marcellinara,38.9257,16.4876,CZ
IT,88045,Gimigliano Inferiore|Cavora' Di Gimigliano|Cavora'|Gimigliano,38.9594,16.5486,CZ
IT,88046,Lamezia Terme|Zangarona Di Lamezia Terme|Zangarona|Fronti|Sambiase Di Lamezia Terme|San Pietro Lametino|Sant'Eufemia Di Lamezia Terme|Sambiase|Acquafredda|Nicastro|Gabella|Caronte|Bella Di Lamezia Terme|Santa Eufemia Lamezia,38.9593,16.2947,CZ
IT,88047,Nocera Terinese|Marina Di Nocera Terinese,39.0347,16.1674,CZ
IT,88049,San Tommaso|Soveria Mannelli|Colla,39.0774,16.38,CZ
IT,88050,Uria|Marcedusa|Vallefiorita|Crichi|Sellia|Belcastro|Petrona'|La Petrizia|Amaroni|Sorbo San Basile|Soveria Simeri|Fossato Serralta|Palermiti|Magisano|Calabricata|San Pietro|Zagarise|Scoppolise|Petrizia|Cerva|Sellia Marina|Andali|Simeri Crichi|San Pietro Magisano|Pentone|Simeri|Caraffa Di Catanzaro,38.9478,16.6463,CZ
IT,88051,Cropani|Cuturella|Cropani Marina,38.9487,16.7925,CZ
IT,88054,Sersale,39.0101,16.7296,CZ
IT,88055,Albi|Villaggio Mancuso|San Giovanni|Taverna|Villaggio Racise|San Giovanni D'Albi|Buturo,39.0468,16.5753,CZ
IT,88056,Pratora|Tiriolo,38.9261,16.5228,CZ
IT,88060,Gagliato|Sant'Andrea Ionio Marina|Argusto|San Sostene|San Sostene Marina|Torre Di Ruggiero|Marina Di Davoli|Montepaone|Gasperina|Santa Caterina Dello Ionio|Davoli|Santa Caterina Dello Ionio Marina|Sant'Andrea Apostolo Dello Ionio|Marina Di Guardavalle|Isca Marina|Montauro Stazione|Badolato Marina|Petrizzi|Isca Sullo Ionio|Marina Di Sant'Andrea Jonio|Montauro|Montepaone Lido|Badolato|Satriano,38.6386,16.5124,CZ
IT,88062,Novalba|Cardinale,38.6538,16.3872,CZ
IT,88064,Chiaravalle Centrale,38.6794,16.4086,CZ
IT,88065,Guardavalle|Guardavalle Marina,38.4924,16.5416,CZ
IT,88067,Cenadi|Centrache|San Vito Sullo Ionio|Olivadi,38.7203,16.4198,CZ
IT,88068,Soverato|Soverato Marina|Soverato Superiore,38.6875,16.5419,CZ
IT,88069,Staletti|Squillace Lido|Copanello|Lido Di Squillace|Squillace,38.7724,16.5517,CZ
IT,88070,Botricello,38.93,16.858,CZ
IT,88100,Siano|Pontegrande|Catanzaro Lido|Catanzaro Sala|Santa Maria Di Catanzaro|Catanzaro|Cava Di Catanzaro|Sant'Elia,38.9022,16.6008,CZ
IT,88811,Ciro' Marina,39.3688,17.1248,KR
IT,88812,Crucoli|Torretta|Crucoli Torretta,39.4448,17.0251,KR
IT,88813,Ciro',39.383,17.0638,KR
IT,88814,Torre Melissa|Melissa,39.3098,17.0681,KR
IT,88815,Marina Di Strongoli,39.2283,17.1035,KR
IT,88816,Strongoli,39.2658,17.0541,KR
IT,88817,Carfizzi|San Nicola Dell'Alto,39.2993,16.9732,KR
IT,88818,Pallagorio,39.3076,16.9082,KR
IT,88819,Verzino,39.3132,16.8561,KR
IT,88821,Corazzo|Rocca Di Neto,39.1802,16.9771,KR
IT,88822,Casabona|Zinga,39.2553,16.9359,KR
IT,88823,Perticaro|Umbriatico,39.3476,16.9049,KR
IT,88824,Belvedere Di Spinello,39.2836,16.9109,KR
IT,88825,Savelli,39.3128,16.7764,KR
IT,88831,San Mauro Marchesato|Scandale,39.1145,16.9438,KR
IT,88832,Santa Severina|Altilia,39.1645,16.8959,KR
IT,88833,Caccuri|Cerenzia,39.2356,16.7827,KR
IT,88834,Castelsilano,39.2691,16.7674,KR
IT,88835,Roccabernarda,39.1328,16.8608,KR
IT,88836,Cotronei,39.1593,16.7769,KR
IT,88837,Camellino|Pagliarelle|Petilia Policastro|Foresta,39.1203,16.7781,KR
IT,88838,Filippa|Mesoraca,39.0795,16.7881,KR
IT,88841,Punta Le Castella|Sant'Anna|Le Castella|Isola Di Capo Rizzuto,38.9343,17.0573,KR
IT,88842,Steccato Di Cutro|Cutro|San Leonardo Di Cutro,38.9773,16.964,KR
IT,88900,Crotone|Papanice|Villaggio Bucchi,39.0758,17.0774,KR
IT,89010,Scido|Terranova Sappo Minulio|Molochio|Varapodio,38.2976,15.9887,RC
IT,89011,Bagnara Calabra|Marinella|Pellegrina|Ceramida|Porelli Di Bagnara|Solano Inferiore,38.2257,15.8752,RC
IT,89012,Delianuova,38.2359,15.9171,RC
IT,89013,Gioia Tauro|Marina Di Gioia Tauro,38.4292,15.9071,RC
IT,89014,Piminoro|Messignadi|Castellace|Oppido Mamertina|Zurgonadio|Tresilico,38.295,15.982,RC
IT,89015,Taureana|Palmi|Trodio,38.3809,15.8616,RC
IT,89016,Cirello|Drosi|Spina|Rizziconi,38.4069,15.9599,RC
IT,89017,San Giorgio Morgeto,38.3919,16.0879,RC
IT,89018,Villa San Giovanni|Cannitello|Ferrito|Acciarello|Pezzo Di Villa San Giovanni,38.2291,15.721,RC
IT,89020,San Pier Fedele|Candidoni|Melicucca'|Anoia Inferiore|Tritanti|Maropati|San Procopio|Sinopoli|Serrata|Melicucco|San Pietro Di Carida'|Anoia|Sinopoli Inferiore|Anoia Superiore|Giffone,38.4162,16.0442,RC
IT,89021,Cinquefrondi,38.4162,16.0842,RC
IT,89022,Cittanova,38.3543,16.079,RC
IT,89023,Bellantone|Stelletanone|Laureana Di Borrello,38.4921,16.0843,RC
IT,89024,Polistena,38.4054,16.0733,RC
IT,89025,Rosarno|Bosco,38.4872,15.9796,RC
IT,89026,San Ferdinando,38.484,15.9188,RC
IT,89027,Sant'Eufemia D'Aspromonte,38.2631,15.8567,RC
IT,89028,Sant'Anna Di Seminara|Seminara|Barritteri|Sant'Anna,38.3713,15.9291,RC
IT,89029,Amato Di Taurianova|Taurianova|San Martino Di Taurianova|San Martino,38.363,15.9817,RC
IT,89030,Sant'Agata Del Bianco|Bruzzano Zeffirio|Africo|Natile|Natile Vecchio|Canalello|San Luca|Natile Nuovo|Condofuri Marina|San Carlo|Careri|Condofuri|Benestare|Samo|Staiti|Caraffa Del Bianco|Motticella|Belloro|Ferruzzano|Casignana|Santuario Di Polsi,38.0809,16.0411,RC
IT,89031,Ardore|San Nicola|Bombile,38.1768,16.1669,RC
IT,89032,Pardesca|Bianco,38.0866,16.1364,RC
IT,89033,Bova,37.9951,15.9319,RC
IT,89034,Bovalino Superiore|Bosco Sant'Ippolito|Bovalino Marina|Bovalino,38.153,16.161,RC
IT,89035,Bova Marina,37.935,15.9174,RC
IT,89036,Galati|Capo Spartivento|Brancaleone Marina|Brancaleone,37.9539,16.0892,RC
IT,89037,Ardore Marina|Marina D'Ardore,38.1667,16.2,RC
IT,89038,Palizzi Marina|Pietrapennata|Palizzi|Marina Di Palizzi,37.9478,15.9883,RC
IT,89039,Plati',38.2215,16.0453,RC
IT,89040,Sant'Ilario Dello Ionio|Camini|Agnana Calabra|Cirella|Condojanni|Antonimina|Cimina'|Riace|Portigliola|Bivongi|Placanica|Monasterace|San Giovanni Di Gerace|Marina Di Caulonia|Canolo|Martone|Canolo Nuova|Stignano|Monasterace Marina|Marina Di Sant'Ilario Dello Ionio|Gerace|Riace Marina|Pazzano,38.3395,16.3257,RC
IT,89041,Campoli Di Caulonia|Ursini|Caulonia Marina|San Nicola Di Caulonia|Caulonia,38.3891,16.4114,RC
IT,89042,Gioiosa Ionica,38.3272,16.3041,RC
IT,89043,Grotteria|Croce Ferrata,38.3651,16.2652,RC
IT,89044,Merici|Moschetta|Moschetta Di Locri|Locri,38.2269,16.2395,RC
IT,89045,Mammola,38.3626,16.2387,RC
IT,89046,Marina Di Gioiosa Ionica,38.3016,16.3315,RC
IT,89047,Roccella Ionica,38.3212,16.3969,RC
IT,89048,Donisi|Siderno Superiore|Siderno|Siderno Marina,38.2858,16.2903,RC
IT,89049,Stilo,38.4763,16.4675,RC
IT,89050,Cosoleto|Villa Mesa|Sitizano|San Roberto|Fiumara|Laganadi|Feroleto Della Chiesa|Acquacalda|Colelli|Plaesano|Sant'Alessio In Aspromonte|Calanna,38.2563,15.8222,RC
IT,89052,Campo Calabro,38.2161,15.6592,RC
IT,89054,Galatro,38.4607,16.1084,RC
IT,89056,Santa Cristina D'Aspromonte|Lubrichi,38.2629,15.9598,RC
IT,89057,Santo Stefano In Aspromonte|Gambarie,38.1679,15.8116,RC
IT,89058,Scilla|Favazzina|Melia|Milea,38.2781,15.8244,RC
IT,89060,Cardeto|Saline Joniche|Ghorio|Roghudi|Roghudi Nuovo|Bagaladi|Roccaforte Del Greco,37.999,15.8037,RC
IT,89062,Lazzaro,37.9728,15.6651,RC
IT,89063,Anna'|Melito Di Porto Salvo|Prunella|Lacco|Caredia|Pentedattilo,37.9402,15.7713,RC
IT,89064,Montebello Ionico|Saline Ioniche|Fossato Ionico|Masella,37.9747,15.7486,RC
IT,89065,Motta San Giovanni,38.0103,15.7126,RC
IT,89069,Marina Di San Lorenzo|Chorio|San Pantaleone|San Lorenzo|San Fantino,37.981,15.8276,RC
IT,89100,Reggio Calabria,38.1105,15.6613,RC
IT,89121,Reggio Calabria|Archi|Santa Caterina,38.1761,15.8498,RC
IT,89122,Reggio Calabria|Vito,38.1193,15.6694,RC
IT,89123,Reggio Calabria,38.1105,15.6613,RC
IT,89124,Eremo|Reggio Calabria,38.1105,15.6613,RC
IT,89125,Reggio Calabria,38.1105,15.6613,RC
IT,89126,Trabocchetto|Orti' Inferiore|Podargoni|Terreti|Schindilifa'|In Via Dalmazia|Reggio Calabria|Trizzino|Orti' Superiore|Sant'Elia Di Condera|Cerasi|Arasi'|Orti',38.1411,15.7279,RC
IT,89127,Reggio Calabria,38.1105,15.6613,RC
IT,89128,Spirito Santo|Reggio Calabria,38.1747,15.8462,RC
IT,89129,Reggio Calabria,38.1105,15.6613,RC
IT,89130,Reggio Calabria,38.1105,15.6613,RC
IT,89131,Armo|Puzzi|Gallina|Ravagnese|Reggio Calabria,38.0881,15.6862,RC
IT,89132,Reggio Calabria,38.1105,15.6613,RC
IT,89133,Mosorrofa|Cataforio|Sbarre|San Sperato|San Giorgio Extra|Vinco|Reggio Calabria|Cannavo'|Pavigliana|San Salvatore,38.0996,15.6968,RC
IT,89134,Reggio Calabria|San Gregorio|Rosario Valanidi|Croce Valanidi|Pellaro|Bocale,38.0683,15.669,RC
IT,89135,Salice Calabro|Catona|Diminniti|Villa San Giuseppe|Gallico|Reggio Calabria|Rosali'|Sambatello,38.1647,15.675,RC
IT,89812,Pizzo|Pizzo Marina,38.7526,16.187,VV
IT,89813,Trecroci|Menniti|Polia,38.7511,16.3139,VV
IT,89814,Filadelfia|Scarro|Montesoro,38.801,16.2983,VV
IT,89815,Francavilla Angitola,38.7802,16.2723,VV
IT,89816,San Cono|Pannaconi|Favelloni|Cessaniti,38.6804,16.0284,VV
IT,89817,Briatico|Paradisoni|Sciconi|San Costantino|San Costantino Di Briatico|Potenzoni,38.6905,16.0308,VV
IT,89818,Capistrano,38.6913,16.2893,VV
IT,89819,Monterosso Calabro,38.7175,16.2907,VV
IT,89821,San Nicola Da Crissa|Vallelonga,38.6555,16.2913,VV
IT,89822,Simbario|Brognaturo|Spadola|Serra San Bruno,38.5979,16.3351,VV
IT,89823,Mongiana|Fabrizia,38.5023,16.3088,VV
IT,89824,Nardodipace,38.4742,16.343,VV
IT,89831,Gerocarne|Sant'Angelo|Ciano|Soriano Calabro|Sant'Angelo Gerocarne|Sorianello,38.5975,16.2043,VV
IT,89832,Arena|Dasa'|Acquaro|Limpidi,38.5568,16.1919,VV
IT,89833,Monsoreto|Dinami|Melicucca' Di Dinami,38.5279,16.156,VV
IT,89834,Vazzano|Pizzoni,38.6279,16.2484,VV
IT,89841,Moladi|Filandari|Presinaci|Rombiolo|Pernocari|Pizzinni|Arzona,38.609,16.0214,VV
IT,89842,Calimera Calabra|San Calogero,38.5745,16.0193,VV
IT,89843,Stefanaconi|Maierato|Filogaso|Sant'Onofrio,38.6923,16.1682,VV
IT,89844,Limbadi|Badia|Motta Filocastro|Marina Di Nicotera|Preitoni|Caroni|Nicotera|Comerconi|Mandaradoni,38.5649,15.9474,VV
IT,89851,Nao|San Costantino Calabro|Francica|Jonadi,38.6266,16.0789,VV
IT,89852,Comparni|Paravati|Mileto|San Giovanni,38.5876,16.067,VV
IT,89853,San Gregorio D'Ippona,38.6453,16.1036,VV
IT,89861,Tropea|Fitili|Parghelia,38.6774,15.9157,VV
IT,89862,Drapia|Brattiro'|Caria|Gasponi,38.6556,15.9013,VV
IT,89863,Joppolo|Caroniti|Coccorino,38.595,15.8917,VV
IT,89864,Spilinga|Panaia,38.6257,15.8991,VV
IT,89866,San Nicolo'|San Nicolo' Di Ricadi|Lampazzone|Santa Domenica|Barbalaconi|Santa Domenica Ricadi|Ricadi,38.6417,15.8617,VV
IT,89867,Zungri|Zaccanopoli,38.6611,15.9564,VV
IT,89868,Daffina'|Zambrone|San Giovanni Di Zambrone,38.6739,15.9507,VV
IT,89900,Vena|Porto Salvo|Vibo Marina|Vibo Valentia|Longobardi|Vibo Valentia Marina|Vena Superiore|Triparni|Piscopio,38.6881,16.0942,VV
IT,83010,Capriglia Irpina|Summonte|Sant'Angelo A Scala|Tufo|Petruro Irpino|Starze|Starze Di Summonte|Grottolella|San Felice|Torrioni|Chianche,40.9842,14.7823,AV
IT,83011,Altavilla Irpina,41.0062,14.7809,AV
IT,83012,Ioffredo|Cervinara|Trescine,41.0215,14.6174,AV
IT,83013,Santuario Di Montevergine|Mercogliano|Torrette|Torelli Di Mercogliano|Torelli,40.9112,14.7501,AV
IT,83014,Ospedaletto D'Alpinolo,40.9391,14.7465,AV
IT,83015,Ciardelli Inferiore|Pietrastornina,41.0037,14.7267,AV
IT,83016,Tufara Valle|Roccabascerana|Cassano Caudino|Squillani,41.0316,14.7176,AV
IT,83017,Ferrari Di Cervinara|Rotondi,41.0329,14.5955,AV
IT,83018,San Martino Valle Caudina,41.0276,14.6645,AV
IT,83020,Cesinali|Tavernola San Felice|Pago Del Vallo Di Lauro|Domicella|Petruro|Celzi|Forino|Aiello Del Sabato|Quindici|Santa Lucia Di Serino|Marzano Di Nola|Sirignano|Casola|Sperone|Quadrelle|Moschiano|Contrada|San Michele Di Serino|Taurano,40.8901,14.699,AV
IT,83021,Avella,40.96,14.6009,AV
IT,83022,Baiano,40.9514,14.6165,AV
IT,83023,Fontenovella|Lauro|Migliano,40.8794,14.623,AV
IT,83024,Monteforte Irpino|Molinelle,40.9027,14.7531,AV
IT,83025,Borgo Di Montoro Inferiore|Preturo|Caliano|Torchiati|Misciano|Borgo|Montoro|Aterrana|Figlioli|Montoro Inferiore|Piazza Di Pandola|San Pietro|Banzano|Montoro Superiore|Piano,40.8221,14.7848,AV
IT,83026,Banzano Di Montoro Superiore|San Pietro Di Montoro Superiore,40.8739,14.7265,AV
IT,83027,Mugnano Del Cardinale,40.9425,14.6361,AV
IT,83028,Ferrari Stazione Serino|Canale|San Sossio Di Serino|San Biagio|Sala|Serino,40.8671,14.8802,AV
IT,83029,Solofra|Sant'Agata Irpina|Sant'Andrea Apostolo,40.8334,14.8371,AV
IT,83030,Prata Di Principato Ultra|Montaguto|Greci|Sant'Elena Irpina|Castello Del Lago|Savignano Stazione|Taurasi|Sant'Angelo A Cancelli|Serra|Pietradefusi|Zungoli|Santa Paolina|Melito Irpino|Dentecane|Lapio|Manocalzati|Torre Le Nocelle|Arcella|Villanova Del Battista|San Barbato|Campanarello|Montefalcione|Montefredane|Montefusco|Venticano|Savignano Irpino,41.0546,14.9575,AV
IT,83031,Ariano Irpino|Palazzisi|Ariano Scalo|La Manna|Ariano Irpino Stazione|Orneta,41.1516,15.0893,AV
IT,83032,Bonito|Morroni,41.0917,14.9774,AV
IT,83034,Casalbore,41.2337,15.0075,AV
IT,83035,Grottaminarda|Carpignano,41.0536,15.0556,AV
IT,83036,Passo Di Mirabella|Calore|Pianopantano|Mirabella Eclano,41.0515,15.0111,AV
IT,83037,Montecalvo Irpino,41.1962,15.0345,AV
IT,83038,Montemiletto|Montaperto,41.0088,14.8971,AV
IT,83039,San Michele Di Pratola Serra|San Michele Di Pratola|Serra|Serra Di Pratola Serra|Pratola Serra,41.0214,14.9144,AV
IT,83040,Mattinella|Carife|Pagliara|Candida|Gesualdo|Alvano|Quaglietta|Luogosano|Castelfranci|Guardia Lombardi|Fontanarosa|Montemarano|Conza Della Campania|Cairano|Castelvetere Sul Calore|Cassano Irpino|Castel Baronia|Andretta|Chiusano Di San Domenico|Morra De Sanctis|Materdomini|Caposele|Frigento|Flumeri|Pila Ai Piani|Calabritto,40.9369,15.1477,AV
IT,83041,Aquilonia,40.9869,15.4751,AV
IT,83042,Atripalda,40.9187,14.8272,AV
IT,83043,Villaggio Laceno|Laceno|Bagnoli Irpino,40.8133,15.0988,AV
IT,83044,Piano Regolatore|Bisaccia|Bisaccia Nuova,41.0094,15.3662,AV
IT,83045,Calitri,40.9257,15.4039,AV
IT,83046,Lacedonia,41.0502,15.4217,AV
IT,83047,Lioni,40.8808,15.1834,AV
IT,83048,Fontana Di Montella|Montella|Sorbo Di Montella,40.8423,15.0171,AV
IT,83049,Monteverde,40.9986,15.5336,AV
IT,83050,Rocca San Felice|Salza Irpina|San Potito Ultra|Sorbo Serpico|San Sossio Baronia|Volturara Irpina|Villamaina|Vallesaccarda|San Nicola Baronia|Scampitella|Senerchia|Parolise|Sant'Angelo All'Esca|San Mango Sul Calore|Santo Stefano Del Sole,40.9589,15.0462,AV
IT,83051,Nusco|Ponteromito,40.8882,15.0919,AV
IT,83052,Paternopoli,40.9727,15.0324,AV
IT,83053,Sant'Andrea Di Conza,40.8448,15.3697,AV
IT,83054,Sant'Angelo Dei Lombardi|San Vito|San Vito Dei Lombardi,40.9375,15.1318,AV
IT,83055,Sturno,41.0222,15.1125,AV
IT,83056,Teora,40.8528,15.2534,AV
IT,83057,Torella Dei Lombardi,40.9373,15.1078,AV
IT,83058,Molini|Trevico,41.0545,15.2323,AV
IT,83059,Vallata,41.0402,15.2538,AV
IT,83100,Picarelli|Bellizzi Irpino|Valle Ponticelli|Avellino,40.9156,14.7949,AV
IT,82010,Ceppaloni|Pastene|Bagnara|Pagliara|Ripabianca Tressanti|Sant'Angelo A Cupolo|Monterocchetta|Montorsi|Terranova D'Arpaise|Terranova|Beltiglio|Ripabianca|San Nicola Manfredi|Moiano|Luzzano|Perrillo|Beltiglio Di Ceppaloni|Bosco Perrotta|San Martino Sannita|San Giovanni Di Ceppaloni|Arpaise|Bucciano|Maccoli|Iannassi|Motta|Cavuoti|San Leucio Del Sannio,41.068,14.7578,BN
IT,82011,Arpaia|Paolisi|Airola|Forchia,41.041,14.5564,BN
IT,82013,Bonea,41.0731,14.6168,BN
IT,82015,Durazzano,41.0629,14.4495,BN
IT,82016,Cirignano|Montesarchio|Varoni,41.0714,14.6392,BN
IT,82017,Pannarano,41.0108,14.7029,BN
IT,82018,San Giorgio Del Sannio|San Giovanni Di San Giorgio Del Sannio|Cubante|San Nazzaro|Calvi,41.0639,14.8586,BN
IT,82019,Laiano|Sant'Agata De' Goti|Bagnoli|Faggiano,41.1008,14.4983,BN
IT,82020,Pietrelcina|Reino|Circello|Baselice|Molinara|Paduli|Foiano Di Val Fortore|Pesco Sannita|Buonalbergo|Pago Veiano|Fragneto L'Abate|San Giorgio La Molara|Ginestra Degli Schiavoni|Santa Croce Del Sannio|Fragneto Monforte|Campolattaro,41.2805,14.8663,BN
IT,82021,Apice Nuovo|Sant'Arcangelo Trimonte|Apice,41.1446,14.9349,BN
IT,82022,Castelfranco In Miscano,41.3007,15.0861,BN
IT,82023,Castelvetere In Val Fortore,41.4426,14.9412,BN
IT,82024,Colle Sannita|Castelpagano|Decorata,41.392,14.8408,BN
IT,82025,Montefalcone Di Val Fortore,41.3243,15.009,BN
IT,82026,Cuffiano|Morcone|Sassinoro,41.3528,14.695,BN
IT,82027,Pontelandolfo|Casalduni|Giallonardo,41.2795,14.6816,BN
IT,82028,San Bartolomeo In Galdo,41.416,15.0171,BN
IT,82029,San Marco Dei Cavoti,41.3088,14.8792,BN
IT,82030,Biancano|Paupisi|Melizzano|Limatola|Ponte|Foglianise|Campoli Del Monte Taburno|Castelpoto|Torrecuso|Pietraroja|Ave Gratia Plena|Massa|Faicchio|Cacciano|Tocco Caudio|Cautano|Torello|Puglianello|Torello Di Melizzano|Dugenta|San Lorenzello|Apollosa|Giardoni|San Salvatore Telesino|Frasso Telesino,41.1811,14.5559,BN
IT,82031,Amorosi,41.2027,14.466,BN
IT,82032,Cerreto Sannita,41.283,14.5615,BN
IT,82033,Cusano Mutri|Civitella Licinio,41.3231,14.5183,BN
IT,82034,San Lorenzo Maggiore|San Lupo|Guardia Sanframondi,41.2556,14.6194,BN
IT,82036,Solopaca,41.1954,14.5477,BN
IT,82037,Telese Terme|Castelvenere,41.2281,14.5409,BN
IT,82038,Vitulano,41.1742,14.6482,BN
IT,82100,Perrillo|Benevento|Pastene,41.1002,14.7992,BN
IT,81010,Gallo Matese|Torcino|Dragoni|Squille|Castel Campagnano|Ciorlano|Gioia Sannitica|Carattano|Calvisi|Latina Di Baia|Ailano|Baia E Latina|San Gregorio Matese|Alvignanello|Valle Agricola|Letino|San Giorgio|Pratella|Prata Sannita|Vallelunga|Ruviano,41.3425,14.3088,CE
IT,81011,Alife|Totari,41.314,14.3592,CE
IT,81012,Alvignano|Marciano Freddo,41.2317,14.337,CE
IT,81013,San Giovanni E Paolo|Piana Di Monte Verna|Caiazzo|Villa Santa Croce,41.1788,14.3506,CE
IT,81014,Capriati A Volturno|Fontegreca,41.4622,14.1649,CE
IT,81016,Sepicciano|Piedimonte Matese|Piedimonte D'Alife|Castello Del Matese|San Potito Sannitico,41.3509,14.3775,CE
IT,81017,Sant'Angelo D'Alife|Quattroventi|Raviscanina,41.366,14.2523,CE
IT,81020,Valle Di Maddaloni|San Nicola La Strada|Capodrise|Castel Morrone|Casapulla|Recale|San Marco Evangelista|Annunziata,41.0734,14.3386,CE
IT,81021,Arienzo,41.0273,14.4977,CE
IT,81022,Casagiove,41.0712,14.3116,CE
IT,81023,Messercola|Forchia Di Cervino|Cervino,41.0395,14.4335,CE
IT,81024,Grotticella|Maddaloni|Montedecoro,41.0227,14.4075,CE
IT,81025,Cantone|Marcianise,41.124,14.2297,CE
IT,81027,Cancello Di Ferrovia|Cave Di San Felice|Cave|San Marco Trotti|Polvica|San Felice A Cancello,41.1882,14.2296,CE
IT,81028,Santa Maria A Vico,41.0261,14.4651,CE
IT,81030,Villa Di Briano|Casanova|San Marcellino|Casapesenna|Arnone|Carinola|Orta Di Atella|Frignano|Gricignano Di Aversa|Sant'Arpino|Baia Domizia|Parete|Teverola|Cancello Ed Arnone|Lusciano|Cellole|Castel Volturno|Villaggio Coppola Pinetamare|Falciano Del Massico|Cancello|Casaluce|Casale Di Carinola|Succivo|Casale|Nocelleto|Cesa,41.0545,14.0939,CE
IT,81031,Aversa,40.9726,14.2074,CE
IT,81032,Carinaro,40.9829,14.2196,CE
IT,81033,Casal Di Principe,41.01,14.1301,CE
IT,81034,Mondragone,41.114,13.8916,CE
IT,81035,Garofali|Filorsi|Campagnola|Marzano Appio|Fontanafredda|Grottola|Roccamonfina|Ameglio|Gallo,41.2994,14.0077,CE
IT,81036,San Cipriano D'Aversa,40.9988,14.1317,CE
IT,81037,Valogno|Santa Maria Valongo|Cascano|Cupa|San Martino|Fontanaradina|San Martino Di Sessa Aurunca|Piedimonte Di Sessa Aurunca|Sessa Aurunca|Fasani|Sant'Agata|Lauro Di Sessa Aurunca|Corigliano|Cupa E Fasani|Carano|San Castrese|San Carlo Di Sessa Aurunca|Piedimonte|Avezzano Sorbello|San Carlo|Carano Di Sessa Aurunca,41.2543,13.9184,CE
IT,81038,Trentola Ducenta,41.1538,14.0246,CE
IT,81039,Bonifica Villa Literno|Villa Literno,41.0094,14.0761,CE
IT,81040,Formicola|San Felice|Treglia|Rocca D'Evandro|Curti|Cisterna|Pietravairano|Castel Di Sasso|Pontelatone|Bivio Mortola|San Felice A Pietravairano|Cisterna Di Castel Di Sasso|Liberi|Borgo Sant'Antonio Abate|Maiorano Di Monte|Cocuruzzo|Camino,41.2624,14.1641,CE
IT,81041,Vitulazio|Bellona,41.1617,14.2233,CE
IT,81042,Pozzillo|Giano Vetusto|Petrulo|Calvi Risorta|Visciano|Rocchetta E Croce|Petrullo|Val D'Assano,41.2111,14.1573,CE
IT,81043,Sant'Angelo In Formis|Capua,41.111,14.2313,CE
IT,81044,Piccilli|Galluccio|Conca Della Campania|Sipicciano|Cave|Tora|San Clemente|Orchi|Vaglie|Tora E Piccilli,41.3406,13.9902,CE
IT,81046,Borgo Rurale Appio|Brezza|Borgo Appio|Grazzanise,41.1039,14.0898,CE
IT,81047,Macerata Campania|Caturano,41.0633,14.2775,CE
IT,81049,Mignano Monte Lungo|Caspoli|San Pietro Infine,41.4108,13.971,CE
IT,81050,San Felice|Francolise|Santa Maria La Fossa|Pastorano|Montanaro|Musicile|Portico Di Caserta|Sant'Andrea Del Pizzone|Pantuliano|San Tammaro|Camigliano|Presenzano|Ciamprisco,41.1683,14.1615,CE
IT,81051,Pietramelara|Roccaromana|Statigliano,41.2742,14.2165,CE
IT,81052,Pignataro Maggiore,41.1901,14.1698,CE
IT,81053,Riardo,41.262,14.1505,CE
IT,81054,San Prisco,41.0859,14.2768,CE
IT,81055,Santa Maria Capua Vetere,41.0816,14.2534,CE
IT,81056,Sparanise,41.1879,14.0963,CE
IT,81057,Casale Di Teano|Fontanelle|Casale|Casafredda|San Marco|Casamostra|Furnolo|Pugliano|San Giuliano|Casi|Teano|Versano,41.2556,14.0392,CE
IT,81058,Vairano|Patenora|Vairano Scalo|Marzanello|Vairano Patenora,41.3257,14.1236,CE
IT,81059,Santa Lucia|Montano|Vairano Stazione|Caianello,41.3053,14.0889,CE
IT,81100,Casola|Casola Di Caserta|San Clemente Di Caserta|Casertavecchia|Sala Di Caserta|San Leucio|San Clemente|Vaccheria|Briano|Caserta|Casolla|Falciano|Ercole|Mezzano|Centurano|Santa Barbara|Staturano|Tredici|Puccianiello|Tuoro,41.1575,14.2436,CE
IT,80010,Quarto|Villaricca|Torretta|Scalzapecora,40.9047,14.1515,NA
IT,80011,Pezzalunga|Acerra,40.9622,14.4037,NA
IT,80012,Calvizzano,40.9078,14.1858,NA
IT,80013,Licignano Di Napoli|Tavernanova|Casalnuovo Di Napoli|Casarea,40.8852,14.3498,NA
IT,80014,Giugliano In Campania|Varcaturo|Lago Patria,40.9175,14.0912,NA
IT,80016,Torre Piscitelli|San Rocco|Marano Di Napoli,40.8793,14.239,NA
IT,80017,Melito Di Napoli,40.9195,14.231,NA
IT,80018,Mugnano Di Napoli,40.9094,14.2098,NA
IT,80019,Qualiano,40.919,14.1535,NA
IT,80020,Parco Delle Acacie|Frattaminore|Casavatore|Crispano,40.9358,14.2795,NA
IT,80021,Afragola,40.923,14.3094,NA
IT,80022,Arzano,40.9096,14.2652,NA
IT,80023,Pascarola|Caivano,40.9669,14.3055,NA
IT,80024,Cardito|Carditello,40.8949,14.3201,NA
IT,80025,Casandrino,40.9284,14.2474,NA
IT,80026,Arpino|Casoria,40.8982,14.3066,NA
IT,80027,Frattamaggiore,40.9414,14.2759,NA
IT,80028,Grumo Nevano,40.9359,14.2598,NA
IT,80029,Sant'Antimo,40.9422,14.2348,NA
IT,80030,Visciano|Comiziano|Scisciano|Gargani|Schiava|San Paolo Bel Sito|Tufino|Gallo|Liveri|San Vitaliano|Spartimento|Roccarainola|Mariglianella|Camposano|Castello Di Cisterna|Carbonara Di Nola|Cimitile,40.9267,14.5204,NA
IT,80031,Brusciano,40.9224,14.4239,NA
IT,80032,Casamarciano,40.9319,14.5532,NA
IT,80033,Cicciano,40.964,14.5349,NA
IT,80034,Selva|Casaferro|Marigliano|Faibano|Lausdomini,40.9441,14.4292,NA
IT,80035,Nola|Polvica|Cinquevie|Piazzolla|Pollastri,40.8883,14.4883,NA
IT,80036,Vico|Palma Campania|Castello|Vico Di Palma,40.8676,14.5633,NA
IT,80038,Pomigliano D'Arco,40.9098,14.3832,NA
IT,80039,Piazzolla Di Saviano|Saviano,40.8974,14.5104,NA
IT,80040,Volla|Cercola|Pollena Trocchia|San Sebastiano Al Vesuvio|Poggiomarino|Terzigno|Musci|Striano|Trecase|Massa Di Somma|San Gennaro Vesuviano|Boccia Al Mauro|Caravita|Flocco,40.8332,14.4411,NA
IT,80041,Marchesa|Boscoreale,40.8329,14.2904,NA
IT,80042,Boscotrecase,40.773,14.4619,NA
IT,80044,Ottaviano|San Gennarello,40.8519,14.4783,NA
IT,80045,Mariconda|Messigno|Pompei Scavi|Pompei,40.7479,14.4907,NA
IT,80046,San Giorgio A Cremano,40.8326,14.3416,NA
IT,80047,Casilli|San Giuseppe Vesuviano|Santa Maria La Scala,40.8356,14.5049,NA
IT,80048,Ponte Di Ferro|Starza Vecchia|Madonna Dell'Arco|Sant'Anastasia,40.8777,14.3952,NA
IT,80049,Somma Vesuviana,40.8733,14.4387,NA
IT,80050,Pimonte|Casola Di Napoli|Piazza Roma|Franche|San Nicola|Tralia|Santa Maria La Carita'|Lettere|Piazza,40.694,14.5264,NA
IT,80051,Agerola|San Lazzaro Di Agerola|Pianillo|Bomerano,40.633,14.5471,NA
IT,80053,Castellammare Di Stabia|Quisisana|Ponte Della Persica|Scanzano,40.7021,14.4869,NA
IT,80054,Caprile|Gragnano,40.6891,14.5204,NA
IT,80055,Portici|Bellavista,40.8156,14.3372,NA
IT,80056,Resina|Ercolano,40.8078,14.3501,NA
IT,80057,Sant'Antonio Abate,40.7215,14.5402,NA
IT,80058,Torre Annunziata,40.7534,14.4525,NA
IT,80059,Torre Del Greco|Santa Maria La Bruna|Leopardi,40.7893,14.3681,NA
IT,80060,Massaquano|Monte Faito,40.6672,14.4809,NA
IT,80061,Massa Lubrense|Sant'Agata Sui Due Golfi|Nerano|Termini|Monticchio Di Massa Lubrense,40.5974,14.3587,NA
IT,80062,Meta,40.6408,14.4158,NA
IT,80063,Piano Di Sorrento,40.6281,14.4173,NA
IT,80065,Sant'Agnello|Colli Di Fontanelle,40.6221,14.4069,NA
IT,80066,Seiano|Fornacelle|Fornacella|Montechiaro,40.6556,14.4156,NA
IT,80067,Capo Di Sorrento|Sorrento|Priora,40.6208,14.3739,NA
IT,80069,Villaggio Monte Faito|Vico Equense|Moiano,40.6596,14.4603,NA
IT,80070,Serrara Fontana|Cappella|Cuma|Baia|Monte Di Procida|Capo Miseno|Fontana|Miliscola|Succhivo|Testaccio D'Ischia|Fusaro|Barano D'Ischia|Torregaveta|Bacoli|Serrara|Buonopane|Sant'Angelo|Miseno,40.8235,14.2142,NA
IT,80071,Anacapri,40.5517,14.2123,NA
IT,80073,Marina Grande Di Capri|Capri,40.5503,14.2379,NA
IT,80074,Casamicciola Terme,40.7466,13.912,NA
IT,80075,Monterone|Panza|Forio,40.7301,13.8658,NA
IT,80076,Lacco Ameno,40.749,13.8872,NA
IT,80077,Ischia|Ischia Ponte|Sant'Antuono D'Ischia|Ischia San Michele|Piedimonte D'Ischia|Ischia Porto,40.7363,13.9531,NA
IT,80078,Pozzuoli|Lucrino|Lago Averno|Licola|Monterusciello|Arco Felice|Cappuccini|Lido Di Licola,40.8442,14.1214,NA
IT,80079,Procida,40.7564,14.0146,NA
IT,80100,Napoli,40.8522,14.2681,NA
IT,80121,Napoli,40.8522,14.2681,NA
IT,80122,Chiaia|Napoli,40.8522,14.2681,NA
IT,80123,Napoli,40.8522,14.2681,NA
IT,80124,Napoli|Bagnoli,40.8327,14.2181,NA
IT,80125,Agnano|Napoli,40.8432,14.2137,NA
IT,80126,Pianura|Napoli|Soccavo,40.8523,14.2113,NA
IT,80127,Napoli|Vomero,40.8428,14.2507,NA
IT,80128,Napoli,40.8522,14.2681,NA
IT,80129,Napoli,40.8522,14.2681,NA
IT,80131,Cappella Cangiani|Napoli|Arenella|Miano,40.8511,14.2591,NA
IT,80132,Napoli,40.8522,14.2681,NA
IT,80133,Napoli,40.8522,14.2681,NA
IT,80134,Napoli,40.8522,14.2681,NA
IT,80135,Napoli,40.8522,14.2681,NA
IT,80136,Napoli,40.8522,14.2681,NA
IT,80137,Napoli,40.8522,14.2681,NA
IT,80138,Napoli,40.8522,14.2681,NA
IT,80139,Napoli,40.8522,14.2681,NA
IT,80141,Napoli,40.8522,14.2681,NA
IT,80142,Napoli,40.8522,14.2681,NA
IT,80143,Napoli,40.8522,14.2681,NA
IT,80144,Secondigliano|San Pietro A Patierno|Napoli,40.8761,14.2674,NA
IT,80145,Marianella|Napoli|Chiaiano Ed Uniti|Scampia|Miano|Piscinola,40.8674,14.2505,NA
IT,80146,Napoli|San Giovanni A Teduccio,40.8428,14.2924,NA
IT,80147,Napoli|Barra|Ponticelli,40.8497,14.3057,NA
IT,84010,Corbara|Furore|San Valentino Torio|Ravello|San Lorenzo Di Sant'Egidio|Minori|Tramonti|Cetara|Atrani|Praiano|Maiori|Scala|Erchie|Sant'Egidio Del Monte Albino|Pontone|San Michele|San Marzano Sul Sarno|Conca Dei Marini|Campinola,40.6748,14.6073,SA
IT,84011,Amalfi|Pogerola Di Amalfi|Vettica Pastena|Lone|Pogerola|Pastena,40.6349,14.6024,SA
IT,84012,Angri,40.7381,14.5707,SA
IT,84013,San Pietro Di Cava|Passiano|Marini|Alessia|Corpo Di Cava|Arcara|Cava De' Tirreni|Santa Lucia Di Cava|Pregiato|Dupino|Badia Di Cava De' Tirreni,40.681,14.6831,SA
IT,84014,Nocera Inferiore,40.7454,14.6454,SA
IT,84015,Materdomini Di Nocera|Nocera Superiore,40.7463,14.6789,SA
IT,84016,Pagani,40.742,14.6145,SA
IT,84017,Montepertuso|Positano,40.6303,14.4886,SA
IT,84018,San Pietro Di Scafati|Scafati,40.7602,14.5372,SA
IT,84019,Raito|Molina|Dragonea|Molina Di Vietri Sul Mare|Marina Di Vietri|Benincasa|Vietri Sul Mare,40.6765,14.7192,SA
IT,84020,Petina|Centro Urbano|Oliveto Citra|Ricigliano|Castelnuovo Di Conza|Laviano|Castelcivita|Perrazze|Bellosguardo|Quadrivio Di Campagna|Salvitelle|Romagnano Al Monte|Corleto Monforte|Valva|Aquara|San Gregorio Magno|Bivio Palomonte|Roscigno|Controne|Palomonte|Colliano|Ottati|Serra Di Castelcivita|Santomenna,40.6185,15.3152,SA
IT,84021,Buccino|Buccino Stazione|Tufariello,40.6172,15.3966,SA
IT,84022,Campagna|Quadrivio|Puglietta|Serradarce,40.6456,15.1294,SA
IT,84023,Persano,40.55,15.05,SA
IT,84024,Contursi Terme|Bagni Di Contursi,40.6662,15.2475,SA
IT,84025,Santa Cecilia Di Eboli|Bivio Santa Cecilia|Corno D'Oro|Eboli,40.5584,15.0108,SA
IT,84026,Postiglione,40.559,15.2324,SA
IT,84027,Sant'Angelo A Fasanella,40.4572,15.3409,SA
IT,84028,Borgo San Lazzaro|Serre,40.5825,15.1492,SA
IT,84029,Zuppino|Sicignano Degli Alburni|Sicignano Degli Alburni Stazione|Castelluccio Cosentino|Galdo Degli Alburni|Scorzo,40.5715,15.3011,SA
IT,84030,Battaglia|Torraca|Casaletto Spartano|Sanza|Caselle In Pittari|San Rufo|Atena Lucana|San Pietro Al Tanagro|Casalbuono|Taverne|Atena Lucana Scalo|Sicili'|Tortorella|Morigerati|Caggiano|Pertosa|Monte San Giacomo,40.2942,15.5559,SA
IT,84031,Auletta,40.5612,15.4231,SA
IT,84032,Buonabitacolo,40.2686,15.6212,SA
IT,84033,Prato Comune|Montesano Sulla Marcellana|Montesano Scalo|Tardiano|Arenabianca,40.2769,15.6975,SA
IT,84034,Padula Scalo|Padula,40.339,15.6563,SA
IT,84035,Polla,40.5143,15.4971,SA
IT,84036,Sala Consilina|Trinita',40.4013,15.5914,SA
IT,84037,Sant'Arsenio,40.4711,15.484,SA
IT,84038,Caiazzano|Sassano|Silla,40.344,15.5854,SA
IT,84039,Prato Perillo|Pantano Di Teggiano|San Marco Di Teggiano|Teggiano,40.3868,15.5229,SA
IT,84040,Cannalonga|Casal Velino Marina|Celle Di Bulgheria|Poderia|Velina|Marina Di Casal Velino|Castelnuovo Cilento|Castelnuovo Vallo Stazione|Alfano|Ponte|Casal Velino|Acquavella|Campora,40.19,15.2371,SA
IT,84042,Acerno,40.7377,15.0569,SA
IT,84043,Agropoli Stazione|Agropoli,40.3492,14.9907,SA
IT,84044,Matinella|Albanella,40.4905,15.0907,SA
IT,84045,Borgo Carillia|Carillia|Altavilla Silentina|Cerrelli,40.5312,15.0903,SA
IT,84046,Marina Di Ascea|Mandia|Catona Di Ascea|Terradura|Terradura Di Ascea|Mandia Di Ascea|Ascea|Catona,40.1507,15.2216,SA
IT,84047,Ponte Barizzo|Santa Venere|Gromola|Rettifilo|Capaccio|Cafasso|Torre Di Paestum|Licinella|Borgo Nuovo|Vannullo|Capaccio Scalo|Paestum|Laura|Vuccolo Di Maiorano,40.4403,15.0168,SA
IT,84048,San Marco|Santa Maria|Santa Maria Di Castellabate|Ogliastro Marina|Castellabate,40.2758,14.948,SA
IT,84049,Castel San Lorenzo,40.4198,15.2252,SA
IT,84050,Magliano Vetere|Matonti|Ispani|Laureana Cilento|Futani|Capitello|Capizzo|Cuccaro Vetere|Giungano|Sorvaro|Magliano Nuovo|Laurito|Lustra,40.2588,15.2122,SA
IT,84051,Palinuro|San Severino|San Nicola Di Centola|San Nicola|Centola|Foria|San Severino Di Centola,40.0798,15.3112,SA
IT,84052,Massascusa|Ceraso|San Sumino|San Biase|Santa Barbara,40.1941,15.2678,SA
IT,84053,Monte Cicerale|Cicerale,40.3461,15.1203,SA
IT,84055,Felitto,40.3735,15.2431,SA
IT,84056,Gioi|Cardile,40.2799,15.231,SA
IT,84057,Villa Littorio|Laurino,40.3528,15.3374,SA
IT,84059,Licusati|Marina Di Camerota|Camerota|Lentiscosa,40.0281,15.3712,SA
IT,84060,Montecorice|Moio Della Civitella|Case Del Conte|Pellare|Perito|Monteforte Cilento|Omignano Stazione|Omignano|Acquavena|Piano Vetrale|Omignano Scalo|Orria|Montano Antilia|Roccagloriosa|Fornelli|Perdifumo|Vatolla|Ortodonico|Mercato Cilento|Novi Velia|Ostigliano|Prignano Cilento|Massicelle|Agnone Cilento|Abatemarco,40.2398,15.1645,SA
IT,84061,Ogliastro Cilento|Eredita|Finocchito,40.3566,15.0565,SA
IT,84062,Monticelli|Olevano Sul Tusciano|Ariano|Salitto|Valle,40.5812,15.0316,SA
IT,84065,Piaggine,40.345,15.3778,SA
IT,84066,Marina Di Pisciotta|Rodio|Pisciotta|Caprioli,40.1076,15.247,SA
IT,84067,Santa Marina|Policastro Bussentino,40.0902,15.5316,SA
IT,84068,Galdo|Pioppi|Cannicchio|Pollica|Acciaroli|Celso|Galdo Cilento,40.1918,15.0543,SA
IT,84069,Carratiello|Serra|Acquaviva|Fonte|Roccadaspide,40.4241,15.1257,SA
IT,84070,Valle Dell'Angelo|Salento|Casalsottano|Serramezzana|San Giovanni A Piro|Stella Cilento|Bosco|San Mauro Cilento|Sacco|Scario|San Mauro La Bruca|Trentinara|Rofrano|Rutino,40.221,15.2445,SA
IT,84073,Sapri,40.0746,15.6321,SA
IT,84074,Sessa Cilento|San Mango Cilento|Santa Lucia Cilento|San Mango,40.2617,15.0714,SA
IT,84075,Stio|Gorga,40.3144,15.246,SA
IT,84076,Copersito|Torchiara|Copersito Cilento,40.3182,15.0581,SA
IT,84077,Castel Ruggero|Torre Orsaia,40.1328,15.4725,SA
IT,84078,Vallo Della Lucania|Pattano|Massa Della Lucania|Angellara,40.2307,15.2606,SA
IT,84079,Villammare|Vibonati,40.0884,15.5888,SA
IT,84080,Calvanico|Capezzano Inferiore|Capezzano|Capezzano Superiore|Capriglia|Coperchia|Pellezzano|Cologna,40.7282,14.7763,SA
IT,84081,Antessano|Baronissi|Fusara|Acquamela|Sava|Saragnano|Caprecano,40.7397,14.7844,SA
IT,84082,San Nazario|Manzi|Bracigliano,40.4754,14.9996,SA
IT,84083,Lanzara|Castel San Giorgio|Castelluccio|Fimiani,40.7125,14.9059,SA
IT,84084,Gaiano|Pizzolano|Villa|Fisciano|Settefichi|Penta|Bolano|Lancusi,40.7693,14.7934,SA
IT,84085,Monticelli|Mercato San Severino|Sant'Angelo|Spiano|Pandola|Curteri|Acquarola|Ciorani|Torello|Piazza Del Galdo|Sant'Angelo Di Mercato San Severino|Carifi|Sant'Eustachio,40.744,14.7956,SA
IT,84086,Roccapiemonte|Casali San Potito|Casali Di Roccapiemonte,40.7626,14.6803,SA
IT,84087,Episcopio|Lavorate|Sarno,40.8075,14.6215,SA
IT,84088,Siano,40.8021,14.6933,SA
IT,84090,Capitignano|Castelpagano|San Mango Piemonte|Prepezzano|Giffoni Sei Casali|Pugliano|Sieti|Castiglione Del Genovesi|Santa Tecla|Montecorvino Pugliano,40.7019,14.9013,SA
IT,84091,Santa Lucia Di Battipaglia|Belvedere Di Battipaglia|Battipaglia|Sant'Anna,40.6413,14.8833,SA
IT,84092,Bellizzi|Bivio,40.63,15.1217,SA
IT,84095,Giffoni Valle Piana|Ornito|Mercato|Curti|Santa Caterina|San Giovanni,40.7202,14.8961,SA
IT,84096,Macchia|Gauro|Montecorvino Rovella|San Martino Montecorvino Rovella|Lenzi,40.6864,14.9737,SA
IT,84098,Pontecagnano|Pontecagnano Faiano|Magazzeno|Sant'Antonio|Sant'Antonio Di Pontecagnano|Faiano|Corvinia,40.6358,14.8902,SA
IT,84099,Filetta|San Cipriano Picentino|Pezzano|Campigliano|Vignale,40.6995,14.8711,SA
IT,84100,Salerno,40.6755,14.7933,SA
IT,84121,Salerno,40.6755,14.7933,SA
IT,84122,Salerno,40.6755,14.7933,SA
IT,84123,Salerno,40.6755,14.7933,SA
IT,84124,Salerno,40.6755,14.7933,SA
IT,84125,Salerno,40.6755,14.7933,SA
IT,84126,Salerno,40.6755,14.7933,SA
IT,84127,Torrione Di Salerno|Salerno,40.7272,14.7646,SA
IT,84128,Salerno|Pastena Di Salerno,40.6755,14.7933,SA
IT,84129,Salerno,40.6755,14.7933,SA
IT,84130,Salerno,40.6755,14.7933,SA
IT,84131,Fuorni|San Leonardo|Mercatello Di Salerno|Salerno,40.6039,14.9187,SA
IT,84132,Salerno,40.6755,14.7933,SA
IT,84133,Salerno,40.6755,14.7933,SA
IT,84134,Salerno|Giovi,40.6755,14.7933,SA
IT,84135,Fratte|Matierno|Ogliara|Salerno,40.6907,14.9065,SA
IT,40010,Santa Maria In Duno|Padulle|Sala Bolognese|Osteria Nuova|Interporto Bentivoglio|Bentivoglio|San Marino,44.6174,11.3418,BO
IT,40011,Anzola Dell'Emilia|San Giacomo Del Martignone|Santa Maria In Strada|Lavino Di Mezzo,44.5615,11.2042,BO
IT,40012,Longara|Lippo|Calderara Di Reno|Bargellino|Tavernelle D'Emilia|Tavernelle Emilia,44.5653,11.2658,BO
IT,40013,Trebbo|Villa Salina|Trebbo Di Reno|Progresso|Castel Maggiore,44.5642,11.3489,BO
IT,40014,Palata Pepoli|Crevalcore|Caselle,44.665,11.268,BO
IT,40015,Bosco Di Galliera|San Vincenzo|Bosco|Galliera Frazione|San Venanzio|Galliera,44.7411,11.4564,BO
IT,40016,San Giorgio Di Piano,44.6472,11.3745,BO
IT,40017,San Giovanni In Persiceto|Decima|Budrie|Amola Di Piano|San Matteo Della Decima,44.6474,11.1906,BO
IT,40018,San Pietro In Casale|Maccaretolo,44.7096,11.4175,BO
IT,40019,Sant'Agata Bolognese,44.6602,11.1329,BO
IT,40020,Casalfiumanese,44.2969,11.624,BO
IT,40021,Borgo Tossignano|Tossignano,44.2774,11.6005,BO
IT,40022,Castel Del Rio|Moraduccio Di Valsalva|Giugnola|Sassoleone|Moraduccio,44.2378,11.4935,BO
IT,40023,Castel Guelfo Di Bologna,44.4317,11.6759,BO
IT,40024,Gallo|Gaiana|Osteria Grande|Castel San Pietro Terme|San Martino In Pedriolo,44.4105,11.5583,BO
IT,40025,Carseggio|Fontanelice,44.2463,11.5376,BO
IT,40026,Ponticelli|San Prospero|Imola|Piratello|Sasso Morelli|Spazzate Sassatelli|Sesto Imolese,44.4023,11.7229,BO
IT,40027,Bubano|Mordano,44.4052,11.795,BO
IT,40030,Suviana|Berzantina|Grizzana Morandi|Castel Di Casio|Piandisetta|Pioppe Di Salvaro|Piano Di Setta|Badi|Pian Di Casale,44.1987,11.0733,BO
IT,40032,Ponte Di Verzuno|Bargi|Camugnano,44.1657,11.0684,BO
IT,40033,Casalecchio Di Reno|Ceretolo|Cantagallo,44.4756,11.2749,BO
IT,40034,Villa D'Aiano|Rocca Di Roffeno|Santa Maria Di Labante|Castel D'Aiano,44.2888,11.0055,BO
IT,40035,Creda|Castiglione Dei Pepoli|Lagaro|Baragazza,44.1702,11.1782,BO
IT,40036,Vado|Monzuno|Rioveggio,44.2897,11.2414,BO
IT,40037,Pontecchio Marconi|Sasso Marconi|Fontana|Borgonuovo,44.4134,11.2567,BO
IT,40038,Tole'|Cereglio|Susano|Vergato|Riola,44.2894,11.0767,BO
IT,40041,Bombiana|Santa Maria Villiana|Marano|Silla|Gaggio Montano,44.2128,10.9847,BO
IT,40042,Farneto Di Lizzano|Vidiciatico|Rocca Corneta|Pianaccio|Monteacuto Delle Alpi|Querciola|Lizzano In Belvedere,44.1666,10.8809,BO
IT,40043,Marzabotto|Lama Di Reno|Pian Di Venola|Lama Di Setta,44.3462,11.2201,BO
IT,40046,Castelluccio|Ponte Della Venturina|Borgo Capanne|Molino Del Pallone|Porretta Terme|Granaglione|Casa Forlai|Casa Calistri|Vizzero|Capugnano,44.1231,10.9573,BO
IT,40048,Piano Del Voglio|San Benedetto Val Di Sambro|Madonna Dei Fornelli|Castel Dell'Alpi,44.1919,11.2471,BO
IT,40050,Castello Di Serravalle|Pizzano|Calderino|Monteveglio|Argelato|Savazza|Monte San Giovanni|Casadio|Bisano|Castelletto|Castello D'Argile|Monterenzio|Centergross|Rignano Bolognese|San Benedetto Del Querceto|Funo|Gavignano|Loiano|San Martino|Venezzano|Monte San Pietro,44.4657,11.2815,BO
IT,40051,Casoni|Altedo|Pegola|Malalbergo,44.6773,11.4961,BO
IT,40052,San Gabriele|Mondonuovo|Boschi|Baricella,44.6683,11.5655,BO
IT,40053,Bazzano|Valsamoggia,44.5018,11.0868,BO
IT,40054,Vedrana|Budrio|Bagnarola|Mezzolara|Riccardina,44.558,11.5384,BO
IT,40055,Fiesso|Villanova|Castenaso,44.5084,11.4608,BO
IT,40056,Calcara|Muffa|Pragatto|Crespellano,44.5228,11.125,BO
IT,40057,Quarto Inferiore|Lovoleto|Fabbreria Di Cadriana|Granarolo Dell'Emilia,44.5588,11.4218,BO
IT,40059,Sant'Antonio|Villa Fontana|Medicina|Ganzanigo|Portonovo|Buda,44.505,11.6684,BO
IT,40060,Toscanella|Vedegheto|Gallo Bolognese|Dozza|Savigno,44.3696,11.3656,BO
IT,40061,Minerbio|Ca' De' Fabbri,44.6188,11.4638,BO
IT,40062,San Pietro Capofiume|Selva|Molinella|Selva Malvezzi|San Martino In Argine|Marmorta,44.6063,11.6533,BO
IT,40063,Monghidoro,44.2233,11.3233,BO
IT,40064,Mercatale|Ozzano Dell'Emilia,44.4179,11.4528,BO
IT,40065,Pianoro|Livergnano|Pianoro Vecchio,44.3567,11.3378,BO
IT,40066,Pieve Di Cento,44.7129,11.3092,BO
IT,40067,Rastignano,44.4362,11.3569,BO
IT,40068,Castel Dei Britti|Martiri Di Pizzocalvo|Farneto|San Lazzaro|Pulce|Ponticella|San Lazzaro Di Savena,44.451,11.4064,BO
IT,40069,Zola Predosa|Riale|Ponte Ronca|Zola,44.4911,11.2149,BO
IT,40100,Bologna,44.4938,11.3387,BO
IT,40121,Bologna,44.4938,11.3387,BO
IT,40122,Bologna,44.4938,11.3387,BO
IT,40123,Bologna,44.4938,11.3387,BO
IT,40124,Bologna,44.4938,11.3387,BO
IT,40125,Bologna,44.4938,11.3387,BO
IT,40126,Bologna,44.4938,11.3387,BO
IT,40127,Bologna|San Donnino,44.4623,11.3431,BO
IT,40128,Corticella|Bologna,44.5213,11.3469,BO
IT,40129,Bologna,44.4938,11.3387,BO
IT,40131,Bertalia|Bologna,44.4938,11.3387,BO
IT,40132,Bologna|Borgo Panigale,44.5053,11.3027,BO
IT,40133,Bologna,44.4938,11.3387,BO
IT,40134,Bologna,44.4938,11.3387,BO
IT,40135,Bologna|Casaglia,44.4623,11.3431,BO
IT,40136,Roncrio|Gaibola|Bologna|Paderno,44.471,11.3274,BO
IT,40137,Bologna,44.4938,11.3387,BO
IT,40138,Roveri|Bologna,44.4623,11.3431,BO
IT,40139,Bologna,44.4938,11.3387,BO
IT,40141,Monte Donato|San Ruffillo|Bologna,44.4719,11.3527,BO
IT,47010,San Benedetto In Alpe|Galeata|Portico E San Benedetto|Portico Di Romagna|Bocconi|Strada San Zeno|Premilcuore,44.006,11.7956,FC
IT,47011,Pieve Salutare|Castrocaro Terme E Terra Del Sole|Terra Del Sole,44.1684,11.9434,FC
IT,47012,Civitella Di Romagna|Nespoli|Voltre|Cusercoli,44.0279,11.992,FC
IT,47013,San Ruffillo|Dovadola,44.0795,11.9623,FC
IT,47014,Teodorano|Rico'|Meldola|Vitignano|San Colombano|San Colombano Di Meldola|Para,44.1082,12.056,FC
IT,47015,Modigliana|Santa Reparata,44.1595,11.7929,FC
IT,47016,Tontola|Rocca Delle Caminate|Predappio|Predappio Alta|Fiumana,44.101,11.9688,FC
IT,47017,Rocca San Casciano|Calbola,44.0587,11.8427,FC
IT,47018,Biserno|Corniolo|Santa Sofia,43.9189,11.8492,FC
IT,47019,Tredozio,44.0796,11.7414,FC
IT,47020,Oriola|Roncofreddo|Longiano|Montiano|Budrio,44.0745,12.3189,FC
IT,47021,San Piero In Bagno|Vessa|Bagno Di Romagna|Monte Guidi|Selvapiana,43.8656,12.0011,FC
IT,47023,San Mauro In Valle|Saiano|Torre Del Moro|San Giorgio Di Cesena|Case Scuola Vecchia|Pievesestina|Sant'Egidio|Rio Marano|Lizzano|Cesuola|Macerone|Madonna Dell Ulivo|Ronta|San Vittore|Diegaro|Tessello|Calisese|Gattolino|Celletta|Roversano|Martorano|Cesena|Borello|San Carlo Di Cesena|Settecrociari|Aie|Bulgaria,44.1248,12.2363,FC
IT,47025,Cella|Linaro|Mercato Saraceno|Monte Castello|Piavola|Ciola|Tornano|Bacciolino|Bora Bassa,43.9914,12.1761,FC
IT,47027,Ranchio|Pieve Di Rivoschio|Sarsina|Quarto|Quarto Di Sarsina|Sorbano,43.9415,12.107,FC
IT,47028,Balze|Alfero|Verghereto,43.8064,12.0515,FC
IT,47030,Savignano Di Rigo|San Giovanni In Galilea|Rontagnano|Montegelli|Montepetra|Borghi|San Mauro A Mare|Sogliano Al Rubicone|San Martino In Converseto|Lo Stradone|San Mauro Pascoli,44.0137,12.3163,FC
IT,47032,Bertinoro|Fratta Terme|Collinello|Polenta|Capocolle|Santa Maria Nuova|Collinello Polenta|Panighina,44.1515,12.1503,FC
IT,47034,Selbagnone|Forlimpopoli,44.1826,12.1189,FC
IT,47035,Gambettola,44.1175,12.337,FC
IT,47039,Savignano Sul Rubicone|Fiumicino Di Savignano,44.1058,12.4,FC
IT,47042,Sala|Bagnarola|Cesenatico|Villalta,44.1751,12.3749,FC
IT,47043,Gatteo A Mare|Gatteo|Sant'Angelo In Salute,44.1413,12.4134,FC
IT,47100,San Lorenzo In Noceto|San Varano|Vecchiazzano|Cava|Villa Rovere|Carpena|Carpinello|Villanova|Pianta|Ronco|Rovere|Villafranca|San Martino In Strada|Roncadello|Barisano,44.2274,12.0381,FC
IT,47121,Forlì,44.2218,12.0414,FC
IT,47122,Forlì,44.2218,12.0414,FC
IT,44011,Anita|Ospital Monacale|Campotto|Filo|La Fiorana|Santa Maria Codifiume|Argenta|Boccaleone|Traghetto|Consandolo|San Biagio|Longastrino|San Nicolo'|Bando,44.6255,11.8318,FE
IT,44012,Ospitale|Gavello|Pilastri|Burana|Scortichino|Stellata|Bondeno,44.9133,11.363,FE
IT,44014,Madonna Boschi,44.5575,12.0682,FE
IT,44015,Portoverrara|Runco|Maiero|Portomaggiore|Gambulaga|Ripapersico,44.7143,11.8036,FE
IT,44019,Voghiera|Voghenza|Montesanto,44.7513,11.7427,FE
IT,44020,Dogato|Ostellato|Masi San Giacomo|San Giuseppe Di Comacchio|San Giovanni|Medelana|Gorino|Goro|Masi Torello|Rovereto Ferrarese|San Giovanni Di Ostellato|Gorino Di Goro,44.7738,12.0552,FE
IT,44021,Pontemaodino|Pomposa|Pontelangorino|Codigoro|Mezzogoro,44.8556,12.1361,FE
IT,44022,Comacchio|Volania|San Giuseppe|Vaccolino,44.7363,12.1778,FE
IT,44023,Marozzo|Lagosanto,44.7733,12.1319,FE
IT,44026,Massenzatica|Bosco Mesola|Bosco|Mesola|Monticelli|Ariano|Ariano Ferrarese,44.9135,12.1833,FE
IT,44027,Migliaro|Massa Fiscaglia|Migliarino|Fiscaglia,44.793,11.9716,FE
IT,44028,Poggio Renatico|Chiesa Nuova|Gallo|Coronella,44.769,11.4971,FE
IT,44029,Lido Degli Estensi|Porto Garibaldi|Lido Di Spina,44.6655,12.2453,FE
IT,44030,Guarda|Guarda Ferrarese|Alberone Di Guarda|Ruina|Alberone Di Ro,44.9485,11.7867,FE
IT,44033,Cologna|Serravalle|Berra|Ro,44.9644,11.9199,FE
IT,44034,Sabbioncello San Pietro|Gradizza|Zenzalino|Tamara|Fossalta|Sabbioncello San Vittore|Coccanile|Cesta|Saletta|Copparo|Ambrogio,44.8833,11.8257,FE
IT,44035,Brazzolo,44.8633,11.8902,FE
IT,44037,Jolanda Di Savoia,44.8832,11.9791,FE
IT,44039,Formignana|Final Di Rero|Rero|Tresigallo,44.8226,11.8858,FE
IT,44041,Casumaro|Reno Centese|Buonacompra,44.8169,11.3347,FE
IT,44042,Corpo Di Reno|Corpo Reno|Alberone Di Cento|Cento|Penzale|Alberone,44.7742,11.3045,FE
IT,44043,Mirabello,44.823,11.4567,FE
IT,44045,Dodici Morelli|Renazzo,44.7788,11.2887,FE
IT,44047,Sant'Agostino|San Carlo|Dosso,44.788,11.3782,FE
IT,44049,Vigarano Mainarda|Vigarano Pieve,44.8511,11.5015,FE
IT,44121,Ferrara,44.838,11.6206,FE
IT,44122,Ferrara,44.838,11.6206,FE
IT,44123,Ferrara,44.838,11.6206,FE
IT,44124,Ferrara,44.838,11.6206,FE
IT,41011,Campogalliano|Panzano|Saliceto Buzzalino,44.6698,10.917,MO
IT,41012,Cortile|Migliarina|San Marino|Budrione|Carpi|Santa Croce|San Martino Secchia|Gargallo|Fossoli,44.7661,10.8831,MO
IT,41013,Riolo|Castelfranco Emilia|Recovato|Manzolino|Cavazzona|Piumazzo|Rastellino|Gaggio Di Piano,44.5995,11.0833,MO
IT,41014,Ca' Di Sola|Castelvetro Di Modena|Levizzano Rangone|Solignano Nuovo,44.5118,10.9343,MO
IT,41015,La Grande|Bagazzano|Campazzo|Nonantola|Via Larga|Redu',44.6803,11.0498,MO
IT,41016,Novi Di Modena|Sant'Antonio In Mercadello|Rovereto Sulla Secchia,44.877,10.9251,MO
IT,41017,Stuffione|Ravarino,44.7391,11.1074,MO
IT,41018,San Cesario Sul Panaro,44.5635,11.0351,MO
IT,41019,Appalto|Sozzigalli|Limidi|Soliera,44.7421,10.9305,MO
IT,41020,Serpiano|Castello|Castellino|Riolunato|Castellino Brocco|Groppo,44.2583,10.6578,MO
IT,41021,Canevare|Trignano Nel Frignano|Ospitale|Lotta|Trignano|Fellicarolo|Ospitale Nel Frignano|Trentino Nel Frignano|Fanano|Serrazzone,44.2263,10.788,MO
IT,41022,Dogana Nuova|Fiumalbo|Faidello,44.1689,10.6469,MO
IT,41023,Sassostorno|Montecenere|Mocogno|Vaglio|Cadignano|La Santona|Pianorso|Lama Mocogno|Lama|Barigazzo,44.2996,10.709,MO
IT,41025,Montecreto|Acquaria,44.2624,10.7407,MO
IT,41026,Verica|Pavullo Nel Frignano|Castagneto|Benedello|Montecuccolo|Crocette|Renno|Iddiano|Miceno|Sasso Guidano|Montorso|Gaiato|Camatta|Olina|Coscogno|Montebonello|Sant'Antonio|Monzone|Frassineti|Niviano|Gaianello,44.332,10.8311,MO
IT,41027,Roccapelago|Sant'Andrea Pelago|Tagliole|Pievepelago|Sant'Anna Pelago,44.1974,10.6046,MO
IT,41028,Selva Nel Frignano|San Dalmazio|Varana|Ricco' Nel Frignano|Pazzano|San Dalmazio Nel Frignano|Pompeano|Rocca Santa Maria|Ligorzano|Monfestino|Faeto|Selva|Valle|Serramazzoni|Ricco'|Montagnana,44.4339,10.7994,MO
IT,41029,Roncoscaglia|Castellaro Nel Frignano|Castellaro|Casine|Rocchetta Sandri|Vesale|Sestola,44.2591,10.7821,MO
IT,41030,Staggia|Solara|Gorghetto|San Prospero|Bastiglia|Bomporto|San Pietro In Elda|San Pietro|San Martino Di San Prospero|Staggia Modenese|San Lorenzo Della Pioppa|San Martino|San Lorenzo Pioppa|Sorbara,44.787,11.0385,MO
IT,41031,Camposanto,44.7901,11.1405,MO
IT,41032,Motta Sulla Secchia|Cavezzo|Villa Motta|Motta,44.8286,11.0079,MO
IT,41033,Fossa|Concordia Sulla Secchia|Fossa Di Concordia|Vallalta|San Giovanni|Santa Caterina,44.913,10.9818,MO
IT,41034,Finale Emilia|Reno Finalese,44.8336,11.3075,MO
IT,41035,Massa Finalese,44.8524,11.2143,MO
IT,41036,Medolla|Camurana|Villafranca|Villafranca Di Medolla,44.8477,11.0684,MO
IT,41037,Gavello|Quarantoli|Cividale|Mortizzuolo|San Martino Spino|Tramuschio|Ponte San Pellegrino|Mirandola|San Martino Carano|San Giacomo Roncole,44.8674,11.0933,MO
IT,41038,Rivara|Pavignane|San Biagio In Padule|Confine|San Biagio|Dogaro|San Felice Sul Panaro,44.8419,11.1591,MO
IT,41039,San Possidonio,44.874,10.9809,MO
IT,41040,Gombola|Ponte Gombola|San Martino Vallata|Polinago|Cassano,44.3787,10.7164,MO
IT,41042,Ubersetto|Fiorano Modenese|Spezzano,44.5449,10.8343,MO
IT,41043,Casinalbo|Corlo Di Formigine|Magreta|Colombaro Di Formigine|Colombaro|Formigine,44.5765,10.8539,MO
IT,41044,Riccovolto|Piandelagotti|Sassatella|Frassinoro|Madonna Di Pietravolta|Romanoro|Fontanaluccia|Rovolo|Cargedolo,44.2755,10.543,MO
IT,41045,Montefiorino|Lago|Macognano|Vitriola|Farneta|Gusciola|Rubbiano|Casola,44.369,10.6335,MO
IT,41046,Susano|Monchio Nel Frignano|Palagano|Costrignano|Boccassuolo|Savoniero|Monchio,44.3425,10.6486,MO
IT,41048,Pigneto|Prignano Sulla Secchia|Moncerrato|Castelvecchio Sulla Secchia|Castelvecchio|Sasso Morello|Morano|Saltino Sulla Secchia|Saltino|Montebaranzone,44.445,10.6916,MO
IT,41049,San Michele Dei Mucchietti|Sassuolo|Montegibbio,44.5258,10.766,MO
IT,41051,Montale|Montale Rangone|Castelnuovo Rangone,44.5626,10.9163,MO
IT,41052,Samone|Guiglia|Rocca Malatina|Pieve Trebbio|Gainazzo|Castellino Delle Formiche|Monteorsello|Pieve Di Trebbio|Rocchetta,44.3948,10.9503,MO
IT,41053,Torre Maina|Gorzano|Maranello|Pozza,44.5182,10.8786,MO
IT,41054,Villa Bianca|Ospitaletto|Festa'|Marano Sul Panaro,44.4589,10.9137,MO
IT,41055,San Giacomo Maggiore|Salto|Bertocchi|Montespecchio|San Martino|Montalto|Maserno|Castelluccio|Semelano|Iola Di Montese|Iola|Castelluccio Di Moscheda|Montese,44.2819,10.9285,MO
IT,41056,Magazzino|Garofano|Savignano Sul Panaro|Formica|Mulino,44.475,11.0239,MO
IT,41057,Spilamberto|San Vito,44.5455,10.9956,MO
IT,41058,Vignola,44.4838,11.011,MO
IT,41059,Ciano|Missano|Monteombraro|Ciano Nel Frignano|Zocca|Montetortore|Montealbano|Montecorone|Rosola,44.358,10.9917,MO
IT,41100,Chiesa Nuova Di Marzaglia|Ganaceto|Baggiovara|Freto|Saliceto San Giuliano|Vaciglio|Saliceto Panaro|Lesignana|Villanova San Pancrazio|Portile|Cognento|Modena|Villanova|Marzaglia|San Donnino|San Damaso|Albareto,44.6429,10.9017,MO
IT,41121,Modena,44.6478,10.9254,MO
IT,41122,Modena,44.6478,10.9254,MO
IT,41124,Modena,44.6478,10.9254,MO
IT,41125,Modena,44.6478,10.9254,MO
IT,41126,Modena,44.6478,10.9254,MO
IT,41127,Modena,44.6478,10.9254,MO
IT,29010,Casaliggio|San Giuliano|Castelvetro Piacentino|San Giuliano Piacentino|Pecorara|Mezzano Chitantolo|Pianello Val Tidone|Villanova Sull'Arda|Valconasso|Nibbiano|Villanova|Vernasca|Bacedasco Sotto|Trevozzo|San Nicolo' A Trebbia|Castelnuovo Fogliani|Fontana Fredda|Campremoldo Sopra E Sotto|Monticelli D'Ongina|Roveleto|Agazzano|Olza|Sant'Imento|Vigoleno|Cadeo|San Nazzaro D'Ongina|Pontenure|Rottofreno|Gragnano Trebbiense|Campremoldo Sopra|Chiaravalle|Besenzone|Sarmato|Gazzola|Stra'|Caminata|Piozzano|Rezzanello|Vicobarone|Ziano Piacentino|Campremoldo Sotto|San Pietro In Cerro|Fogarole|Tassara|Lusurasco|Calendasco|San Nicolo'|Alseno,44.9738,9.6788,PC
IT,29011,Borgonovo Val Tidone|Castelnuovo|Castelnovo Val Tidone,45.0011,9.4428,PC
IT,29012,Caorso,45.0491,9.8746,PC
IT,29013,Rezzano|Carpaneto Piacentino,44.8925,9.785,PC
IT,29014,Vigolo Marchese|Castell'Arquato,44.8671,9.8589,PC
IT,29015,Ganaghello|Creta|Castel San Giovanni|Fontana Pradosa,45.0468,9.4167,PC
IT,29016,Cortemaggiore,44.9918,9.9284,PC
IT,29017,Baselicaduce|Fiorenzuola D'Arda|San Protaso,44.9304,9.9052,PC
IT,29018,Chiavenna Rocchetta|Lugagnano Val D'Arda|Rustigazzo,44.8181,9.7966,PC
IT,29019,San Giorgio Piacentino|Godi|San Damiano,44.9237,9.7263,PC
IT,29020,Vigolzone|Travo|Ponte Organasco|Quarto|Coli|Gossolengo|Carmiano|Villo'|Grazzano Visconti|Settima|Corte Brugnatella|Zerba|Pej|Marsaglia|Cerignale|Morfasso|Quadrelli Di Fellino|Perino|Quadrelli,44.8318,9.5366,PC
IT,29021,San Bernardino|Groppoducale|Bramaiano|Bettola|San Giovanni,44.859,9.6648,PC
IT,29022,Bobbio|Cassolo|Santa Maria|Ceci|Passo Penice|Vaccarezza|Mezzano Scotti|Santa Maria Di Bobbio,44.8131,9.4053,PC
IT,29023,Mareto|Groppallo|Le Moline|Farini,44.6919,9.564,PC
IT,29024,Torrio Casetta|Torrio Sopra|Salsominore|Torrio Sopra E Sotto E Casetta|Brugneto|Ferriere|Centenaro Castello|Centenaro,44.6347,9.4692,PC
IT,29025,Groppovisdomo|Gropparello|Sariano,44.8273,9.7236,PC
IT,29026,Ottone|Orezzoli,44.6154,9.3558,PC
IT,29027,Podenzano|San Polo,44.9668,9.7119,PC
IT,29028,Torrano|Biana|Ponte Dell'Olio,44.8606,9.652,PC
IT,29029,Roveleto Landi|Rivergaro|Niviano|Niviano Castello|Ancarano Di Sopra,44.9303,9.6131,PC
IT,29100,Roncaglia|Raffaelina|San Lazzaro Alberoni|Baia Del Re|Verza|Borgo Trebbia|Piacenza|Pittolo|San Bonico|Sant'Antonio|Gerbido Di Mortizza|Gerbido|Raffaellina|Mucinasso|Mortizza,45.018,9.7312,PC
IT,29121,Piacenza,45.0524,9.6934,PC
IT,29122,Piacenza,45.0524,9.6934,PC
IT,43010,Rigoso|Fontanelle|Fontevivo|Monchio Delle Corti|Ponte Taro|Riana|Riana Di Monchio|Bianconese|Castelguelfo|Ragazzola|Roccabianca|Valditacca,44.6972,10.1631,PR
IT,43011,Busseto|Roncole Verdi,44.9659,10.0583,PR
IT,43012,Fontanellato|Parola,44.8689,10.1425,PR
IT,43013,Riano|Cozzano|Pastorello|Langhirano|Torrechiara|Pilastro,44.6161,10.2443,PR
IT,43014,Medesano|Felegara|Ramiola,44.7269,10.1139,PR
IT,43015,Cella Di Costamezzana|Costamezzana|Noceto,44.8095,10.1773,PR
IT,43016,Zibello|Polesine Parmense|Pieveottoville,45.016,10.125,PR
IT,43017,San Secondo Parmense,44.9222,10.2304,PR
IT,43018,Trecasali|Coltaro|Ronco Campo Canneto|Gramignazzo|Viarolo|San Quirico Trecasali|Sissa|Sissa Trecasali,44.9367,10.2682,PR
IT,43019,Soragna,44.9269,10.1201,PR
IT,43021,Beduzzo|Ghiare Di Corniglio|Vestola Ghiare|Bosco|Bosco Di Corniglio|Corniglio,44.4801,10.0839,PR
IT,43022,Montechiarugolo|Basilicanova|Monticelli Terme|Basilicagoiano|Monticelli Terme Di Montechiarugolo,44.7107,10.3934,PR
IT,43024,Scurano|Neviano Degli Arduini|Mozzano|Vezzano|Bazzano Parmense|Lupazzano|Provazzano|Mediano|Sasso Di Neviano,44.5449,10.2795,PR
IT,43025,Vairo|Palanzano|Isola|Selvanizza|Vairo Superiore|Ruzzano|Isola Di Palanzano|Ranzano,44.4595,10.2205,PR
IT,43028,Tizzano Val Parma|Lagrimone|Capoponte|Musiara Inferiore|Carpaneto|Capriglio|Reno,44.5143,10.2083,PR
IT,43029,Castione De' Baratti|Mamiano|Vignale|Traversetolo,44.6384,10.3709,PR
IT,43030,Marzolara|Ravarano|Calestano|Bore,44.6332,10.0413,PR
IT,43032,Bardi|Santa Giustina|Gravago|Pione|Santa Giustina Val Di Lecca,44.6338,9.754,PR
IT,43035,San Michele Di Tiorre|Sant'Ilario Di Baganza|Felino,44.6794,10.2369,PR
IT,43036,Castione Dei Marchesi|Castione Marchesi|Fidenza|Chiusa Ferranda|Pieve Di Cusignano|Cogolonchio,44.899,10.054,PR
IT,43037,San Michele Cavana|Mulazzano Ponte|Mulazzano|Santa Maria Del Piano|Lesignano De' Bagni,44.6214,10.2871,PR
IT,43038,San Vitale|San Vitale Di Baganza|Talignano|Sala Baganza,44.701,10.2036,PR
IT,43039,Cangelasio|Salsomaggiore Terme|Bagni Di Tabiano|Congelasio|Tabiano|Bargone|Campore|Pie' Di Via|Scipione,44.7926,9.9914,PR
IT,43040,Corniana|Cassio|Prelerna|Lesignano Palmia|Selva Del Bocchetto|Specchio|Casola|Boschi Di Bardone|Varano De' Melegari|Solignano|Vianino|Terenzo|Viazzano,44.6288,10.0332,PR
IT,43041,Drusco|Pontestrambo|Masanti Di Sotto|Bedonia|Ponteceno|Masanti|Molino Dell'Anzola,44.5296,9.6015,PR
IT,43042,Bergotto|Casaselvatica|Ghiare|Ghiare Di Berceto|Berceto|Fugazzolo|Castellonchio,44.5362,9.979,PR
IT,43043,Pontolo|Porcigatone|Tiedoli|Ostia Di Borgo Val Di Taro|Ostia Parmense|Borgo Val Di Taro,44.5096,9.8061,PR
IT,43044,Gaiano|Collecchio|San Martino Sinzano|Madregolo|Ozzano Taro,44.746,10.2002,PR
IT,43045,Fornovo Di Taro|Piantonia|Neviano De' Rossi|Ricco'|Sivizzano,44.6737,10.1182,PR
IT,43047,Grotta|Mariano|Iggio|Pellegrino Parmense,44.7048,9.888,PR
IT,43048,Varano Dei Marchesi|Sant'Andrea Bagni|Varano Marchesi,44.7375,10.0602,PR
IT,43049,Pessola|Carpadasco|Varsi,44.6456,9.8588,PR
IT,43050,San Martino Di Valmozzola|Mormorola|Valmozzola|Valmozzola Stazione|Stazione Valmozzola,44.5732,9.9172,PR
IT,43051,San Quirico D'Albareto|Bertorella|Albareto|San Quirico,44.4588,9.7029,PR
IT,43052,Colorno,44.6338,9.9599,PR
IT,43053,Compiano|Strela|Cereseto,44.528,9.6773,PR
IT,43055,Casale|Mezzano Rondani|Mezzano Inferiore|Mezzano Superiore,44.8544,10.3768,PR
IT,43056,San Polo|Torrile,44.9074,10.3403,PR
IT,43058,Chiozzola|Sorbolo|Mezzani,44.8432,10.4041,PR
IT,43059,Casale Di Tornolo|Tarsogno|Tornolo|Santa Maria Del Taro,44.4563,9.5808,PR
IT,43100,Fontana|Gaione|Vicomero|Botteghino|Parma|Baganzola|Alberi|Panocchia|Carignano|Moletolo|Paradigna|Porporano|Vicofertile|San Lazzaro Parmense|San Prospero Parmense|Fontanini|Cortile San Martino|San Leonardo|Fraore|Vigatto|San Pancrazio Parmense|Marano|Corcagnano,44.7589,10.311,PR
IT,43121,Parma,44.7994,10.3262,PR
IT,43122,Parma,44.7994,10.3262,PR
IT,43123,Parma,44.7994,10.3262,PR
IT,43124,Parma,44.7994,10.3262,PR
IT,43125,Parma,44.7994,10.3262,PR
IT,43126,Parma,44.7994,10.3262,PR
IT,43216,Parma,44.7994,10.3262,PR
IT,48010,Casal Borsetti,44.3237,11.9914,RA
IT,48011,Alfonsine,44.4563,12.08,RA
IT,48012,Villanova Di Bagnacavallo|Glorie|Bagnacavallo|Abbatesse|Villanova|Masiera|Traversara|Boncellino,44.4198,12.0259,RA
IT,48013,Fognano|Brisighella|San Cassiano|Marzeno|Zattaglia|San Martino In Gattara|Monteromano,44.1998,11.7646,RA
IT,48014,Castel Bolognese,44.3198,11.799,RA
IT,48015,Pisignano|Castiglione|Villa Inferno|Pinarella|Madonna Degli Angeli|Savio|Cannuzzo|Cervia|Cervia Milano Marittima,44.2562,12.3133,RA
IT,48017,San Patrizio|Conselice|Lavezzola,44.5216,11.8431,RA
IT,48018,Cosina|Sarna|Case San Martino|Celle|Santa Lucia Delle Spianate|Errano|San Silvestro|Mezzeno|Castel Raniero|Prada|Faenza|San Martino|Fossolo|Reda|Granarolo,44.3011,11.9137,RA
IT,48020,Savarna|Sant'Agata Sul Santerno|Sant'Alberto,44.4963,12.0431,RA
IT,48022,Santa Maria In Fabriago|San Bernardino|Giovecca|Villa San Martino|San Potito|Ascensione|Voltana|San Lorenzo Di Lugo|Belricetto|Passogatto|Lugo,44.4851,11.8992,RA
IT,48024,Massa Lombarda|Villa Serraglio,44.447,11.8209,RA
IT,48025,Riolo Terme|Borgo Rivola,44.2689,11.6994,RA
IT,48026,San Pancrazio|Godo|Russi,44.3754,12.0623,RA
IT,48027,Gaiano|Solarolo,44.3508,11.8441,RA
IT,48031,Bagnara Di Romagna,44.3893,11.8273,RA
IT,48032,Casola Valsenio,44.2244,11.6249,RA
IT,48033,Cotignola|San Severo|Barbiano,44.3813,11.9088,RA
IT,48034,Fusignano,44.4666,11.9564,RA
IT,48100,San Romualdo|Coccolia|Lido Di Savio|Roncalceci|Romea Vecchia|Lido Di Classe|San Zaccaria|San Pietro In Vincoli|Madonna Dell'Albero|Classe|Mezzano|Durazzano|Campiano|San Bartolo|Filetto|Ravenna|Fornace Zarattini|Fosso Ghiaia|Porto Fuori|Porto Corsini|Ducenta|Ghibullo|Ammonite|Marina Romea|Gambellara|Piangipane|Marina Di Ravenna|San Pietro In Trento|Santo Stefano|Punta Marina|Carraie|Castiglione Di Ravenna|Camerlona|Santerno|San Pietro In Campiano|Lido Adriano,44.374,12.1858,RA
IT,42010,Quara|Cerredolo|San Cassiano|Rio Saliceto|Cavola|Toano,44.4628,10.6075,RE
IT,42011,Bagnolo In Piano,44.7644,10.6736,RE
IT,42012,Campagnola Emilia,44.8393,10.7651,RE
IT,42013,Villalunga|Veggia|Salvaterra|Casalgrande,44.5763,10.7541,RE
IT,42014,Cadiroggio|Castellarano|Roteglia,44.5173,10.7228,RE
IT,42015,Correggio|San Martino|Fosdondo|Prato|Budrio,44.7576,10.7627,RE
IT,42016,San Girolamo|Guastalla|Pieve,44.8238,10.606,RE
IT,42017,Vezzola|San Bernardino|Santa Maria|Novellara|San Giovanni,44.7198,10.6209,RE
IT,42018,San Martino In Rio,44.7337,10.7849,RE
IT,42019,Ca' De Caroli|Arceto|Iano|Pratissolo|Chiozza|Rondinara|Ventoso|Scandiano|Bosco|Fellegara,44.5981,10.6695,RE
IT,42020,Cola|Quattro Castella|Montecavolo|Puianello|Rosano|Albinea|Roncolo|San Polo D'Enza|Vetto|Borzano,44.5781,10.4831,RE
IT,42021,Barco|Bibbiano,44.6756,10.4848,RE
IT,42022,Boretto,44.9016,10.5515,RE
IT,42023,Argine|Cadelbosco Di Sopra|Cadelbosco Di Sotto,44.7807,10.6164,RE
IT,42024,Castelnovo Di Sotto|Meletole,44.8306,10.5746,RE
IT,42025,Cavriago,44.6946,10.5259,RE
IT,42026,Compiano D'Enza|Canossa|Ciano D'Enza,44.5876,10.4329,RE
IT,42027,Montecchio Emilia,44.6994,10.4521,RE
IT,42028,Poviglio,44.8423,10.5394,RE
IT,42030,Montalto|Viano|Vezzano Sul Crostolo|Sologno|Minozzo|Regnano|Civago|Villa Minozzo|La Vecchia|Succiso|Gazzano|Pecorile|Asta Nell'Emilia|San Giovanni Di Querciola,44.4572,10.509,RE
IT,42031,Casino Levizzano|Levizzano|Baiso,44.5312,10.6359,RE
IT,42032,Succiso Nuovo|Cerreto Alpi|Busana|Ligonchio|Cinquecerri|Collagna|Cervarezza|Ramiseto|Castagneto|Pieve San Vincenzo,44.3665,10.2773,RE
IT,42033,Pantano|Carpineti|Valestra|Savognatica|Marola,44.4633,10.5235,RE
IT,42034,Trinita'|Paullo Di Casina|Casina,44.5301,10.4739,RE
IT,42035,Vologno|Felina|Villaberza|Monteduro|Vologno Di Sotto|Casale|Croce|Croce Ne' Monti|Castelnovo Ne' Monti|Gatta|Castelnuovo Ne' Monti,44.4236,10.4232,RE
IT,42040,Caprara|Campegine,44.778,10.52,RE
IT,42041,Lentigione|Brescello,44.881,10.498,RE
IT,42042,Fabbrico,44.8721,10.8089,RE
IT,42043,Taneto|Praticello|Gattatico,44.7906,10.4573,RE
IT,42044,Gualtieri|Pieve Saliceto|Santa Vittoria Di Gualtieri|Santa Vittoria,44.8761,10.6244,RE
IT,42045,Casoni|Luzzara|Codisotto|Villarotta,44.9517,10.725,RE
IT,42046,Reggiolo|Brugneto,44.9201,10.7863,RE
IT,42047,Rolo,44.8848,10.8596,RE
IT,42048,Rubiera,44.6516,10.7794,RE
IT,42049,Sant'Ilario D'Enza|Calerno,44.7538,10.4667,RE
IT,42100,Corticella|Marmirolo|San Pellegrino|Ospizio|Gavassa|Mancasale|Roncocesi|Codemondo|Bagno|Quaresimo|Cade'|Gavasseto|Coviolo|Cavazzoli|Reggio Emilia|San Maurizio|Masone|Massenzatico|Fogliano|Pieve Modolena|Sesso|Rivalta|Canali|Castellazzo|Gaida|Cella,44.6913,10.6404,RE
IT,42121,Reggio Emilia,44.6983,10.6312,RE
IT,42122,Reggio Emilia,44.6983,10.6312,RE
IT,42123,Reggio Emilia,44.6983,10.6312,RE
IT,42124,Reggio Emilia,44.6983,10.6312,RE
IT,47814,Bellaria Igea Marina|Bellaria|Igea Marina,44.1418,12.4715,RN
IT,47822,Ciola Corniale|San Michele|Santa Giustina Di Santarcangelo|Santarcangelo Di Romagna|Sant'Ermete|San Martino Dei Mulini|Montalbano Di Santarcangelo Di Romagna|San Vito,44.0485,12.4438,RN
IT,47824,Poggio Berni|Poggio Torriana|Santo Marino|Trebbio|Torriana,44.0095,12.3996,RN
IT,47826,Verucchio|Villa Verucchio,43.9934,12.4295,RN
IT,47832,San Clemente|Sant'Andrea In Casale,43.933,12.6386,RN
IT,47833,Morciano Di Romagna,43.9144,12.651,RN
IT,47834,Serbadone|Montefiore Conca,43.8937,12.6237,RN
IT,47835,Saludecio|Santa Maria Del Monte,43.8838,12.67,RN
IT,47836,Mondaino,43.858,12.6685,RN
IT,47837,Montegridolfo,43.8583,12.69,RN
IT,47838,Riccione,43.9994,12.6569,RN
IT,47841,Cattolica,43.9618,12.7363,RN
IT,47842,Pianventena|Montalbano|San Giovanni In Marignano,43.9493,12.7141,RN
IT,47843,Santa Monica|Cella|Villaggio Argentina|Scacciano|Misano Monte|Misano Adriatico|Belvedere,43.9657,12.6795,RN
IT,47853,Coriano|Sant'Andrea In Besanigo|Ospedaletto Di Rimini|Ospedaletto|Cerasolo,43.9816,12.5784,RN
IT,47854,San Savino Di Monte Colombo|Montescudo|Trarivi|San Savino|Taverna Di Monte Colombo|Monte Colombo|Santa Maria Del Piano|Croce,43.9259,12.5652,RN
IT,47855,Onferno|Gemmano,43.8882,12.5635,RN
IT,47861,Casteldelci,43.7912,12.1551,RN
IT,47862,Maiolo,43.873,12.3113,RN
IT,47863,Secchiano Marecchia|Ponte Molino Baffoni|Perticara|Novafeltria,43.885,12.2691,RN
IT,47864,Maciano|Pennabilli|Ponte Messa|Molino Di Bascio|Soanne,43.8443,12.2688,RN
IT,47865,Montemaggio|Pietracuta|San Leo,43.9067,12.3297,RN
IT,47866,Sant'Agata Feltria|San Donato,43.8662,12.24,RN
IT,47867,Talamello,43.9057,12.2848,RN
IT,47900,Rivazzurra|Bellariva|Santa Giustina|Gaiofana|Vergiano|Viserbella|San Fortunato|Torre Pedrera|Corpolo'|Viserba|Miramare Di Rimini|Santa Aquilina|Rivabella|Rimini|San Lorenzo In Correggiano|San Giuliano A Mare,44.0499,12.5461,RN
IT,47921,Rimini,44.0575,12.5653,RN
IT,47922,Rimini,44.0575,12.5653,RN
IT,47923,Rimini,44.0575,12.5653,RN
IT,47924,Rimini,44.0575,12.5653,RN
IT,34070,Giasbana|Rupa|Fogliano Redipuglia|Turriaco|Mernicco|Mossa|Redipuglia Sacrario|Scrio'|San Pier D'Isonzo|Moraro|Venco'|San Floriano Del Collio|San Michele Del Carso|Polazzo|Mariano Del Friuli|Jamiano|Dolegna Del Collio|San Lorenzo Isontino|Villesse|Gabria|Doberdo' Del Lago|Marcottini|Capriva Del Friuli|Cassegliano|Corona|Redipuglia|Savogna D'Isonzo|Lonzano,45.9071,13.511,GO
IT,34071,Brazzano|Borgnano|Cormons,45.9541,13.4546,GO
IT,34072,Gradisca D'Isonzo|Farra D'Isonzo,45.9002,13.5091,GO
IT,34073,Fossalon|Grado Citta' Giardino|Rotta Primero|Grado Pineta|Grado,45.6796,13.4164,GO
IT,34074,Marina Julia|Monfalcone,45.7906,13.5311,GO
IT,34075,Pieris|San Canzian D'Isonzo|Begliano|Isola Morosini,45.7995,13.454,GO
IT,34076,Romans D'Isonzo|Fratta|Versa|Medea,45.9034,13.4309,GO
IT,34077,Ronchi Dei Legionari|Vermegliano,45.8313,13.5084,GO
IT,34078,San Martino Del Carso|Sagrado|Poggio Terzarmata,45.8791,13.513,GO
IT,34079,Staranzano|Bistrigna,45.7978,13.502,GO
IT,34170,Piuma|Lucinico|Oslavia|Piedimonte Del Calvario|Gorizia,45.9519,13.6058,GO
IT,33070,San Giovanni Di Polcenigo|Budoia|Santa Lucia Di Budoia|Dardago|Stevena'|Polcenigo|Brugnera|Tamai|Sarone|Caneva|Maron,45.9853,12.52,PN
IT,33072,Casarsa Della Delizia|San Giovanni Di Casarsa,45.9479,12.8388,PN
IT,33074,Ceolini|Nave|Vigonovo|Fontanafredda,45.9837,12.555,PN
IT,33075,Mussons|Cordovado|Morsano Al Tagliamento,45.8503,12.9261,PN
IT,33076,Barco|Pravisdomini,45.8193,12.6833,PN
IT,33077,Sacile|Cavolano|Schiavoi|San Giovanni Di Livenza,45.9352,12.5046,PN
IT,33078,San Vito Al Tagliamento|Savorgnano|Gleris,45.903,12.8626,PN
IT,33079,Sesto Al Reghena|Bagnarola|Ramuscello|Casette,45.8629,12.8591,PN
IT,33080,Bannia|Andreis|Castions|San Quirino|Sedrano|Zoppola|San Foca|Cimpello|Roraipiccolo|Villanova|Erto E Casso|Cimolais|Roveredo In Piano|Prata Di Pordenone|Frisanco|Orcenico Inferiore|Vajont|Palse|Fiume Veneto|Porcia|Puia|Claut|Ghirano|Poffabro|Barcis,46.0388,12.6531,PN
IT,33081,Marsure|Selva|Giais|Cortina|San Martino Di Campagna|Castello|Glera|Aviano,46.0944,12.609,PN
IT,33082,Fagnigola|Corva|Tiezzo|Azzano Decimo,45.8932,12.6701,PN
IT,33083,Taiedo|Chions|Villotta,45.8835,12.6861,PN
IT,33084,Musil|Villa D'Arco|Cordenons,45.9839,12.6872,PN
IT,33085,Campagna|Maniago,46.1563,12.7241,PN
IT,33086,Montereale Valcellina|San Leonardo|Malnisio|San Leonardo Valcellina,46.1236,12.6607,PN
IT,33087,Pasiano Di Pordenone|Pozzo|Visinale|Pasiano|Rivarotta|Cecchini,45.9009,12.6664,PN
IT,33090,Casiacco|Lestans|Pielungo|Colle|Vito D'Asio|Tramonti Di Sopra|Tramonti Di Sotto|Clauzetto|Campone|Arba|Anduins|Travesio|Sequals|Chievolis|Toppo|Solimbergo|Castelnovo Del Friuli|Usago,46.2167,12.8565,PN
IT,33092,Fanna|Meduno|Cavasso Nuovo,46.198,12.7743,PN
IT,33094,Pinzano Al Tagliamento|Valeriano,46.1746,12.9329,PN
IT,33095,San Giorgio Della Richinvelda|Provesano|Domanins|Rauscedo,46.0455,12.8499,PN
IT,33097,Istrago|Spilimbergo|Tauriano|Barbeano|Vacile,46.1145,12.8796,PN
IT,33098,San Lorenzo|Valvasone|Arzene|Valvasone Arzene|San Martino Al Tagliamento,45.9978,12.8546,PN
IT,33099,Vivaro,46.0766,12.7791,PN
IT,33170,Borgo Meduna|Pordenone|Comina (La)|La Comina|Vallenoncello,45.9476,12.6526,PN
IT,34010,Sgonico,45.7358,13.7471,TS
IT,34011,Sistiana|Visogliano|San Pelagio|Duino|Duino Aurisina|Aurisina|Villaggio Del Pescatore,45.7695,13.6395,TS
IT,34012,Basovizza,45.6417,13.8632,TS
IT,34014,Grignano|Santa Croce|Santa Croce Di Trieste,45.7259,13.7001,TS
IT,34015,San Rocco|Muggia|Aquilinia|Stramare,45.6007,13.783,TS
IT,34016,Monrupino,45.7228,13.791,TS
IT,34017,Prosecco,45.7081,13.7338,TS
IT,34018,San Dorligo Della Valle|Domio|Sant'Antonio In Bosco|San Giuseppe Della Chiusa|Bagnoli Della Rosandra,45.6146,13.8477,TS
IT,34100,Trieste,45.6495,13.7768,TS
IT,34121,Trieste,45.6495,13.7768,TS
IT,34122,Trieste,45.6495,13.7768,TS
IT,34123,Trieste,45.6495,13.7768,TS
IT,34124,Trieste,45.6495,13.7768,TS
IT,34125,Trieste,45.6495,13.7768,TS
IT,34126,Trieste,45.6495,13.7768,TS
IT,34127,Trieste,45.6495,13.7768,TS
IT,34128,Trieste,45.6495,13.7768,TS
IT,34129,Trieste,45.6495,13.7768,TS
IT,34130,Trieste,45.6495,13.7768,TS
IT,34131,Trieste,45.6495,13.7768,TS
IT,34132,Trieste,45.6495,13.7768,TS
IT,34133,Trieste,45.6495,13.7768,TS
IT,34134,Trieste,45.6495,13.7768,TS
IT,34135,Trieste,45.6495,13.7768,TS
IT,34136,Trieste|Cedas,45.6719,13.7573,TS
IT,34137,Trieste,45.6495,13.7768,TS
IT,34138,Trieste,45.6495,13.7768,TS
IT,34139,Trieste,45.6495,13.7768,TS
IT,34140,Trieste,45.6495,13.7768,TS
IT,34141,Trieste,45.6495,13.7768,TS
IT,34142,Trieste,45.6495,13.7768,TS
IT,34143,Trieste,45.6495,13.7768,TS
IT,34144,Trieste,45.6495,13.7768,TS
IT,34145,Trieste,45.6495,13.7768,TS
IT,34146,Trieste,45.6495,13.7768,TS
IT,34147,Trieste|Aquilinia,45.6274,13.7926,TS
IT,34148,Trieste,45.6495,13.7768,TS
IT,34149,Trieste|Cattinara,45.6421,13.8024,TS
IT,34150,Trieste,45.6495,13.7768,TS
IT,34151,Trieste,45.6495,13.7768,TS
IT,33010,Peonis|Colugna|Reana Del Roiale|Colloredo Di Monte Albano|Chiusaforte|Tavagnacco|Valbruna|La Carnia|Treppo Grande|Borgo Zurini|Vendoglio|Venzone|Trasaghis|Cassacco|Lauzzana|Resia|Qualso|Osoppo|Lusevera|Carnia|Caporiacco|Vedronza|Vergnacco|Bordano|Braulins|Resiutta|Adegliacco|Magnano In Riviera|Malborghetto|Malborghetto Valbruna|Mels|Dogna|Pagnacco|Alesso|Montenars|Cavalicco|Carvacco|Stolvizza|Feletto Umberto|Ugovizza|Avasinis,46.2643,13.21,UD
IT,33011,Artegna,46.2393,13.154,UD
IT,33013,Gemona Piovega|Ospedaletto Di Gemona|Gemona Del Friuli,46.2861,13.1231,UD
IT,33015,Moggio Udinese|Moggio Di Sopra|Moggio Di Sotto,46.4081,13.1949,UD
IT,33016,Pontebba,46.5054,13.3062,UD
IT,33017,Collalto|Bulfons|Tarcento,46.2037,13.2067,UD
IT,33018,Fusine In Valromana|Tarvisio|Cave Del Predil|Camporosso In Valcanale,46.4879,13.5873,UD
IT,33019,Tricesimo|Leonacco,46.1519,13.2088,UD
IT,33020,Prato Carnico|Sutrio|Rigolato|Pieria|Ligosullo|Sauris|Preone|Forni Avoltri|Treppo Carnico|Cavazzo Carnico|Amaro|Quinis|Pesariis|Socchieve|Mediis|Forni Di Sotto|Cercivento|Zuglio|Enemonzo|Verzegnis|Ravascletto,46.4738,12.894,UD
IT,33021,Ampezzo,46.4146,12.7963,UD
IT,33022,Arta Terme|Piano D'Arta,46.484,13.0181,UD
IT,33023,Comeglians,46.5161,12.8662,UD
IT,33024,Forni Di Sopra,46.4203,12.5831,UD
IT,33025,Ovaro,46.4841,12.867,UD
IT,33026,Cleulis|Paluzza|Timau,46.5608,13.009,UD
IT,33027,Paularo|Dierico|Salino,46.5177,13.1214,UD
IT,33028,Tolmezzo|Cadunea|Caneva|Imponzo|Illegio|Caneva Di Tolmezzo|Terzo Di Tolmezzo,46.426,13.0234,UD
IT,33029,Lauco|Invillino|Chiassis|Villa Santina|Trava|Raveo,46.4257,12.9085,UD
IT,33030,Flumignano|Muris|Rive D'Arcano|Buja|Muris Di Ragogna|Cisterna Del Friuli|Forgaria Nel Friuli|Flagogna|Urbignacco|Cornino|Cisterna|Campoformido|Bressa|Ragogna|Majano|Roveredo|Santa Margherita|Santo Stefano Di Buja|Vidulis|Coseano|Carpacco|San Vito Di Fagagna|Canussio|San Pietro|Madonna Di Buja|Camino Al Tagliamento|Flaibano|Talmassons|San Tomaso|Basaldella|Brazzacco|Avilla|Dignano|Romans Di Varmo|Varmo|Rodeano|San Giacomo|Rodeano Basso|Flambro|Silvella|Moruzzo|Romans,46.0864,13.0454,UD
IT,33031,Variano|Basiliano|Orgnano|Vissandone|Basagliapenta|Blessano|Villaorba,46.0169,13.0964,UD
IT,33032,Bertiolo|Pozzecco,45.9515,13.0735,UD
IT,33033,Beano|Rivolto|Codroipo|Lonca|Biauzzo|Goricizza E Pozzo,45.9634,12.9963,UD
IT,33034,Fagagna|Ciconicco|Madrisio,46.1094,13.0834,UD
IT,33035,Nogaredo Di Prato|Martignacco|Torreano Di Martignacco,46.0914,13.1431,UD
IT,33036,San Marco|Plasencis|Pantianicco|Mereto Di Tomba|Tomba,46.0497,13.0614,UD
IT,33037,Colloredo Di Prato|Passons|Pasian Di Prato,46.0556,13.1736,UD
IT,33038,Villanova Di San Daniele|Villanova|San Daniele Del Friuli,46.1406,12.983,UD
IT,33039,Coderno|Gradisca Di Sedegliano|Sedegliano|San Lorenzo|Turrida,46.0144,12.9728,UD
IT,33040,Primulacco|Clodig|Castelmonte|Magredis|San Leonardo|Orsaria|Ravosa|Drenchia|Premariacco|Prepotto|Taipana|Pradamano|Visco|Torreano|Grions|Attimis|Faedis|Tapogliano|Campeglio|Ipplis|Corno Di Rosazzo|Stregna|Povoletto|Grimacco|Podresca|Paciug|Campolongo Al Torre|Savorgnano Del Torre|Racchiuso|Cavenzano|Moimacco|Savogna,46.0831,13.3877,UD
IT,33041,Aiello Del Friuli|Joannis,45.8728,13.3604,UD
IT,33042,Buttrio,46.011,13.3335,UD
IT,33043,Purgessimo|Sanguarzo|Cividale Del Friuli,46.0998,13.4541,UD
IT,33044,Manzano,45.9884,13.3767,UD
IT,33045,Nimis,46.2066,13.2678,UD
IT,33046,Pulfero,46.1738,13.4836,UD
IT,33047,Cerneglons|Orzano|Remanzacco|Ziracco,46.079,13.3304,UD
IT,33048,Chiopris Viscone|Villanova Dello Iudrio|Chiopris|Dolegnano|Medeuzza|San Giovanni Al Natisone,45.9555,13.4074,UD
IT,33049,San Pietro Al Natisone,46.1144,13.483,UD
IT,33050,Percoto|Trivignano Udinese|Bagnaria Arsa|Pavia Di Udine|Casale Della Madonna|Lumignacco|Torsa|Santa Maria|Cargnacco|Precenicco|Perteole|Galleriano|San Valentino|Castions Di Strada|Tissano|Pocenia|Santa Maria La Longa|San Vito Al Torre|Ronchis|Lauzacco|Torsa Di Pocenia|Castions Delle Mura|Bicinicco|Sevegliano|Carlino|Marano Lagunare|Papariano|Mortegliano|Fiumicello|Felettis|Torviscosa|Ontagnano|Risano|Clauiano|Terzo D'Aquileia|Nespoledo|Sammardenchia|Pozzuolo Del Friuli|Ruda|Castello|Lestizza|Chiasellis|Gonars|Carpeneto|Lavariano|Mereto Di Capitolo|Malisana|Porpetto|Terenzano|Zugliano|Sclaunicco,45.9048,13.2398,UD
IT,33051,Belvedere Di Aquileia|Belvedere|Aquileia,45.7424,13.3831,UD
IT,33052,Cervignano Del Friuli|Strassoldo,45.8389,13.3305,UD
IT,33053,Gorgo|Latisana|Pertegada,45.7458,13.0246,UD
IT,33054,Lignano Pineta|Lignano Sabbiadoro,45.6731,13.112,UD
IT,33055,Muzzana Del Turgnano,45.818,13.1275,UD
IT,33056,Palazzolo Dello Stella,45.7982,13.0878,UD
IT,33057,Ialmicco|Jalmicco|Sottoselva|Palmanova,45.91,13.3268,UD
IT,33058,San Giorgio Di Nogaro,45.8275,13.2109,UD
IT,33059,Villa Vicentina,45.8138,13.3933,UD
IT,33061,Rivignano|Teor|Rivignano Teor|Rivarotta,45.8504,13.0597,UD
IT,33100,Laipacco|Baldasseria|Udine|Gervasutta|Godia|Cussignacco,46.0664,13.2569,UD
IT,03010,Madonna Delle Grazie|Trevi Nel Lazio|Piglio|Sgurgola|San Giovanni|Acuto|Quattro Strade|Patoni|Vico Nel Lazio|Collepardo|Certosa Di Trisulti|Filettino|Patrica|Torre Cajetani|Fumone|Trivigliano|Serrone|Pitocco|La Forma,41.7534,13.2581,FR
IT,03011,Collelavena|Alatri|Tecchiena|Monte San Marino,41.722,13.3298,FR
IT,03012,Osteria Della Fontana|Anagni,41.736,13.1494,FR
IT,03013,Porciano|Ferentino|Tofe|Ferentino Stazione,41.697,13.2355,FR
IT,03014,Fiuggi Fonte|Fiuggi,41.7978,13.2239,FR
IT,03016,Guarcino|Campocatino,41.8162,13.3239,FR
IT,03017,Cerquotti Madonna Del Piano|Morolo,41.6401,13.2057,FR
IT,03018,Paliano,41.7797,13.0766,FR
IT,03019,Supino,41.6213,13.2345,FR
IT,03020,Pico|Castro Dei Volsci|Arnara|Madonna Del Piano|Torrice|Pastena|Giuliano Di Roma|Villa Santo Stefano|Strangolagalli|San Sosio|Falvaterra|Vallecorsa,41.5243,13.4196,FR
IT,03021,Amaseno,41.4671,13.3346,FR
IT,03022,Colle Campano|Casavitola|Scrima|Boville Ernica|Mozzano Torretta|Antica Colle Piscioso|Brecciaro|Rotabile,41.6462,13.4646,FR
IT,03023,Ceccano,41.5724,13.329,FR
IT,03024,Ceprano,41.5457,13.5147,FR
IT,03025,Anitrella|Colli|Chiaiamari|Monte San Giovanni Campano|Porrino,41.6419,13.5275,FR
IT,03026,Pofi,41.5654,13.4146,FR
IT,03027,Ripi,41.6137,13.424,FR
IT,03028,San Giovanni Incarico,41.5,13.5586,FR
IT,03029,Giglio|Sant'Angelo In Villa|Veroli|Case Campoli|Casamari|Santa Francesca|Colleberardi|Castelmassimo|Scifelli|Cotropagno|Panetta,41.6664,13.464,FR
IT,03030,Villa Felice|Campoli Appennino|Posta Fibreno|Castrocielo|Colle San Magno|Santopadre|Fontechiari|Broccostella|Madonna Della Stella|Casalattico|Villa Santa Lucia|Piumarola|Castelliri|Rocca D'Arce|Piedimonte San Germano|Colfelice|Pescosolido|Vicalvi|Piedimonte San Germano Alta|Coldragone,41.613,13.6528,FR
IT,03031,Aquino,41.4939,13.7052,FR
IT,03032,Isoletta|Arce,41.5529,13.5654,FR
IT,03033,Scaffa San Sossio|Arpino|Scaffa,41.6511,13.5847,FR
IT,03034,Casalvieri|Roselli|Purgatorio,41.6428,13.7124,FR
IT,03035,Fontana Liri|Collefontana|Fontana Liri Superiore|San Paolo,41.6351,13.6293,FR
IT,03036,Isola Del Liri,41.6868,13.5968,FR
IT,03037,Pontecorvo|Sant'Oliva Di Pontecorvo|Sant'Oliva|Pastine Di Pontecorvo,41.4306,13.6443,FR
IT,03038,Roccasecca Stazione|Roccasecca|Caprile,41.5428,13.665,FR
IT,03039,Sora|Selva Di Sora|Carnello,41.7005,13.612,FR
IT,03040,Gallinaro|Sant'Ambrogio Sul Garigliano|Villa Latina|Acquafondata|Selvacava|Sant'Andrea Del Garigliano|Cerreto Di Vallerotonda|Pignataro Interamna|Valvori|Castelnuovo Parano|San Biagio Saracinisco|Ausonia|Pietrafitta|San Vittore Del Lazio|Vallemaio|Casalcassinese|Viticuso|Belmonte Castello|Settefrati|Terelle|Coreno Ausonio|Vallerotonda|Picinisco|Cardito Di Vallerotonda,41.5137,13.8552,FR
IT,03041,Sant'Onofrio|Castello D'Alvito|Alvito,41.7006,13.7455,FR
IT,03042,Atina|Casino Pica|Atina Inferiore,41.6235,13.7958,FR
IT,03043,Montecassino|Sant'Angelo In Theodice|San Bartolomeo|Cassino|Cappella Morrone|Caira,41.4875,13.8408,FR
IT,03044,Pacitti|Pastenelle|Santa Lucia|Cervaro|Sprumaro,41.479,13.8832,FR
IT,03045,Monticelli|Esperia Inferiore|Esperia,41.393,13.6738,FR
IT,03046,San Donato Val Di Comino,41.7073,13.8122,FR
IT,03047,San Giorgio A Liri,41.4058,13.7598,FR
IT,03048,Sant'Apollinare,41.4018,13.8299,FR
IT,03049,Valleluce|Sant'Elia Fiumerapido|Olivella|Portella,41.5438,13.859,FR
IT,03100,Frosinone Stazione|Madonna Della Neve|De Matteis|Frosinone,41.6398,13.3411,FR
IT,04010,Norma|Giulianello|Roccasecca Dei Volsci|Sezze Stazione|Cori|Sezze Scalo|Sonnino Scalo|Bassiano|Maenza|Roccagorga|Sonnino|Prossedi|Rocca Massima|Pisterzo,41.54,13.0979,LT
IT,04011,Camilleri|Campoleone|Fossignano|Carano|Aprilia|Campo Di Carne|Vallelata|Casalazara|Pantanelle|Torre Del Padiglione|Campoverde|Cogna,41.5771,12.6547,LT
IT,04012,Cisterna Di Latina|Borgo Flora|Le Castella,41.5857,12.8195,LT
IT,04013,Monticchio|Sermoneta|Latina Aeroporto|Doganella|Sermoneta Scalo|Doganella Di Ninfa|Carrara,41.5568,12.9571,LT
IT,04014,Borgo Pasubio|Pontinia,41.411,13.0426,LT
IT,04015,Priverno|Fossanova|Abbazia Di Fossanova,41.4552,13.1885,LT
IT,04016,Borgo Vodice|Baia D'Argento|Borgo San Donato|Sabaudia,41.3245,13.0463,LT
IT,04017,Borgo Montenero|San Felice Circeo,41.2577,13.0986,LT
IT,04018,Colli Di Suso|Sezze,41.5003,13.0618,LT
IT,04019,La Fiora|Terracina|Borgo Hermada|Badino,41.3036,13.2027,LT
IT,04020,Grunuovo Di Santi Cosma E Damiano|Spigno Saturnia|Monte San Biagio|Campomaggiore San Luca|Spigno Saturnia Inferiore|San Lorenzo Di Santi Cosma E Damiano|Santi Cosma E Damiano|Grunuovo|Itri|Santo Stefano|Ventotene|Campodimele,41.3161,13.6456,LT
IT,04021,Forme Di Suio|Suio Terme|San Cataldo|Castelforte,41.2944,13.8485,LT
IT,04022,San Magno|Salto Di Fondi|Fondi,41.329,13.3816,LT
IT,04023,Maranola|Formia|Trivio Di Formia|Penitro|Acquatraversa Di Formia|Vindicio Di Formia|Castellonorato,41.274,13.6523,LT
IT,04024,Gaeta,41.2141,13.5708,LT
IT,04025,Valle Bernardo|Lenola,41.3971,13.4495,LT
IT,04026,Tremensuoli|Tufo Di Minturno|Santa Maria Infante|Minturno|Marina Di Minturno|Scauri,41.2667,13.729,LT
IT,04027,Le Forna|Ponza,40.91,12.964,LT
IT,04029,Sperlonga,41.259,13.433,LT
IT,04100,Borgo Montello|Borgo Carso|Foro Appio|Latina Scalo|Borgo Sabotino|Foce Verde|Borgo Piave|Le Ferriere|Borgo Grappa|Borgo San Michele|Borgo Faiti|Fogliano|Borgo Isonzo|Borgo Podgora|Tor Tre Ponti|Borgo Bainsizza|Latina,41.4689,12.8908,LT
IT,02010,Santa Croce|Cittareale|Santa Croce Di Cittareale|Colli Sul Velino|Borbona|Piedicolle|Labro|Canetra Di Castel Sant'Angelo|Borgo Velino|Castel Sant'Angelo|Morro Reatino|Micigliano|Vallemare|Rivodutri,42.5054,12.9998,RI
IT,02011,Grisciano|Accumoli,42.7142,13.2578,RI
IT,02012,Amatrice|Sommati|Santa Giusta|Collemoresco|Scai|Santi Lorenzo E Flaviano|Torrita|Preta,42.6206,13.2567,RI
IT,02013,Antrodoco,42.415,13.0767,RI
IT,02014,Fantauzzi|San Liberato|Cantalice,42.4703,12.8909,RI
IT,02015,Grotti Di Cittaducale|Cittaducale|Grotti|Santa Rufina,42.3837,12.9407,RI
IT,02016,Terzone|Leonessa|Villa Bigioni|Piedelpoggio|San Clemente Di Leonessa|Albaneto|Vindoli,42.5727,13.0075,RI
IT,02018,Poggio Bustone,42.5033,12.8852,RI
IT,02019,Picciame|Sigillo Di Posta|Favischio|Posta,42.5236,13.0948,RI
IT,02020,Castel Di Tora|Roccaranieri|Colle Di Tora|Longone Sabino|Paganico Sabino|Vaccareccia|Ascrea|Stipes|Campolano|Concerviano|Marcetelli|Nespolo|Varco Sabino|Collegiove|Turania|Belmonte In Sabina,42.2337,12.9954,RI
IT,02021,Borgorose|Torano|Poggiovalle|Poggiovalle Di Borgorose|Collemaggiore|Corvaro|Grotti Di Borgorose|Sant'Anatolia|Villerose,42.1788,13.2299,RI
IT,02022,Collalto Sabino,42.1352,13.0484,RI
IT,02023,Peschieta|Sant'Agapito|Fiamignano|Santa Lucia Di Fiamignano|Sant'Ippolito|Santa Lucia,42.243,13.1326,RI
IT,02024,Pace|Leofreni|Pescorocchiano|Sant'Elpidio Di Pescorocchiano|Sant'Elpidio,42.2105,13.1302,RI
IT,02025,Fiumata|Borgo San Pietro|Castelmareri|Capradosso|Petrella Salto,42.2861,13.0633,RI
IT,02026,Rocca Sinibalda|Posticciola,42.2562,12.9291,RI
IT,02030,Collelungo|Frasso Sabino|Pozzaglia Sabina|Torricella In Sabina|Poggio Nativo|Casaprota|Poggio San Lorenzo|Collelungo Sabino|Monte Santa Maria|Villetta Sant'Antonio,42.2303,12.8342,RI
IT,02031,Castelnuovo Di Farfa,42.2319,12.7431,RI
IT,02032,Coltodino|Borgo Quinzio|Canneto|Talocci|Passo Corese|Farfa Sabina|Farfa|Corese Terra|Fara In Sabina|Borgo Salario|Canneto Sabino|Prime Case,42.1908,12.7105,RI
IT,02033,Monteleone Sabino|Ginestra Sabina,42.23,12.8513,RI
IT,02034,Bocchignano|Montopoli Di Sabina,42.2535,12.7008,RI
IT,02035,Orvinio,42.1304,12.9376,RI
IT,02037,Cerdomare|Fiacchini|Osteria Nuova|Poggio Moiano,42.2497,12.885,RI
IT,02038,Scandriglia|Ponticelli,42.1682,12.8269,RI
IT,02039,Toffia,42.213,12.755,RI
IT,02040,Montasola|Mompeo|Vacone|San Polo Sabino|Fianello|Cottanello|San Polo|Monte San Giovanni In Sabina|Configni|Poggio Catino|Salisano|Montenero Sabino|Montebuono|Selci|Cantalupo In Sabina|Roccantica|Tarano,42.3358,12.6722,RI
IT,02041,Casperia,42.3387,12.6702,RI
IT,02042,Collevecchio,42.3337,12.5533,RI
IT,02043,Montisola|San Filippo|Contigliano|San Filippo Di Contigliano,42.3766,12.7034,RI
IT,02044,Gavignano Sabino|Forano,42.2855,12.6057,RI
IT,02045,Greccio|Limiti Di Greccio,42.4487,12.761,RI
IT,02046,Magliano Sabina|Foglia,42.3485,12.4795,RI
IT,02047,Poggio Mirteto Scalo|Castel San Pietro|Poggio Mirteto|Poggio Mirteto Stazione,42.2592,12.6821,RI
IT,02048,Stimigliano Scalo|Stimigliano Stazione|Stimigliano,42.296,12.5667,RI
IT,02049,Torri In Sabina,42.3506,12.6416,RI
IT,02100,Pie' Di Moggio|Vazia|Poggio Fidoni|Monte Terminillo|Rieti|San Giovanni Reatino|Poggio Perugino|Casette,42.4013,12.8341,RI
IT,00010,Moricone|Borgo Santa Maria|Setteville|Gallicano Nel Lazio|Monteflavio|Marcellina|San Gregorio Da Sassola|Poli|Montelibretti|Setteville Di Guidonia|Montorio Romano|Casape|San Polo Dei Cavalieri|Sant'Angelo Romano,42.0136,12.7837,RM
IT,00011,Bagni Di Tivol,42.0102,12.7501,RM
IT,00012,Villalba|La Botte|Colle Verde|Montecelio|Villanova|Villanova Di Guidonia|Guidonia Montecelio|Albuccione|Guidonia,41.9778,12.7239,RM
IT,00013,Tor Lupara|Santa Lucia|Castelchiodato|Fonte Nuova|Torlupara Di Mentana|Mentana,42.0052,12.6395,RM
IT,00015,Monterotondo|Monterotondo Stazione,42.0516,12.6197,RM
IT,00017,Nerola|Acquaviva,42.162,12.7642,RM
IT,00018,Cretone|Palombara Sabina,42.0701,12.7352,RM
IT,00019,Arci|Bivio San Polo|Villa Adriana|Empolitana|Tivoli|Tivoli Terme|Pontelucano,41.9668,12.8024,RM
IT,00020,Marano Equo|Altipiani Di Arcinazzo|Agosta|Canterano|Ciciliano|Percile|Vivaro Romano|Saracinesco|Cervara Di Roma|Madonna Della Pace|Mandela|Riofreddo|Vallinfreda|Rocca Canterano|Pisoniano|Cerreto Laziale|Jenne|Vallepietra|Sambuci|Arcinazzo Romano|Cineto Romano|Roccagiovine|Camerata Nuova,41.985,13.0218,RM
IT,00021,Affile,41.8844,13.0985,RM
IT,00022,Anticoli Corrado,42.008,12.9905,RM
IT,00023,Arsoli,42.0416,13.0161,RM
IT,00024,Castel Madama,41.9735,12.8678,RM
IT,00025,Gerano,41.9347,12.9903,RM
IT,00026,Licenza|Civitella,42.0776,12.8976,RM
IT,00027,Roviano,42.0264,12.9939,RM
IT,00028,Subiaco,41.9262,13.0891,RM
IT,00029,Vicovaro,42.0192,12.9,RM
IT,00030,Labico|Gorga|San Cesareo|Montelanico|Bellegra|Guadagnolo|Colonna|Capranica Prenestina|Colonna Stazione|Castel San Pietro Romano|Rocca Santo Stefano|Roiate|Genazzano|San Vito Romano|Gavignano|Rocca Di Cave,41.8204,12.9465,RM
IT,00031,Artena|Colubro|Macere,41.7417,12.8774,RM
IT,00032,Carpineto Romano,41.6047,13.0841,RM
IT,00033,San Bartolomeo|Cave,41.8154,12.929,RM
IT,00034,Colleferro Scalo|Colleferro Stazione|Colleferro,41.7272,13.0048,RM
IT,00035,Olevano Romano,41.8587,13.036,RM
IT,00036,Carchitti|Palestrina,41.8098,12.8557,RM
IT,00037,Segni,41.6889,13.0193,RM
IT,00038,Valmontone,41.7732,12.9186,RM
IT,00039,Valle Martella|Zagarolo,41.8599,12.7811,RM
IT,00040,Tor San Lorenzo|Marina Di Ardea|Ardea|Santa Maria Delle Mole|Ponte Sulla Moletta|Rocca Di Papa|Frattocchie,41.6711,12.5891,RM
IT,00041,Cecchina|Cecchina Stazione|Albano Laziale|Pavona|Pavona Stazione,41.7185,12.6288,RM
IT,00042,Anzio|Lido Dei Pini|Lavinio Lido Di Enea|Colonia Di Anzio,41.4946,12.6057,RM
IT,00043,Casabianca|Ciampino Aeroporto|Ciampino,41.8006,12.6016,RM
IT,00044,Frascati|Vermicino,41.8091,12.6794,RM
IT,00045,Landi|Pedica|Genzano Di Roma,41.663,12.7067,RM
IT,00046,Grottaferrata|Poggio Tulliano,41.7866,12.6714,RM
IT,00047,Marino,41.7698,12.6592,RM
IT,00048,Nettuno,41.4579,12.6639,RM
IT,00049,Velletri,41.6857,12.7775,RM
IT,00050,Testa Di Lepre Di Sopra,41.9623,12.2851,RM
IT,00051,Allumiere|La Bianca,42.1526,11.9043,RM
IT,00052,Marina Di Cerveteri|Ceri|Cerveteri|Stazione Di Furbara|Furbara Cerenova|Borgo San Martino Di Cerveteri|Cerenova,41.9883,12.0988,RM
IT,00053,Aurelia Di Civitavecchia|Civitavecchia|Aurelia,42.1238,11.7903,RM
IT,00054,Fregene|Maccarese|Fiumicino Aeroporto|Passo Oscuro|Focene|Fiumicino|Isola Sacra|Testa Di Lepre|Ara Nova|Torrimpietra,41.8493,12.2239,RM
IT,00055,Ladispoli|Palo|Marina San Nicola,41.9383,12.0984,RM
IT,00057,Pantano Di Grano|Malagrotta,41.8833,12.3333,RM
IT,00058,Santa Severa|Santa Marinella,42.0292,11.9013,RM
IT,00059,Tolfa|Santa Severa Nord,42.0866,11.9525,RM
IT,00060,Bagni Di Stigliano|Ponte Storto|Belvedere|Monte Caminetto|Terme Di Stiglian|Bellavista|Nazzano|Le Rughe|Sacrofano|Riano|Bivio Di Capanelle|Montevirginio|Formello|Castelnuovo Di Porto|Girardi|Filacciano|Magliano Romano|Torrita Tiberina|Canale Monterano|Civitella San Paolo|Ponzano Romano|Capena|Mazzano Romano|Sant'Oreste|Terrazze,42.1448,12.4373,RM
IT,00061,Anguillara Sabazia,42.0792,12.2837,RM
IT,00062,Bracciano|Castel Giuliano|Rinascente|Vigna Di Valle,42.0814,12.1776,RM
IT,00063,Campagnano Di Roma,42.1357,12.3736,RM
IT,00065,Feronia|Fiano Romano,42.1554,12.5947,RM
IT,00066,Manziana|Quadroni,42.1317,12.1211,RM
IT,00067,Morlupo,42.15,12.5031,RM
IT,00068,Rignano Flaminio,42.2055,12.4807,RM
IT,00069,Vicarello|Trevignano Romano,42.1634,12.2189,RM
IT,00071,Pratica Di Mare|Torvaianica|Santa Palomba|Pomezia,41.6645,12.5036,RM
IT,00072,Ariccia|Galloro,41.7186,12.6695,RM
IT,00073,Laghetto Di Castel Gandolfo|Castel Gandolfo,41.7488,12.6497,RM
IT,00074,Nemi,41.7218,12.7181,RM
IT,00075,Lanuvio|Pascolare,41.673,12.694,RM
IT,00076,Lariano,41.7185,12.8287,RM
IT,00077,Molara|Laghetto Di Montecompatri|Montecompatri,41.8282,12.7334,RM
IT,00078,Monte Porzio Catone|Armetta,41.8144,12.701,RM
IT,00079,Colle Di Fuori|Rocca Priora,41.7834,12.7863,RM
IT,00118,Roma,41.8919,12.5113,RM
IT,00119,Ostia Antica|Roma,41.8919,12.5113,RM
IT,00120,Roma,41.8919,12.5113,RM
IT,00121,Lido Di Ostia Ponente|Roma,41.812,12.3939,RM
IT,00122,Roma|Lido Di Ostia Levante|Castel Fusano|Castel Porziano,41.7897,12.4095,RM
IT,00123,La Storta|Roma|Isola Farnese,41.9703,12.4291,RM
IT,00124,Roma|Casal Palocco,41.8202,12.4293,RM
IT,00125,Roma|Acilia,41.8919,12.5113,RM
IT,00126,Roma,41.8919,12.5113,RM
IT,00127,Vitinia|Mezzocammino|Roma|Risaro,41.8248,12.4425,RM
IT,00128,Malpasso|Castel Romano|Roma|Castel Di Decima|Tor De' Cenci,41.7836,12.4583,RM
IT,00131,Settecamini|Roma,41.9126,12.564,RM
IT,00132,Colle Della Valentina|Borgata Borghesiana|Borgata Finocchio|Roma,41.8919,12.5113,RM
IT,00133,Roma|Torre Angela|Torre Gaia|Torrenova,41.8661,12.5896,RM
IT,00134,Castel Di Leva|Roma|Divino Amore,41.815,12.5345,RM
IT,00135,Roma|Borgata Ottavia|La Giustiniana,41.9376,12.4557,RM
IT,00136,Roma,41.8919,12.5113,RM
IT,00137,Roma,41.8919,12.5113,RM
IT,00138,Roma|Castel Giubileo|Borgata Fidene|Marcigliana|Settebagni,41.9751,12.5149,RM
IT,00139,Roma,41.8919,12.5113,RM
IT,00141,Roma,41.8919,12.5113,RM
IT,00142,Roma,41.8919,12.5113,RM
IT,00143,Roma|Cecchignola,41.8543,12.4973,RM
IT,00144,Roma|Decima,41.8919,12.5113,RM
IT,00145,Roma,41.8919,12.5113,RM
IT,00146,Roma,41.8919,12.5113,RM
IT,00147,Roma,41.8919,12.5113,RM
IT,00148,Roma|Borgata Corviale|Magliana Trullo,41.8919,12.5113,RM
IT,00149,Roma,41.8919,12.5113,RM
IT,00151,Roma,41.8919,12.5113,RM
IT,00152,Roma,41.8919,12.5113,RM
IT,00153,Roma,41.8919,12.5113,RM
IT,00154,Roma,41.8919,12.5113,RM
IT,00155,Roma|Tor Sapienza|La Rustica,41.896,12.5473,RM
IT,00156,Rebibbia|Roma,41.8919,12.5113,RM
IT,00157,Roma,41.8919,12.5113,RM
IT,00158,Roma,41.8919,12.5113,RM
IT,00159,Roma,41.8919,12.5113,RM
IT,00161,Roma,41.8919,12.5113,RM
IT,00162,Roma,41.8919,12.5113,RM
IT,00163,Roma,41.8919,12.5113,RM
IT,00164,Roma,41.8919,12.5113,RM
IT,00165,Roma,41.8919,12.5113,RM
IT,00166,Borgata Casalotti|Roma,41.8919,12.5113,RM
IT,00167,Roma,41.8919,12.5113,RM
IT,00168,Roma,41.8919,12.5113,RM
IT,00169,Torre Spaccata|Torre Maura|Roma,41.8919,12.5113,RM
IT,00171,Roma,41.8919,12.5113,RM
IT,00172,Roma,41.8919,12.5113,RM
IT,00173,Roma,41.8919,12.5113,RM
IT,00174,Roma,41.8919,12.5113,RM
IT,00175,Roma,41.8919,12.5113,RM
IT,00176,Roma,41.8919,12.5113,RM
IT,00177,Roma,41.8919,12.5113,RM
IT,00178,Capannelle|Roma|Torricola,41.8626,12.539,RM
IT,00179,Roma,41.8919,12.5113,RM
IT,00181,Roma,41.8919,12.5113,RM
IT,00182,Roma,41.8919,12.5113,RM
IT,00183,Roma,41.8919,12.5113,RM
IT,00184,Roma,41.8919,12.5113,RM
IT,00185,Roma,41.8919,12.5113,RM
IT,00186,Roma,41.8919,12.5113,RM
IT,00187,Roma,41.8919,12.5113,RM
IT,00188,Roma|Prima Porta|Labaro,41.9619,12.4931,RM
IT,00189,Tomba Di Nerone|Roma|Grottarossa,41.8919,12.5113,RM
IT,00191,Roma,41.8919,12.5113,RM
IT,00192,Roma,41.8919,12.5113,RM
IT,00193,Roma,41.8919,12.5113,RM
IT,00194,Roma,41.8919,12.5113,RM
IT,00195,Roma,41.8919,12.5113,RM
IT,00196,Roma,41.8919,12.5113,RM
IT,00197,Roma,41.8919,12.5113,RM
IT,00198,Roma,41.8919,12.5113,RM
IT,00199,Roma,41.8919,12.5113,RM
IT,01010,Arlena Di Castro|Blera|Latera|Gradoli|Tessennano|Cellere|Piansano|Villa San Giovanni In Tuscia|Oriolo Romano|Monte Romano|Civitella Cesi|Capodimonte|Ischia Di Castro|Vejano|Marta|Barbarano Romano|Onano|Farnese,42.4324,11.9074,VT
IT,01011,Canino|Musignano,42.4496,11.7348,VT
IT,01012,Capranica|Vico Matrino,42.2681,12.1471,VT
IT,01014,Montalto Di Castro|Pescia Romana,42.3747,11.5522,VT
IT,01015,Sutri,42.246,12.2172,VT
IT,01016,Marina Velca|Tarquinia|Lido Di Tarquinia,42.2453,11.7203,VT
IT,01017,Tuscania,42.4189,11.8685,VT
IT,01018,Valentano,42.5638,11.8275,VT
IT,01019,Giardino|La Botte|Tre Croci|Cura|Pietrara|Vetralla,42.3241,12.0637,VT
IT,01020,Celleno|Casenuove|San Lorenzo Nuovo|Bomarzo|Lubriano|Civitella D'Agliano|Proceno|Mugnano|Sipicciano|Graffignano|San Michele In Teverina,42.5934,12.1281,VT
IT,01021,Acquapendente|Torre Alfina|Trevinano,42.773,11.8948,VT
IT,01022,Civita|Castel Cellesi|Bagnoregio|Vetriolo,42.6083,12.119,VT
IT,01023,Bolsena,42.6433,11.9851,VT
IT,01024,Sermugnano|Castiglione In Teverina,42.6539,12.183,VT
IT,01025,Grotte Di Castro,42.6757,11.8691,VT
IT,01027,Montefiascone|Zepponami|Le Mosse,42.5339,12.043,VT
IT,01028,Orte|Orte Stazione|Orte Scalo,42.4599,12.3755,VT
IT,01030,Calcata|Calcata Nuova|Canepina|Corchiano|Vitorchiano|Faleria|Monterosi|Castel Sant'Elia|Bassano Romano|Vitorchiano Stazione|Vallerano|Vasanello|Bassano In Teverina|Carbognano,42.3171,12.3158,VT
IT,01032,Caprarola,42.3231,12.2385,VT
IT,01033,Civita Castellana|Borghetto|Borghetto Di Civita Castellana Stazione|Civita Castellana Stazione,42.3199,12.4317,VT
IT,01034,Fabrica Di Roma|Regolelli,42.3138,12.325,VT
IT,01035,Gallese|Scalo Teverina,42.3747,12.4198,VT
IT,01036,Nepi,42.2422,12.3436,VT
IT,01037,Ronciglione|Lago Di Vico,42.289,12.2148,VT
IT,01038,Soriano Nel Cimino|Chia,42.4444,12.2557,VT
IT,01039,Vignanello,42.3788,12.2784,VT
IT,01100,Grotte Santo Stefano|Viterbo|San Martino Al Cimino|La Quercia|Magugnano|Roccalvecce|Fastello|Tobia|Bagnaia,42.4601,12.131,VT
IT,16010,Acquasanta|Tiglieto|Rossiglione|Vobbia|Manesseno|Prelo|Castagna|Ponte Di Savignone|Mele|Pedemonte|Savignone|Carsi|Crocefieschi|Orero Di Serra Ricco'|Masone|Sant'Olcese|Piccarello|Mainetto|Serra Ricco'|Valbrevenna|Isorelle,44.517,8.8995,GE
IT,16011,Pineta Di Arenzano|Arenzano,44.4052,8.6831,GE
IT,16012,Busalla|Sarissola|Camarza,44.5765,8.9651,GE
IT,16013,Campo Ligure,44.5366,8.699,GE
IT,16014,Langasco|Guardia|Campomorone|Isoverde|Geo|Ceranesi|Pontasso|Ferriera|Santuario Della Guardia,44.5073,8.8786,GE
IT,16015,Orero|Casella,44.4718,9.1339,GE
IT,16016,Sciarborasca|Lerca|Cogoleto,44.3987,8.6374,GE
IT,16017,Isola Del Cantone,44.6478,8.9575,GE
IT,16018,Mignanego|Giovi,44.5364,8.9247,GE
IT,16019,Pieve|Ronco Scrivia|Borgo Fornari,44.6015,8.9436,GE
IT,16020,Fontanarossa|Gorreto|Fascia|Cassingheno,44.5823,9.2549,GE
IT,16021,Bargagli,44.4475,9.0937,GE
IT,16022,Davagna|Meco|Moranego|Scoffera,44.4675,9.0916,GE
IT,16023,Canale|Canale Fontanigorda|Fontanigorda|Casoni,44.5359,9.2892,GE
IT,16024,Lumarzo,44.4336,9.1396,GE
IT,16025,Ponte Trebbia|Rondanina|Montebruno,44.5328,9.2214,GE
IT,16026,Trefontane|Montoggio,44.5101,9.0396,GE
IT,16027,Propata,44.5649,9.1859,GE
IT,16028,Rovegno|Casanova,44.5647,9.2963,GE
IT,16029,Fascia Di Carlo|Laccio|Torriglia,44.5053,9.1298,GE
IT,16030,San Salvatore|Casarza Ligure|Velva|Sori|Tribogna|Uscio|Cogorno|Castiglione Chiavarese|Pieve Ligure|Capreno|Avegno|Moneglia|Canepa|Bargone|Colonia Arnaldi|Zoagli|Testana|Sant'Anna,44.3437,9.2821,GE
IT,16031,San Bernardo|Bogliasco|Poggio Favaro,44.3579,9.1698,GE
IT,16032,San Fruttuoso Di Camogli|Camogli|San Fruttuoso|San Rocco|Ruta|San Rocco Di Camogli,44.3334,9.1657,GE
IT,16033,Lavagna|Cavi,44.2981,9.367,GE
IT,16034,Portofino,44.3035,9.2094,GE
IT,16035,San Massimo|San Michele Di Pagana|Rapallo,44.3505,9.2187,GE
IT,16036,Recco,44.3623,9.1435,GE
IT,16038,Paraggi|Santa Margherita Ligure|San Lorenzo Della Costa,44.3282,9.2025,GE
IT,16039,Sestri Levante|Santa Vittoria Di Libiola|Riva Trigoso|Pila Sul Gromolo,44.2755,9.4174,GE
IT,16040,Isolona|Orero|Reppia|Statale|Coreglia Ligure|Ne|Neirone|Piandifieno|Favale Di Malvaro|Calvari|Conscenti|Roccatagliata|San Colombano Certenoli|Ognio|Pian Dei Ratti|Celesia|Leivi,44.3923,9.3144,GE
IT,16041,Borzonasca|Bertigaro|Brizzolara|Giaiette|Prato Sopralacroce,44.4346,9.395,GE
IT,16042,Rivarola|Carasco|Graveglia,44.3472,9.357,GE
IT,16043,Sant'Andrea Di Rovereto|Caperana|Chiavari,44.3272,9.3189,GE
IT,16044,Monleone|Cicagna,44.4071,9.2392,GE
IT,16045,Lorsica,44.4341,9.2768,GE
IT,16046,Borgonovo|Passo Del Bocco|Borgonovo Ligure|Mezzanego,44.3911,9.3781,GE
IT,16047,Moconesi|Gattorna|Ferrada,44.4238,9.2017,GE
IT,16048,Alpepiana|Rezzoaglio|Cabanne|Parazzuolo|Magnasco|Priosa,44.5097,9.3598,GE
IT,16049,Amborzasco|Allegrezze|Santo Stefano D'Aveto,44.5313,9.448,GE
IT,16100,Genova,44.4048,8.9444,GE
IT,16121,Genova,44.4048,8.9444,GE
IT,16122,Genova,44.4048,8.9444,GE
IT,16123,Genova,44.4048,8.9444,GE
IT,16124,Genova,44.4048,8.9444,GE
IT,16125,Genova,44.4048,8.9444,GE
IT,16126,Genova,44.4048,8.9444,GE
IT,16127,Genova,44.4048,8.9444,GE
IT,16128,Genova,44.4048,8.9444,GE
IT,16129,Genova,44.4048,8.9444,GE
IT,16130,Genova,44.4048,8.9444,GE
IT,16131,Genova,44.4048,8.9444,GE
IT,16132,Genova,44.4048,8.9444,GE
IT,16133,Genova|Apparizione|Bavari|San Desiderio,44.4167,8.994,GE
IT,16134,Genova,44.4048,8.9444,GE
IT,16135,Genova,44.4048,8.9444,GE
IT,16136,Genova,44.4048,8.9444,GE
IT,16137,Staglieno|Genova,44.4162,8.9468,GE
IT,16138,Genova|Molassana,44.4301,8.9633,GE
IT,16139,Genova,44.4048,8.9444,GE
IT,16140,Genova,44.4048,8.9444,GE
IT,16141,Genova|Sant'Eusebio,44.4241,8.9659,GE
IT,16142,Genova,44.4048,8.9444,GE
IT,16143,Genova,44.4048,8.9444,GE
IT,16144,Genova,44.4048,8.9444,GE
IT,16145,Genova,44.4048,8.9444,GE
IT,16146,Genova,44.4048,8.9444,GE
IT,16147,Genova|Sturla,44.3999,8.9629,GE
IT,16148,Quarto Dei Mille|Genova,44.396,8.9744,GE
IT,16149,Genova|Sampierdarena,44.4079,8.92,GE
IT,16150,Genova,44.4048,8.9444,GE
IT,16151,Campasso|Genova,44.4125,8.9168,GE
IT,16152,Cornigliano Ligure|Genova|Coronata,44.4135,8.8978,GE
IT,16153,Borzoli|Genova,44.4209,8.9089,GE
IT,16154,Sestri Ponente|Genova|San Giovanni Battista,44.4211,8.8816,GE
IT,16155,Multedo|Pegli|Genova,44.4188,8.8623,GE
IT,16156,Genova,44.4048,8.9444,GE
IT,16157,Pra'|Palmaro Di Pra'|Genova,44.4204,8.8353,GE
IT,16158,Voltri|Fabbriche|Genova,44.4173,8.8465,GE
IT,16159,Genova|Certosa Di Rivarolo Ligure|Rivarolo Ligure,44.4238,8.9103,GE
IT,16160,Genova,44.4048,8.9444,GE
IT,16161,Teglia|Genova|Fegino,44.4319,8.9074,GE
IT,16162,Genova|Bolzaneto,44.4311,8.9231,GE
IT,16163,San Quirico In Val Polcevera|Genova,44.4449,8.9225,GE
IT,16164,Genova|Pontedecimo,44.4513,8.9242,GE
IT,16165,Struppa|Genova,44.427,8.9781,GE
IT,16166,Genova|Quinto Al Mare,44.3946,8.9819,GE
IT,16167,Nervi|Genova|Sant'Ilario Ligure,44.3941,8.9889,GE
IT,18010,Cervo|Carpasio|Terzorio|Villa Faraldi|Agaggio Inferiore|Triora|Pietrabruna|Badalucco|Santo Stefano Al Mare|Montalto Ligure|Boscomare|Molini Di Triora|Riva Faraldi,43.9289,7.9081,IM
IT,18011,Castellaro,43.8644,7.8688,IM
IT,18012,Bordighera|Vallebona|Seborga|Borghetto San Nicolo'|Piani Di Borghetto|Bordighera Alta,43.806,7.6717,IM
IT,18013,Diano San Pietro|Diano Marina|Diano Castello|Diano Arentino,43.9286,8.0651,IM
IT,18014,Ospedaletti,43.8022,7.7183,IM
IT,18015,Riva Ligure|Pompeiana,43.8459,7.8838,IM
IT,18016,San Bartolomeo Al Mare,43.9231,8.1048,IM
IT,18017,Civezza|Cipressa|Costarainera|San Lorenzo Al Mare|Lingueglietta,43.8616,7.9439,IM
IT,18018,Taggia|Arma Di Taggia,43.8397,7.8511,IM
IT,18019,Vallecrosia|Vallecrosia Alta,43.7974,7.6452,IM
IT,18020,Prela'|Ranzo|Aurigo|Lucinasco|Dolcedo|Aquila Di Arroscia|Borghetto D'Arroscia|Vasia|Caravonica,43.9892,7.9615,IM
IT,18021,Borgomaro,43.9753,7.9441,IM
IT,18022,Cesio|Arzeno D'Oneglia|Cartari,44.0148,7.9653,IM
IT,18023,Cosio Di Arroscia,44.0774,7.8324,IM
IT,18024,Case Di Nava|Pornassio|Nava,44.0844,7.8708,IM
IT,18025,Mendatica|Montegrosso Pian Latte|Briga Alta|Piaggia,44.0772,7.7801,IM
IT,18026,Pieve Di Teco|Armo|Vessalico|Calderara|Cenova|Rezzo,44.0436,7.9158,IM
IT,18027,Chiusavecchia|Chiusanico|Pontedassio,43.9595,7.997,IM
IT,18030,Castel Vittorio|Rocchetta Nervina|Airole|Olivetta San Michele,43.8918,7.5861,IM
IT,18031,Bajardo,43.904,7.7253,IM
IT,18032,Perinaldo,43.8669,7.6719,IM
IT,18033,Camporosso Mare|Camporosso,43.8131,7.6283,IM
IT,18034,Ceriana,43.8809,7.7748,IM
IT,18035,Isolabona|Dolceacqua|Apricale,43.8703,7.6412,IM
IT,18036,Soldano|San Biagio Della Cima,43.8237,7.6538,IM
IT,18037,Pigna,43.932,7.6612,IM
IT,18038,San Remo|San Giacomo|Bussana|Coldirodi|Borello|Verezzo|Poggio|San Romolo|San Bartolomeo,43.8379,7.7671,IM
IT,18039,Roverino|Grimaldi|Trucco|Latte|Calvo|Torri|Sant'Antonio|Sealza|Ventimiglia|Bevera|Grimaldi Di Ventimiglia,43.8116,7.5666,IM
IT,18100,Borgo Primo|Prela'|Castelvecchio Di Santa Maria Maggiore|Caramagna Ligure|Oneglia|Imperia|Dolcedo|Porto Maurizio|Vasia,43.8973,7.998,IM
IT,19010,Maissana|Torza,44.3188,9.5509,SP
IT,19011,Bonassola,44.1832,9.5842,SP
IT,19012,Carro|Castello,44.2775,9.605,SP
IT,19013,Deiva Marina,44.2193,9.5206,SP
IT,19014,Framura,44.2095,9.554,SP
IT,19015,Levanto|Montale,44.1805,9.6214,SP
IT,19016,Monterosso Al Mare,44.1467,9.6549,SP
IT,19017,Manarola|Riomaggiore,44.1035,9.7339,SP
IT,19018,Vernazza|Corniglia,44.1274,9.6958,SP
IT,19020,San Benedetto|Ricco' Del Golfo Di Spezia|Bolano|Carrodano|Ponzo'|Tivegna|Mattarana|Padivarma|Follo|Pignone|Borghetto Di Vara|Suvero|Calice Al Cornoviglio|Pieve Di Zignago|Rocchetta Di Vara|Bastremoli|Piano Di Follo|Valeriano|Beverino|Zignago|Bottagna|Piano Di Valeriano|Vezzano Ligure|Ponzo' Bovecchio|Prati|Valdurasca|Veppo|Cavanella Vara|San Martino Di Durasca|Fornola|Ceparana|Sesta Godano|Carpena|Brugnato|Piana Battolla|Madonna Di Buonviaggio,44.1963,9.7898,SP
IT,19021,Arcola|Romito Magra,44.1081,9.9217,SP
IT,19025,Le Grazie|Fezzano|Isola Palmaria|Portovenere|Le Grazie Varignano,44.0661,9.8314,SP
IT,19028,Porciorasco|Comuneglia|Varese Ligure|San Pietro Vara|Scurtabo',44.3752,9.5591,SP
IT,19030,Fiumaretta,44.0528,9.9894,SP
IT,19031,Montemarcello|Ameglia|Bocca Di Magra|Fiumaretta Di Ameglia,44.0577,9.979,SP
IT,19032,Tellaro|Serra|Pugliola|Fiascherino|San Terenzo|Lerici,44.1055,9.8938,SP
IT,19033,Castelnuovo Magra|Colombiera|Molicciara,44.0915,10.0126,SP
IT,19034,Ortonovo|Dogana|Casano|Nicola|Luni Mare|Isola Di Ortonovo|Luni|Serravalle,44.0743,10.0258,SP
IT,19037,Santo Stefano Di Magra|Ponzano Superiore|Ponzano Magra,44.1552,9.9369,SP
IT,19038,Sarzana|Falcinello|Marinella Di Sarzana|Marinella|Santa Caterina|San Lazzaro|Sarzanello,44.1157,9.9363,SP
IT,19100,La Spezia,44.103,9.8238,SP
IT,19121,Laspezia,44.1188,9.8192,SP
IT,19122,Laspezia,44.1188,9.8192,SP
IT,19123,Pegazzano|Fabiano|Laspezia|Chiappa,44.1167,9.8083,SP
IT,19124,Laspezia|La Spezia,44.103,9.8238,SP
IT,19125,Laspezia|Migliarina,44.1188,9.8192,SP
IT,19126,Isola|Laspezia,44.1388,9.8364,SP
IT,19131,Laspezia|Cadimare,44.1017,9.8336,SP
IT,19132,Marola|Laspezia|Campiglia,44.0746,9.7952,SP
IT,19133,Biassa|Laspezia,44.0967,9.7753,SP
IT,19134,Laspezia|La Foce|Marinasco,44.1253,9.7881,SP
IT,19135,Laspezia|San Venerio,44.1017,9.8336,SP
IT,19136,Termo|Laspezia|Limone|Melara,44.1182,9.8827,SP
IT,19137,Pitelli|Laspezia,44.0946,9.8849,SP
IT,19138,Laspezia|San Bartolomeo,44.0888,9.8743,SP
IT,19139,Laspezia|Muggiano,44.0902,9.88,SP
IT,12071,Massimino|Bagnasco,44.3018,8.0583,SV
IT,17010,Giusvalla|Osiglia,44.3646,8.2976,SV
IT,17011,Albisola Capo|Albisola Superiore|Ellera,44.3517,8.4879,SV
IT,17012,Albissola Marina,44.3308,8.5096,SV
IT,17013,Murialdo|Valle|Piano|Valle Di Murialdo,44.3449,8.1804,SV
IT,17014,Rocchetta Cairo|Bragno|Ferrania|Cairo Montenotte|San Giuseppe Di Cairo|San Giuseppe,44.3832,8.2967,SV
IT,17015,Celle Ligure,44.3451,8.5468,SV
IT,17017,Millesimo|Cosseria|Roccavignale,44.3653,8.2096,SV
IT,17019,Casanova|Alpicella|Pero|Varazze|Faie,44.3635,8.5142,SV
IT,17020,Testico|Tovo San Giacomo|Magliolo|Bardino Nuovo|Bardino Vecchio|Balestrino|Rialto|Calice Ligure|Stellanello,44.1453,8.2072,SV
IT,17021,Alassio|Moglio,44.0039,8.1671,SV
IT,17022,Borgio Verezzi|Borgio,44.1591,8.3083,SV
IT,17023,Ceriale,44.0913,8.2289,SV
IT,17024,Finale Ligure|Gorra|Finalborgo|Orco Feglino|Varigotti|Feglino,44.1946,8.3372,SV
IT,17025,Loano,44.1278,8.2574,SV
IT,17026,Noli,44.2061,8.4146,SV
IT,17027,Giustenice|Pietra Ligure,44.1611,8.2626,SV
IT,17028,Bergeggi|Spotorno|Vezzi Portio,44.2347,8.4085,SV
IT,17030,Erli|Castelbianco|Nasino,44.1217,8.0705,SV
IT,17031,Bastia|Lusignano|Leca|San Fedele|Campochiesa|Albenga,44.0559,8.1887,SV
IT,17032,Arnasco|Vendone,44.0776,8.0892,SV
IT,17033,Villafranca|Garlenda|Casanova Lerrone,44.0328,8.0826,SV
IT,17034,Castelvecchio Di Rocca Barbena,44.1298,8.1166,SV
IT,17035,Cisano Sul Neva,44.071,8.1183,SV
IT,17037,Pogli|Onzo|Ortovero,44.06,8.0726,SV
IT,17038,Villanova D'Albenga,44.0473,8.1434,SV
IT,17039,Zuccarello,44.1097,8.1181,SV
IT,17040,Mioglia,44.4921,8.4143,SV
IT,17041,Altare|Cadibona,44.3333,8.3565,SV
IT,17042,Giovo Ligure|Pontinvrea|Giovo,44.442,8.4362,SV
IT,17043,Plodio|Piani|Pallare|Carcare,44.3466,8.2683,SV
IT,17044,San Bernardo|Stella|San Martino Stella|San Martino|Santa Giustina,44.3602,8.4252,SV
IT,17045,Bormida|Mallare,44.2837,8.2646,SV
IT,17046,Sassello|Palo|Piampaludo,44.478,8.541,SV
IT,17047,Valleggia|Quiliano|Vado Ligure,44.2807,8.4259,SV
IT,17048,Urbe|Vara Superiore|Vara Inferiore|San Pietro D'Olba|Vara|Olba,44.4794,8.6,SV
IT,17051,Marina Di Andora|Andora,43.9543,8.1479,SV
IT,17052,Borghetto Santo Spirito,44.1119,8.2413,SV
IT,17053,Laigueglia,43.9759,8.1582,SV
IT,17054,Boissano,44.1358,8.2216,SV
IT,17055,Toirano,44.1273,8.2072,SV
IT,17056,Cengio,44.3844,8.1976,SV
IT,17057,Calizzano|Caragna|Bardineto,44.2297,8.124,SV
IT,17058,Piana Crixia|Dego,44.4647,8.3078,SV
IT,17100,Santuario|Savona|Legino|Santuario Di Savona|Lavagnola|Zinola|Fornaci,44.3141,8.4543,SV
IT,24010,Bordogna|Bracca|Lenna|Valtorta|Averara|Botta|Sorisole|Sedrina|Petosino|Santa Brigida|Algua|Olda|Vedeseta|Isola Di Fondra|Valnegra|Dossena|Mezzoldo|Ubiale|Ornica|Moio De' Calvi|Carona|Valleve|Branzi|Taleggio|Piazzatorre|Clanezzo|Costa Serina|Ubiale Clanezzo|Piazzolo|Blello|Botta Di Sedrina|Ponteranica|Fondra|Cassiglio|Cusio|Colla|Muggiasca|Camerata Cornello|Foppolo|Olmo Al Brembo|Roncobello|Peghera,45.9124,9.6574,BG
IT,24011,Alme',45.7388,9.6156,BG
IT,24012,San Gottardo|Brembilla|Gerosa|Val Brembilla|Laxolo,45.8355,9.6415,BG
IT,24013,Oltre Il Colle,45.8895,9.7693,BG
IT,24014,Piazza Brembana,45.9477,9.6733,BG
IT,24015,San Giovanni Bianco,45.8734,9.6542,BG
IT,24016,San Pellegrino Terme|Santa Croce,45.8388,9.6783,BG
IT,24017,Cornalba|Serina,45.86,9.7385,BG
IT,24018,Villa D'Alme',45.8941,9.6608,BG
IT,24019,Poscante|Spino|Zogno|Ambria,45.7956,9.6763,BG
IT,24020,Gorle|Cantoniera Della Presolana|Gorno|Azzone|Dezzo|Villa D'Ogna|Piario|Cerete Basso|Cene|Vilminore|Ponte Selva|Fiorano Al Serio|Bondione|Parre|Casnigo|Ardesio|Valgoglio|Torre Boldone|Negrone|Rovetta|Tribulina|Villa Di Serio|Vilminore Di Scalve|Songavazzo|Fino Del Monte|Boario|Ranica|Peia|Cerete|Scanzo|Fiumenero|Cornale|Oltressenda Alta|Selvino|San Lorenzo Di Rovetta|Villassio|Colere|Gandellino|Aviatico|Castione Della Presolana|Lizzola|Gromo|Rosciate|Oneta|Gavarno|Colzate|Parre Ponte Selva|Valbondione|Bratto|Schilpario|Onore|Scanzorosciate|Pradalunga|Premolo,45.8703,9.9109,BG
IT,24021,Bondo Petello|Vall'Alta|Comenduno|Desenzano Al Serio|Albino|Abbazia,45.7601,9.8127,BG
IT,24022,Nese|Alzano Lombardo,45.7506,9.7153,BG
IT,24023,Clusone,45.8866,9.9465,BG
IT,24024,Gandino,45.8109,9.8977,BG
IT,24025,Gazzaniga|Orezzo,45.7994,9.8258,BG
IT,24026,Leffe|Cazzano Sant'Andrea,45.8045,9.8846,BG
IT,24027,Gavarno Rinnovata|Nembro,45.7343,9.7622,BG
IT,24028,Ponte Nossa,45.8661,9.8836,BG
IT,24029,Vertova,45.81,9.8494,BG
IT,24030,Corna Imagna|Celana|Caprino|Ponte Giurino|Caprino Bergamasco|Camoneone|Terno D'Isola|Valbrembo|Capizzone|Crocette|Bedulita|Fuipiano Valle Imagna|Strozza|Presezzo|Mapello|Medolago|Pontida|Mozzo|Gromlongo|Scano Al Brembo|Carvico|Locatello|Barzana|Berbenno|Paladina|Brembate Di Sopra|Villa D'Adda|Ambivere|Roncola|Sant'Antonio|Palazzago|Costa Valle Imagna|Solza|Almenno San Bartolomeo,45.746,9.5429,BG
IT,24031,Almenno San Salvatore,45.7497,9.597,BG
IT,24033,Calusco D'Adda,45.6884,9.4711,BG
IT,24034,Cisano Bergamasco,45.742,9.4715,BG
IT,24035,Curno,45.6888,9.6087,BG
IT,24036,Ponte San Pietro,45.706,9.5905,BG
IT,24037,Calchera|Brumano|Rota D'Imagna|Frontale,45.8375,9.5093,BG
IT,24038,Mazzoleni|Valsecca|Sant'Omobono Terme|Selino Basso,45.8149,9.522,BG
IT,24039,Sotto Il Monte Giovanni Xxiii|Piazza Caduti,45.7054,9.503,BG
IT,24040,Lallio|Suisio|Ghiaie|Castel Rozzone|Bottanuco|Zingonia|Isso|Pognano|Levate|Casirate D'Adda|Bonate Sotto|Madone|Arcene|Pontirolo Nuovo|Boltiere|Canonica D'Adda|Comun Nuovo|Verdellino|Misano Di Gera D'Adda|Bonate Sopra|Ciserano|Filago|Stezzano|Chignolo D'Isola|Calvenzano|Fornovo San Giovanni|Pagazzano|Osio Sopra|Barbata|Grumello Del Piano|Arzago D'Adda,45.5906,9.6047,BG
IT,24041,Brembate|Grignano,45.6115,9.5485,BG
IT,24042,Capriate San Gervasio|San Gervasio D'Adda|Crespi D'Adda,45.6019,9.5341,BG
IT,24043,Masano|Vidalengo|Caravaggio,45.5109,9.6528,BG
IT,24044,Sforzatica|Sabbio Bergamasco|Dalmine,45.6497,9.6031,BG
IT,24045,Badalasco|Fara Gera D'Adda,45.5494,9.5457,BG
IT,24046,Osio Sotto,45.6161,9.5891,BG
IT,24047,Geromina|Castel Cerreto|Treviglio,45.536,9.5815,BG
IT,24048,Treviolo,45.6737,9.612,BG
IT,24049,Verdello,45.6037,9.6285,BG
IT,24050,Malpaga|Covo|Morengo|Palosco|Ghisalba|Cividate Al Piano|Orio Al Serio|Zanica|Grassobbio|Calcinate|Bariano|Pumenengo|Torre Pallavicina|Cortenuova|Lurano|Mozzanica|Cavernago|Spirano|Mornico Al Serio,45.5682,9.7563,BG
IT,24051,Antegnate,45.4865,9.7915,BG
IT,24052,Azzano San Paolo,45.658,9.6731,BG
IT,24053,Brignano Gera D'Adda,45.5432,9.6442,BG
IT,24054,Calcio,45.5083,9.849,BG
IT,24055,Cologno Al Serio,45.576,9.7089,BG
IT,24056,Fontanella,45.469,9.8025,BG
IT,24057,Martinengo,45.5722,9.7675,BG
IT,24058,Romano Di Lombardia|Fara Olivana Con Sola|Sola|Fara Olivana,45.5015,9.7504,BG
IT,24059,Basella|Urgnano,45.6067,9.7117,BG
IT,24060,Castelli Calepio|Viadanica|Sovere|Gaverina Terme|Tolari|Casazza|Torre De' Roveri|Villongo|Celatica|Endine|Ranzanico|Chiuduno|Cividino|Borgo Di Terzo|Foresto Sparso|Carobbio Degli Angeli|Endine Gaiano|Monasterolo|Castel De' Conti|Berzo San Fermo|Credaro|Riva Di Solto|Casco|Gorlago|Pianico|Brusaporto|Adrara San Rocco|Bianzano|Telgate|Gandosso|Montello|Entratico|Monasterolo Del Castello|Zandobbio|Vigano San Martino|Piangaiano|Grone|Solto Collina|Tavernola Bergamasca|Predore|Spinone Al Lago|Vigolo|San Paolo D'Argon|Bolgare|Rogno|Costa Di Mezzate|Fonteno|Adrara San Martino|Bagnatica|Parzanica|Cenate Sopra|Bossico,45.7159,9.916,BG
IT,24061,Albano Sant'Alessandro,45.6876,9.7665,BG
IT,24062,Costa Volpino,45.8277,10.1008,BG
IT,24063,Fonderia Di Lovere|Castro,45.8038,10.0659,BG
IT,24064,Grumello Del Monte,45.6354,9.8753,BG
IT,24065,Lovere,45.8138,10.07,BG
IT,24066,Pedrengo,45.696,9.735,BG
IT,24067,Sarnico,45.671,9.9615,BG
IT,24068,Cassinone|Seriate,45.6667,9.6258,BG
IT,24069,Cenate Sotto|Cenate Di Sotto|Luzzana|Trescore Balneario,45.7028,9.8497,BG
IT,24100,Bergamo,45.696,9.6672,BG
IT,24121,Bergamo,45.696,9.6672,BG
IT,24122,Bergamo,45.696,9.6672,BG
IT,24123,Bergamo|Valtesse,45.7064,9.6669,BG
IT,24124,Redona|Bergamo,45.703,9.7693,BG
IT,24125,Boccaleone|Bergamo,45.696,9.6672,BG
IT,24126,Campagnola|Malpensata|Bergamo|Colognola Al Piano,45.7226,9.7697,BG
IT,24127,Bergamo,45.696,9.6672,BG
IT,24128,Loreto|Bergamo,45.696,9.6672,BG
IT,24129,Longuelo|Bergamo,45.696,9.6672,BG
IT,25010,Campione|Campione Del Garda|San Felice Del Benaco|Rivoltella|San Martino Della Battaglia|Visano|Acquafredda|Limone Sul Garda|Isorella|Borgosatollo|Pozzolengo|Vesio|San Zeno Naviglio|Remedello Di Sotto|Remedello Di Sopra|Montirone|Tremosine|Remedello,45.47,10.4791,BS
IT,25011,Ponte San Marco|Calcinato|Calcinatello,45.4671,10.4113,BS
IT,25012,Mezzane|Calvisano|Viadana|Malpaga,45.3578,10.3489,BS
IT,25013,Carpenedolo,45.3617,10.4312,BS
IT,25014,Capodimonte|Castenedolo,45.4707,10.2784,BS
IT,25015,Desenzano Del Garda,45.4713,10.5356,BS
IT,25016,Ghedi,45.402,10.2768,BS
IT,25017,Lonato|Esenta|Sedena|Centenaro,45.4546,10.4768,BS
IT,25018,Sant'Antonio|Vighizzolo|Novagli|Montichiari,45.4099,10.3869,BS
IT,25019,Colombare Di Sirmione|Sirmione,45.4974,10.6051,BS
IT,25020,Faverzano|Scarpizzolo|Seniga|Poncarale|Capriano Del Colle|Gambara|Alfianello|Cignano|Bassano Bresciano|San Gervasio Bresciano|Offlaga|Fiesse|Azzano Mella|Pralboino|Quinzanello|Cigole|San Paolo|Milzano|Dello|Corticelle Pieve|Pavone Del Mella|Flero,45.3547,10.1508,BS
IT,25021,Bagnolo Mella,45.4277,10.1864,BS
IT,25022,Borgo San Giacomo|Motella|Farfengo|Padernello,45.355,9.9882,BS
IT,25023,Gottolengo,45.2928,10.2685,BS
IT,25024,Porzano|Castelletto Di Leno|Leno|Castelletto,45.3584,10.2199,BS
IT,25025,Manerbio,45.3539,10.138,BS
IT,25026,Pontevico,45.2732,10.0925,BS
IT,25027,Quinzano D'Oglio,45.3143,10.0079,BS
IT,25028,Verolanuova|Cadignano,45.3447,10.0682,BS
IT,25029,Verolavecchia,45.3286,10.0549,BS
IT,25030,Roccafranca|Erbusco|Pompiano|Cizzago|Corzano|Longhena|Castrezzato|Roncadelle|Torbole Casaglia|Mairano|Castelcovati|Torbiato|Ludriano|Paratico|Coccaglio|Cossirano|Trenzano|Zocco|Comezzano|Orzivecchi|Castel Mella|Comezzano Cizzago|Villachiara|Maclodio|Rudiano|Villa Pedergnano|Lograto|Pievedizio|Urago D'Oglio|Adro|Brandico|Barbariga|Berlingo,45.4958,10.0036,BS
IT,25031,Capriolo,45.6333,9.9319,BS
IT,25032,Chiari,45.5376,9.927,BS
IT,25033,Cologne,45.5786,9.9418,BS
IT,25034,Orzinuovi|Coniolo,45.3926,9.9497,BS
IT,25035,Ospitaletto,45.5522,10.0756,BS
IT,25036,Palazzolo Sull'Oglio|San Pancrazio,45.6054,9.9119,BS
IT,25037,Pontoglio,45.5694,9.8535,BS
IT,25038,Sant'Anna|Rovato|Duomo|Sant'Andrea|Lodetto,45.5449,10.0104,BS
IT,25039,Travagliato,45.5239,10.0801,BS
IT,25040,Forno D'Allione|Corte Franca|Cerveno|Borgonato|Braone|Bienno|Plemo|Galleno|Lozio|Saviore Dell'Adamello|Timoline|Malonno|Santicolo|Colombaro|Ceto|Badetto|Bonomelli|Nigoline|Cevo|Ono San Pietro|Berzo Demo|Corteno Golgi|Forno Allione|Monticelli Brusati|Incudine|Artogne|Sacca|Parmezzana Calzana|Prestine|Angolo Terme|Berzo Inferiore|Cividate Camuno|Monno|Esine|Gianico,45.9298,10.2418,BS
IT,25041,Erbanno|Boario Terme,45.8944,10.2187,BS
IT,25042,Borno,45.9475,10.2024,BS
IT,25043,Breno|Pescarzo|Astrio,45.9502,10.3139,BS
IT,25044,Capo Di Ponte,46.03,10.3428,BS
IT,25045,Castegnato,45.5613,10.1145,BS
IT,25046,Cazzago San Martino|Calino|Bornato|Pedrocca,45.5742,10.0331,BS
IT,25047,Gorzone|Darfo Boario Terme|Darfo,45.8847,10.185,BS
IT,25048,Cortenedolo|Edolo|Sonico,46.1728,10.3203,BS
IT,25049,Pilzone|Iseo|Clusane,45.6651,10.0436,BS
IT,25050,Provezze|Paderno Franciacorta|Ponte Cingoli|Paspardo|Pian Camuno|Ossimo|Rodengo Saiano|Fontane|Temu'|Stadolina|Peschiera Maraglio|Ossimo Superiore|Ossimo Inferiore|Crist|Camignone|Novelle|Losine|Provaglio D'Iseo|Sellero|Zone|Zurane|Siviano|Gresine|Pontagna|Monterotondo|Paisco Loveno|Vione|Valle Di Saviore|Monte Isola|Niardo|Cimbergo|Ome|Passirano,45.8766,10.2262,BS
IT,25051,Cedegolo,46.074,10.3514,BS
IT,25052,Piancogno|Cogno|Annunciata|Pian Di Borno,45.8641,10.2374,BS
IT,25053,Malegno,45.9508,10.2741,BS
IT,25054,Marone,45.7372,10.0958,BS
IT,25055,Pisogne|Toline|Gratacasolo,45.808,10.1095,BS
IT,25056,Ponte Di Legno,45.8677,10.2115,BS
IT,25057,Sale Marasino,45.7064,10.1122,BS
IT,25058,Sulzano,45.6873,10.0999,BS
IT,25059,Vezza D'Oglio,45.8677,10.2115,BS
IT,25060,Brione|Polaveno|Tavernole Sul Mella|Lodrino|Brozzo|Cellatica|San Colombano|Pezzaze|Collebeato|Fantasina|Marmentino|Gombio|Lavone|Lavone Di Pezzaze|Marcheno|Stravignino|Collio,45.7068,10.2297,BS
IT,25061,Bovegno|Irma,45.7812,10.2773,BS
IT,25062,Concesio|San Vigilio,45.6067,10.2057,BS
IT,25063,Gardone Val Trompia|Magno,45.699,10.1929,BS
IT,25064,Gussago|Ronco|Piazza|Mandolossa,45.5791,10.1461,BS
IT,25065,Lumezzane|San Sebastiano|Sant'Apollonio|Pieve|Lumezzane Sant'Apollonio|Lumezzane Pieve,45.65,10.2471,BS
IT,25068,Zanano|Ponte Zanano|Sarezzo,45.6607,10.1969,BS
IT,25069,Cogozzo|Carcina|Villa Carcina,45.6562,10.2344,BS
IT,25070,Mura|Gazzane|Ponte Caffaro|Treviso Bresciano|Provaglio Val Sabbia|Anfo|Trebbio|Sabbio Chiese|Pertica Alta|Barghe|Preseglie|Bione|Casto|Livemmo|San Faustino|Sottocastello|Caino|Capovalle,45.7013,10.4039,BS
IT,25071,Agnosine,45.6497,10.3527,BS
IT,25072,Bagolino,45.8252,10.4618,BS
IT,25073,Bovezzo,45.59,10.2418,BS
IT,25074,Idro|Crone|Lavenone,45.7373,10.4626,BS
IT,25075,Nave,45.5848,10.2795,BS
IT,25076,Odolo,45.6455,10.3831,BS
IT,25077,Roe' Volciano|Roe',45.6189,10.4941,BS
IT,25078,Nozza|Vestone|Forno D'Ono|Pertica Bassa,45.7291,10.3812,BS
IT,25079,Vobarno|Pompegnino|Degagna|Carpeneda,45.6449,10.483,BS
IT,25080,Carzago Della Riviera|Chiesa|Magasa|Castello|Moerna|Paitone|Nuvolento|Case Nuove|Nuvolera|Tignale|Muscoline|Gardola|Puegnago Sul Garda|Padenghe Sul Garda|Molinetto|Manerba Del Garda|Serle|Carzago Riviera|Soiano|Polpenazze Del Garda|Moniga Del Garda|Prevalle|Vallio Terme|Raffa|Valvestino|Mazzano|Solarolo|Calvagese Della Riviera|Soiano Del Lago|Ciliverghe,45.5886,10.4865,BS
IT,25081,Bedizzole|Campagnola,45.5493,10.4544,BS
IT,25082,Botticino Sera|Botticino Mattina|San Gallo|Botticino,45.5462,10.3095,BS
IT,25083,San Michele|Fasano Del Garda|Gardone Riviera|Montecucco,45.6747,10.6056,BS
IT,25084,Navazzo|Bogliaco|Gargnano,45.6848,10.6458,BS
IT,25085,San Biagio|Gavardo|Sopraponte|San Giacomo,45.5902,10.4563,BS
IT,25086,Rezzato|Virle Treponti,45.5118,10.3173,BS
IT,25087,Campoverde|Barbarano|Salo',45.6068,10.5205,BS
IT,25088,Maderno|Toscolano Maderno,45.6365,10.5954,BS
IT,25089,Bostone|Villanuova Sul Clisi,45.5994,10.4527,BS
IT,25100,Brescia,45.5356,10.2147,BS
IT,25121,Brescia,45.5356,10.2147,BS
IT,25122,Brescia,45.5356,10.2147,BS
IT,25123,Brescia,45.5356,10.2147,BS
IT,25124,Brescia,45.5356,10.2147,BS
IT,25125,Brescia,45.5356,10.2147,BS
IT,25126,Brescia,45.5356,10.2147,BS
IT,25127,Brescia,45.5356,10.2147,BS
IT,25128,Brescia,45.5356,10.2147,BS
IT,25129,Bettole Di Buffalora|Brescia,45.5162,10.2449,BS
IT,25130,Brescia,45.5356,10.2147,BS
IT,25131,Brescia|Fornaci,45.5226,10.1724,BS
IT,25132,Brescia|Mandolossa Di Brescia,45.5426,10.1756,BS
IT,25133,Mompiano|Brescia,45.5356,10.2147,BS
IT,25134,Brescia|San Polo,45.4885,10.352,BS
IT,25135,Caionvico|Sant'Eufemia Della Fonte|Brescia,45.5356,10.2147,BS
IT,25136,Stocchetta|Brescia,45.5356,10.2147,BS
IT,22010,San Siro|Santa Maria|Colonno|San Pietro Sovera|Azzano|Cavargna|Garzeno|Gera Lario|Acquaseria|Santa Maria Rezzonico|Sala Comacina|Sant'Abbondio|Val Rezzo|Mezzegra|San Nazzaro Val Cavargna|Moltrasio|Valsolda|Oria|Germasino|Codogna|Stazzona|Plesio|Livo|Grandola Ed Uniti|Consiglio Di Rumo|Albogasio|Cusino|San Gregorio|Argegno|Cremia|San Bartolomeo Val Cavargna|Calozzo|Carate Urio|Urio|Peglio|Dosso Del Liro|Bene Lario|Musso|Sorico|Carlazzo|Rezzonico|Pianello Del Lario|Corrido|Montemezzo|Piano Porlezza|Claino Con Osteno|Brienno|Laglio|Trezzone|Ossuccio,46.0497,9.2096,CO
IT,22011,Griante|Cadenabbia,45.992,9.2358,CO
IT,22012,Cernobbio,45.8431,9.0719,CO
IT,22013,Domaso|Vercana,46.1561,9.3333,CO
IT,22014,Dongo,46.13,9.2817,CO
IT,22015,Gravedona,46.0474,9.2115,CO
IT,22016,Tremezzina|Lenno,45.973,9.1908,CO
IT,22017,Menaggio,46.0207,9.2391,CO
IT,22018,Porlezza|Cima,46.0311,9.1102,CO
IT,22019,Tremezzo,45.9842,9.2161,CO
IT,22020,Ramponio Verna|San Fermo Della Battaglia|Blevio|Pigra|Occagno|Pognana Lario|Camnago|Gaggino|Lemna|Veleso|Camnago Faloppio|Schignano|Nesso|Zelbio|Pare'|Boscone|Pellio Intelvi|Faggeto Lario|Bizzarone|Laino|Cerano D'Intelvi|Faloppio|Torno|Dizzasco|Pellio|Ponna|Drezzo,45.879,9.0772,CO
IT,22021,San Giovanni Di Bellagio|Bellagio,45.9877,9.2618,CO
IT,22022,Casasco D'Intelvi,45.9437,9.0757,CO
IT,22023,Castiglione D'Intelvi,45.9575,9.0899,CO
IT,22024,Lanzo D'Intelvi|Scaria,45.9794,9.0217,CO
IT,22025,Lezzeno,45.9441,9.1849,CO
IT,22026,Maslianico,45.843,9.0484,CO
IT,22027,Ronago,45.8323,8.9836,CO
IT,22028,Blessagno|San Fedele Intelvi,45.9634,9.0891,CO
IT,22029,Uggiate Trevano,45.8234,8.9596,CO
IT,22030,Longone Al Segrino|Barni|Corneno|Sormano|Lasnigo|Orsenigo|Rezzago|Caglio|Magreglio|Galliano|Castelmarte|Penzano|Eupilio|Pusiano|Caslino D'Erba|Montorfano|Proserpio|Civenna|Lipomo,45.8445,9.2372,CO
IT,22031,Albavilla,45.8004,9.185,CO
IT,22032,Albese Con Cassano,45.7949,9.1636,CO
IT,22033,Asso,45.8606,9.2673,CO
IT,22034,Brunate,45.821,9.0987,CO
IT,22035,Canzo,45.8487,9.2706,CO
IT,22036,Erba|Arcellasco,45.8088,9.2261,CO
IT,22037,Ponte Lambro,45.8254,9.2245,CO
IT,22038,Tavernerio|Solzago,45.8007,9.1405,CO
IT,22039,Valbrona|Osigo,45.8764,9.2972,CO
IT,22040,Lurago D'Erba|Fabbrica Durini|Alzate Brianza|Anzano Del Parco|Monguzzo|Alserio|Brenna|Nobile,45.7635,9.2015,CO
IT,22041,Gironico Al Piano|Gironico|Colverde,45.8014,9.0031,CO
IT,22042,Cavallasca,45.8096,9.0328,CO
IT,22043,Solbiate|Cagno,45.8004,8.9252,CO
IT,22044,Inverigo|Cremnago|Romano' Brianza,45.738,9.2184,CO
IT,22045,Lambrugo,45.7588,9.2395,CO
IT,22046,Merone,45.7872,9.244,CO
IT,22060,Campione D'Italia|Cucciago|Figino Serenza|Cabiate|Carugo|Novedrate|Montesolaro|Carimate|Arosio,45.7384,9.1245,CO
IT,22063,Cantu'|Vighizzolo Di Cantu'|Cantu' Asnago|Asnago Di Cantu'|Mirabello Di Cantu'|Cascina Amata,45.7271,9.1206,CO
IT,22066,Mariano Comense|Perticato,45.6965,9.1818,CO
IT,22069,Rovellasca,45.6666,9.0488,CO
IT,22070,Figliaro|Bregnano|Puginate|Luisago|Lucino|Veniano|San Michele|Carbonate|Oltrona Di San Mamette|Casnate|Capiago|Minoprio|Casanova Lanza|Intimiano|Vertemate Con Minoprio|Rodero|Capiago Intimiano|Senna Comasco|Albiolo|Montano|Grandate|Bulgarograsso|San Giorgio|Montano Lucino|Portichetto|Binago|Casnate Con Bernate|Lurago Marinone|Castelnuovo Bozzente|Concagno|Valmorea|Locate Varesino|Rovello Porro|Beregazzo|Cascina Restelli|Beregazzo Con Figliaro|Limido Comasco|Guanzate|Cassina Rizzardi|Fenegro'|Appiano Gentile|Cirimido,45.7453,9.0003,CO
IT,22071,Bulgorello|Caslino Al Piano|Cadorago,45.7258,9.0465,CO
IT,22072,Cermenate,45.702,9.0836,CO
IT,22073,Andrate|Molinetto|Fino Mornasco,45.7436,9.0677,CO
IT,22074,Lomazzo|Manera,45.6851,9.0374,CO
IT,22075,Lurate Caccivio,45.767,8.999,CO
IT,22076,Mozzate,45.6747,8.9564,CO
IT,22077,Olgiate Comasco,45.7844,8.9682,CO
IT,22078,Turate,45.6573,9.0042,CO
IT,22079,Villa Guardia,45.775,9.0232,CO
IT,22100,Tavernola|Lora|Rebbio|Camerlata|Monte Olimpino|Civiglio|Breccia|Albate|Ponte Chiasso|Como|Camnago Volta,45.806,9.0892,CO
IT,26010,Ricengo|Capralba|Casaletto Ceredano|Moscazzano|Robecco D'Oglio|Pozzaglio Ed Uniti|Pianengo|Casaletto Vaprio|Ripalta Guerina|Casalsigone|Montodine|Chieve|Zappello|Ripalta Nuova|Salvirola|Camisano|Cremosano|Casale Cremasco|Sergnano|Fiesco|Dovera|Vaiano Cremasco|Campagnola Cremasca|Olmeneta|Monte Cremasco|Corte De' Frati|Ripalta Arpina|Casale Cremasco Vidolasco|Azzanello|Rovereto|Capergnanica|Bagnolo Cremasco|Izano|Castelvisconti|Offanengo|Ripalta Cremasca|Credera Rubbiano|Pozzaglio|Rubbiano|Bolzone|Credera|Castel Gabbiano,45.3374,9.747,CR
IT,26011,Casalbuttano Ed Uniti|Casalbuttano,45.2519,9.9617,CR
IT,26012,Castelleone,45.2958,9.7609,CR
IT,26013,Crema|Sabbioni|Santa Maria Della Croce|Santo Stefano In Vairano|Ombriano,45.3065,9.7848,CR
IT,26014,Romanengo|Casaletto Di Sopra,45.3987,9.7852,CR
IT,26015,Soresina,45.2882,9.8586,CR
IT,26016,Spino D'Adda,45.4009,9.4867,CR
IT,26017,Torlino Vimercati|Quintano|Trescore Cremasco|Pieranica,45.4168,9.6116,CR
IT,26018,Trigolo,45.33,9.8142,CR
IT,26019,Vailate,45.4623,9.6033,CR
IT,26020,Casalmorano|Cumignano Sul Naviglio|Madignano|Cappella Cantone|Agnadello|Corte De' Cortesi Con Cignone|Cignone|San Bassano|Fengo|Acquanegra Cremonese|Genivolta|Scannabue|Ticengo|Palazzo Pignano|Crotta D'Adda|Gombito|Cascine Gandini|Formigara|Bordolano|Corte De' Cortesi|Spinadesco,45.2887,9.8166,CR
IT,26021,Barzaniga|Annicco,45.2538,9.8844,CR
IT,26022,Costa Sant'Abramo|San Martino In Beliseto|Castelverde,45.1898,9.9826,CR
IT,26023,Farfengo|Grumello Cremonese Ed Uniti|Grumello Cremonese,45.2087,9.869,CR
IT,26024,Paderno Ponchielli,45.238,9.9288,CR
IT,26025,Nosadello|Pandino,45.4042,9.5413,CR
IT,26026,Roggione|Regona|Pizzighettone,45.192,9.8048,CR
IT,26027,Rivolta D'Adda,45.4696,9.5125,CR
IT,26028,Sesto Ed Uniti|Sesto Cremonese|Casanova Del Morbasco,45.1717,9.9304,CR
IT,26029,Soncino|Gallignano,45.419,9.853,CR
IT,26030,Binanuova|Malagnino|Gabbioneta|Pessina Cremonese|Spineda|Solarolo Rainerio|Ca' De' Mari|Volongo|Cicognolo|Cappella De' Picenardi|Voltido|Calvatone|Gadesco Pieve Delmona|Casteldidone|Ardole San Marino|Gabbioneta Binanuova|Tornata,45.1449,10.2793,CR
IT,26031,Isola Dovarese,45.1729,10.3088,CR
IT,26032,Ostiano,45.2226,10.2545,CR
IT,26033,Pescarolo|Pescarolo Ed Uniti|Pieve Terzagni,45.1906,10.1982,CR
IT,26034,Piadena|Drizzona,45.1354,10.3606,CR
IT,26035,Pieve San Giacomo,45.132,10.1878,CR
IT,26036,Rivarolo Del Re|Rivarolo Del Re Ed Uniti,45.0312,10.4725,CR
IT,26037,San Giovanni In Croce,45.074,10.3732,CR
IT,26038,Torre De' Picenardi|San Lorenzo De' Picenardi|Ca' D'Andrea,45.1358,10.2908,CR
IT,26039,Vescovato|Ca' De' Stefani,45.1742,10.1645,CR
IT,26040,Scandolara Ravara|Castelponzone|Gussola|Bonemerse|Pieve D'Olmi|San Martino Del Lago|Gerre De' Caprioli|Derovere|Cella Dati|Martignana Di Po|Torricella Del Pizzo,45.0664,10.2432,CR
IT,26041,Vicoboneghisio|Vicomoscano|Agoiolo|Roncadello|Vicobellignano|Quattrocase|Casalmaggiore|Casalbellotto,44.9799,10.4472,CR
IT,26042,Cingia De' Botti,45.0851,10.2755,CR
IT,26043,Persichello|Persico Dosimo|Dosimo,45.1853,10.1044,CR
IT,26044,Grontardo|Levata,45.2005,10.144,CR
IT,26045,Motta Baluffi,45.0557,10.2585,CR
IT,26046,San Daniele Po,45.0673,10.1764,CR
IT,26047,Scandolara Ripa D'Oglio,45.2217,10.1572,CR
IT,26048,Sospiro|San Salvatore,45.102,10.1688,CR
IT,26049,Stagno Lombardo,45.0746,10.0889,CR
IT,26100,Maristella|San Felice|Migliaro|Cremona|Cava Tigozzi|Boschetto,45.1509,10.0375,CR
IT,23801,Rossino|Calolziocorte,45.7954,9.4376,LC
IT,23802,Carenno,45.8016,9.463,LC
IT,23804,Monte Marenzo,45.7721,9.4548,LC
IT,23805,Erve,45.8216,9.4528,LC
IT,23806,San Gottardo|Favirano|Valcava|Torre De' Busi,45.7794,9.4782,LC
IT,23807,Cassina Fra Martino|Merate,45.7032,9.4268,LC
IT,23808,Vercurago,45.8094,9.4221,LC
IT,23811,Ballabio|Morterone,45.8855,9.4526,LC
IT,23813,Bindo|Cortenova,46.0044,9.3828,LC
IT,23814,Maggio|Cremeno,45.9306,9.4651,LC
IT,23815,Introbio,45.9739,9.45,LC
IT,23816,Barzio,45.9435,9.4669,LC
IT,23817,Moggio|Cassina Valsassina,45.9322,9.4825,LC
IT,23818,Pasturo,45.9517,9.4441,LC
IT,23819,Primaluna|Cortabbio,45.9838,9.4376,LC
IT,23821,Abbadia Lariana|Crebbio,45.9061,9.3345,LC
IT,23822,Bellano|Vestreno,46.0638,9.3161,LC
IT,23823,Colico Piano|Colico,46.1321,9.3771,LC
IT,23824,Dervio|Dorio,46.0886,9.3127,LC
IT,23825,Esino Lario,45.9944,9.334,LC
IT,23826,Mandello Del Lario,45.922,9.3197,LC
IT,23827,Lierna,45.9582,9.3051,LC
IT,23828,Perledo,46.0153,9.2956,LC
IT,23829,Fiumelatte|Varenna,46.0028,9.2886,LC
IT,23831,Casargo,46.0395,9.3872,LC
IT,23832,Margno|Crandola Valsassina,46.0271,9.3803,LC
IT,23833,Pagnona,46.0597,9.4027,LC
IT,23834,Premana,46.0524,9.4213,LC
IT,23835,Sueglio|Introzzo,46.0835,9.3373,LC
IT,23836,Tremenico,46.0759,9.366,LC
IT,23837,Taceno|Parlasco,46.0202,9.3544,LC
IT,23838,Vendrogno,46.0344,9.3294,LC
IT,23841,Annone Di Brianza,45.8022,9.3312,LC
IT,23842,Bosisio Parini,45.8008,9.29,LC
IT,23843,Dolzago,45.767,9.3393,LC
IT,23844,Sirone,45.7727,9.3221,LC
IT,23845,Costa Masnaga|Camisasca,45.7683,9.266,LC
IT,23846,Brongio|Garbagnate Monastero,45.7694,9.307,LC
IT,23847,Molteno|Luzzana,45.7816,9.2995,LC
IT,23848,Oggiono|Ello,45.7885,9.3567,LC
IT,23849,Casletto|Rogeno,45.7824,9.274,LC
IT,23851,Vergano Villa|Sala Al Barro|Galbiate,45.8104,9.3719,LC
IT,23852,Garlate,45.8121,9.3996,LC
IT,23854,Olginate,45.7913,9.4187,LC
IT,23855,Pescate,45.8335,9.3939,LC
IT,23857,Valgreghentino,45.7793,9.4134,LC
IT,23861,Cesana Brianza,45.8168,9.2995,LC
IT,23862,Civate,45.8281,9.3429,LC
IT,23864,Malgrate,45.8489,9.3763,LC
IT,23865,Oliveto Lario|Limonta|Onno,45.9316,9.2834,LC
IT,23867,Suello,45.8168,9.3115,LC
IT,23868,Valmadrera|Caserta,45.8463,9.3582,LC
IT,23870,Cernusco Lombardone,45.6909,9.3992,LC
IT,23871,Lomagna,45.6664,9.3765,LC
IT,23873,Maresso|Missaglia,45.6971,9.3453,LC
IT,23874,Montevecchia|Quattro Strade,45.7005,9.3788,LC
IT,23875,Osnago,45.6755,9.3919,LC
IT,23876,Monticello Brianza,45.7095,9.3156,LC
IT,23877,Paderno D'Adda,45.6788,9.4449,LC
IT,23878,Verderio Superiore,45.6678,9.4403,LC
IT,23879,Verderio Inferiore|Verderio,45.6656,9.4334,LC
IT,23880,Galgiana|Campofiorenzo|Casatenovo|California|Valaperta|Rogoredo|Rimoldo,45.6906,9.3147,LC
IT,23881,Airuno,45.7535,9.4277,LC
IT,23883,Beverate|Brivio,45.7372,9.4425,LC
IT,23884,Castello Di Brianza|Cologna|Caraverio,45.7572,9.3456,LC
IT,23885,Arlate|Calco,45.7239,9.4275,LC
IT,23886,Colle Brianza|Nava,45.7623,9.3637,LC
IT,23887,Olgiate Molgora|Monticello|Canova,45.707,9.3746,LC
IT,23888,La Valletta Brianza|Perego|Rovagnate,45.7373,9.367,LC
IT,23889,Santa Maria Hoe',45.7443,9.3744,LC
IT,23890,Barzago,45.7555,9.3142,LC
IT,23891,Barzano',45.7326,9.3136,LC
IT,23892,Bulciago,45.7506,9.2853,LC
IT,23893,Cassago Brianza,45.7381,9.2934,LC
IT,23894,Cremella,45.7386,9.3006,LC
IT,23895,Nibionno|Tabiago|Cibrone,45.7531,9.2675,LC
IT,23896,Bevera Di Sirtori|Sirtori,45.7366,9.3308,LC
IT,23897,Vigano',45.7247,9.3249,LC
IT,23898,Imbersago,45.7059,9.4444,LC
IT,23899,Robbiate,45.6883,9.4371,LC
IT,23900,Lecco,45.8559,9.397,LC
IT,26811,Boffalora D'Adda,45.3585,9.4963,LO
IT,26812,Borghetto Lodigiano|Casoni,45.2037,9.4985,LO
IT,26813,Graffignana,45.2065,9.4544,LO
IT,26814,Livraga,45.1923,9.5465,LO
IT,26815,Motta Vigana|Massalengo,45.265,9.4902,LO
IT,26816,Ossago Lodigiano,45.2421,9.5372,LO
IT,26817,San Martino In Strada,45.275,9.5264,LO
IT,26818,Villanova Del Sillaro|Bargano,45.2391,9.4644,LO
IT,26821,Bertonico,45.2331,9.6681,LO
IT,26822,Brembio,45.2123,9.5724,LO
IT,26823,Castiglione D'Adda|Camairago,45.2112,9.7101,LO
IT,26824,Cavenago D'Adda,45.2825,9.5987,LO
IT,26825,Basiasco|Mairago,45.2584,9.5841,LO
IT,26826,Secugnago,45.2313,9.5939,LO
IT,26827,Terranova Dei Passerini,45.2153,9.6619,LO
IT,26828,Melegnanello|Turano Lodigiano,45.2425,9.6213,LO
IT,26831,Casalmaiocco|Cologno,45.3582,9.3662,LO
IT,26832,Cervignano D'Adda|Galgagnano,45.3659,9.4347,LO
IT,26833,Merlino|Comazzo,45.4376,9.4463,LO
IT,26834,Terraverde|Cadilana|Corte Palasio|Abbadia Cerreto,45.3166,9.5661,LO
IT,26835,Crespiatica,45.3514,9.5766,LO
IT,26836,Montanaso Lombardo,45.3352,9.4655,LO
IT,26837,Cassino D'Alberi|Quartiano|Mulazzano,45.3742,9.4021,LO
IT,26838,Tavazzano|Villavesco|Tavazzano Con Villavesco,45.332,9.4053,LO
IT,26839,Zelo Buon Persico,45.4117,9.4317,LO
IT,26841,Casalpusterlengo|Zorlesco,45.1898,9.6321,LO
IT,26842,Caselle Landi|Cornovecchio,45.1197,9.7975,LO
IT,26843,Maccastorna|Meleti|Castelnuovo Bocca D'Adda,45.126,9.8513,LO
IT,26844,Cavacurta,45.1898,9.7419,LO
IT,26845,Codogno,45.1619,9.7022,LO
IT,26846,Corno Giovine,45.1341,9.7577,LO
IT,26847,Maleo,45.1663,9.7624,LO
IT,26848,San Fiorano,45.1382,9.7206,LO
IT,26849,Santo Stefano Lodigiano,45.1186,9.7353,LO
IT,26851,Borgo San Giovanni,45.2779,9.435,LO
IT,26852,Casaletto Lodigiano|Mairano,45.3018,9.3605,LO
IT,26853,Caselle Lurani,45.2804,9.3602,LO
IT,26854,Pieve Fissiraga|Cornegliano Laudense|Muzza Sant'Angelo,45.2747,9.4732,LO
IT,26855,Lodi Vecchio,45.3042,9.4176,LO
IT,26856,Senna Lodigiana|Mirabello,45.1501,9.6037,LO
IT,26857,Salerano Sul Lambro,45.2966,9.3852,LO
IT,26858,Sordio,45.3422,9.3639,LO
IT,26859,Valera Fratta,45.2572,9.3362,LO
IT,26861,Retegno|Fombio,45.1454,9.6895,LO
IT,26862,Guardamiglio,45.1074,9.6848,LO
IT,26863,Orio Litta,45.1624,9.5545,LO
IT,26864,Ospedaletto Lodigiano,45.1688,9.5787,LO
IT,26865,San Rocco Al Porto,45.082,9.6972,LO
IT,26866,Sant'Angelo Lodigiano|Vidardo|Marudo|Castiraga Vidardo,45.2506,9.3977,LO
IT,26867,Somaglia|San Martino Pizzolano,45.1566,9.6273,LO
IT,26900,Lodi|San Grato,45.3099,9.5009,LO
IT,20811,Cesano Maderno|Cassina Savina|Binzago|Villaggio Snia,45.6206,9.1291,MB
IT,20812,Villaggio Dei Giovi|Mombello|Villaggio Del Sole|Limbiate,45.612,9.1176,MB
IT,20813,Bovisio-Masciago|Bovisio|Masciago,45.6102,9.153,MB
IT,20814,Valera|Varedo,45.6076,9.1424,MB
IT,20815,Cogliate,45.646,9.0788,MB
IT,20816,Dal Pozzo|Ceriano Laghetto,45.6304,9.0675,MB
IT,20821,Meda,45.6612,9.1534,MB
IT,20822,Seveso|Baruccana,45.6558,9.1287,MB
IT,20823,Cimnago|Camnago|Lentate Sul Seveso,45.6779,9.1247,MB
IT,20824,Lazzate,45.6721,9.0842,MB
IT,20825,Barlassina,45.6556,9.1288,MB
IT,20826,Cascina Nuova|Misinto,45.6572,9.0729,MB
IT,20831,Seregno,45.65,9.2055,MB
IT,20832,Desio,45.6183,9.2025,MB
IT,20833,Robbiano Di Giussano|Paina|Giussano,45.6928,9.2251,MB
IT,20834,Nova Milanese,45.5888,9.1979,MB
IT,20835,Muggio'|Taccona,45.6337,9.2304,MB
IT,20836,Briosco|Capriano|Fornaci,45.7198,9.2456,MB
IT,20837,Veduggio Con Colzano,45.7339,9.2702,MB
IT,20838,Renate,45.7244,9.2799,MB
IT,20841,Agliate|Carate Brianza,45.6806,9.2378,MB
IT,20842,Besana In Brianza|Villa Raverio|Zoccorino,45.6972,9.2703,MB
IT,20843,Verano Brianza,45.6887,9.2245,MB
IT,20844,Tregasio|Triuggio|Canonica,45.665,9.2808,MB
IT,20845,Sovico,45.646,9.2627,MB
IT,20846,Macherio,45.6397,9.2739,MB
IT,20847,Albiate,45.6554,9.2504,MB
IT,20851,Santa Margherita|Lissone,45.6231,9.235,MB
IT,20852,Villasanta,45.6063,9.308,MB
IT,20853,Biassono,45.6286,9.2712,MB
IT,20854,Vedano Al Lambro,45.6088,9.2678,MB
IT,20855,Lesmo|Peregallo,45.6406,9.2946,MB
IT,20856,Correzzana,45.6666,9.3075,MB
IT,20857,Camparada,45.6549,9.3233,MB
IT,20861,Brugherio|San Damiano,45.5769,9.3225,MB
IT,20862,Arcore,45.6267,9.3245,MB
IT,20863,Concorezzo,45.5885,9.3339,MB
IT,20864,Agrate Brianza|Omate,45.5876,9.3469,MB
IT,20865,Velate|Usmate Velate,45.6244,9.3542,MB
IT,20866,Carnate,45.6484,9.3781,MB
IT,20867,Caponago,45.5665,9.3758,MB
IT,20871,Vimercate|Velasca|Oreno,45.6207,9.3821,MB
IT,20872,Colnago|Porto D'Adda|Cornate D'Adda,45.6352,9.4575,MB
IT,20873,Cavenago Di Brianza,45.583,9.4126,MB
IT,20874,Busnago,45.6165,9.4637,MB
IT,20875,Burago Di Molgora,45.5965,9.3816,MB
IT,20876,Ornago,45.5999,9.421,MB
IT,20877,Roncello,45.6024,9.455,MB
IT,20881,Bernareggio|Villanova,45.6441,9.3985,MB
IT,20882,Bellusco,45.6196,9.419,MB
IT,20883,Mezzago,45.629,9.4449,MB
IT,20884,Sulbiate,45.6405,9.4276,MB
IT,20885,Ronco Briantino,45.6663,9.4053,MB
IT,20886,Aicurzio,45.64,9.4149,MB
IT,20900,San Fruttuoso|Monza,45.5801,9.2725,MB
IT,20001,Inveruno,45.514,8.8495,MI
IT,20002,Ossona,45.5071,8.8931,MI
IT,20003,Casorezzo,45.5227,8.9019,MI
IT,20004,Arluno,45.5034,8.9422,MI
IT,20005,Pogliano Milanese,45.5379,8.994,MI
IT,20006,Pregnana Milanese,45.516,9.007,MI
IT,20007,Cornaredo,45.5013,9.0268,MI
IT,20008,Bareggio,45.4793,8.9979,MI
IT,20009,Vittuone,45.4879,8.9514,MI
IT,20010,Furato|Bernate Ticino|Boffalora Sopra Ticino|Mesero|Santo Stefano Ticino|Buscate|Casate|Marcallo Con Casone|Mantegazza|Rogorotto|San Pietro All'Olmo|Casone,45.4975,8.8864,MI
IT,20011,Corbetta|Cerello|Battuello,45.4672,8.9187,MI
IT,20012,Cuggiono,45.5068,8.8155,MI
IT,20013,Magenta|Ponte Nuovo,45.4646,8.8845,MI
IT,20014,Nerviano|Sant'Ilario Milanese,45.5534,8.9792,MI
IT,20015,Parabiago|Villastanza,45.5499,8.9499,MI
IT,20016,Pero|Cerchiate,45.5102,9.087,MI
IT,20017,Terrazzano|Lucernate|Mazzo Milanese|Passirana|Rho,45.5402,9.0422,MI
IT,20018,Sedriano,45.491,8.9716,MI
IT,20019,Vighignolo|Settimo Milanese,45.4865,9.0494,MI
IT,20020,Villaggio Brollo|Cascina Nuova Di Misinto|Bienate|Vanzaghello|Magnago|Barbaiana|Arconate|Robecchetto Con Induno|Nosate,45.5477,8.8788,MI
IT,20021,Cassina Nuova|Bollate|Baranzate,45.5368,9.1189,MI
IT,20022,Castano Primo,45.5518,8.7756,MI
IT,20023,Cantalupo|Cerro Maggiore,45.5859,8.9685,MI
IT,20024,Villaggio Garbagnate|Garbagnate Milanese,45.5744,9.0754,MI
IT,20025,Legnano,45.5979,8.9151,MI
IT,20026,Novate Milanese,45.5305,9.1395,MI
IT,20027,Rescaldina|Rescalda,45.62,8.9488,MI
IT,20028,San Vittore Olona,45.5858,8.9413,MI
IT,20029,Turbigo,45.5308,8.7367,MI
IT,20030,Senago,45.5756,9.1262,MI
IT,20031,Cesate,45.5959,9.0757,MI
IT,20032,Ospitaletto|Cormano|Brusuglio,45.5404,9.1623,MI
IT,20033,Solaro,45.6143,9.083,MI
IT,20034,San Giorgio Su Legnano,45.5738,8.9137,MI
IT,20035,Villa Cortese,45.5667,8.8871,MI
IT,20036,Dairago,45.5658,8.8626,MI
IT,20037,Paderno Dugnano|Palazzolo Milanese,45.569,9.1648,MI
IT,20038,Busto Garolfo,45.5481,8.883,MI
IT,20039,Canegrate,45.5682,8.9269,MI
IT,20040,Torrazza Dei Mandelli|Velate Milanese|Cambiago,45.5692,9.4117,MI
IT,20041,Bussero,45.5341,9.372,MI
IT,20042,Pessano Con Bornago,45.5494,9.3814,MI
IT,20043,Vanzago,45.5257,8.991,MI
IT,20044,Arese,45.5505,9.0774,MI
IT,20045,Lainate,45.5718,9.0268,MI
IT,20046,Cisliano,45.4437,8.987,MI
IT,20047,Cusago,45.45,9.0374,MI
IT,20048,Pantigliate,45.4353,9.3522,MI
IT,20049,Settala,45.4536,9.3872,MI
IT,20050,Liscate,45.4832,9.4103,MI
IT,20051,Cassina De' Pecchi,45.5164,9.3598,MI
IT,20052,Vignate,45.4994,9.3772,MI
IT,20053,Rodano,45.4761,9.3532,MI
IT,20054,Segrate,45.4918,9.2981,MI
IT,20055,Vimodrone,45.5146,9.2877,MI
IT,20056,Concesa|Trezzo Sull'Adda|Grezzago,45.5982,9.5057,MI
IT,20057,Assago,45.4089,9.1256,MI
IT,20058,Zibido San Giacomo,45.3604,9.1112,MI
IT,20059,Casarile,45.3168,9.1038,MI
IT,20060,Trecella|Bellinzago Lombardo|Mombretto|Triginto|Truccazzano|Masate|Bustighera|Balbiano|Pozzuolo Martesana|Pozzo D'Adda|Albignano|Bornago|Bettola Di Pozzo D'Adda|Vigliano|Albignano D'Adda|Basiano|Villa Fornaci|Gessate|Trezzano Rosa|Sant'Agata Martesana,45.504,9.4286,MI
IT,20061,Carugate,45.5498,9.3404,MI
IT,20062,Cascine San Pietro|Cassano D'Adda|Groppello D'Adda,45.5161,9.5236,MI
IT,20063,Cernusco Sul Naviglio,45.5253,9.333,MI
IT,20064,Gorgonzola,45.5307,9.4053,MI
IT,20065,Inzago,45.5399,9.4834,MI
IT,20066,Melzo,45.4981,9.4204,MI
IT,20067,Paullo|Tribiano,45.4158,9.3886,MI
IT,20068,Peschiera Borromeo|Bettola|Mezzate|Zeloforomagno|Bellaria|Linate Paese|San Bovio|Linate,45.4253,9.2638,MI
IT,20069,Vaprio D'Adda,45.5764,9.5241,MI
IT,20070,Dresano|Vizzolo Predabissi|Villa Bissone|Riozzo|Sarmazzano|San Zenone Al Lambro|Cerro Al Lambro,45.348,9.3465,MI
IT,20071,Vermezzo|Zelo Surrigone,45.392,8.982,MI
IT,20072,Pieve Emanuele,45.3505,9.2027,MI
IT,20073,Opera,45.3735,9.2108,MI
IT,20074,Carpiano,45.3403,9.274,MI
IT,20075,Colturano,45.3815,9.3344,MI
IT,20076,Mediglia,45.3954,9.3317,MI
IT,20077,Melegnano,45.3578,9.3236,MI
IT,20078,San Colombano Al Lambro,45.1832,9.4903,MI
IT,20079,Basiglio,45.3592,9.1585,MI
IT,20080,Besate|Moncucco|Calvignasco|Vernate|Badile|Ozzero|San Pietro Cusico|Albairate|Bubbiano|Pasturago|Moirago,45.3438,9.0335,MI
IT,20081,Abbiategrasso|Cassinetta Di Lugagnano|Morimondo,45.3915,8.9264,MI
IT,20082,Santa Corinna|Noviglio|Binasco,45.3434,9.0784,MI
IT,20083,Gaggiano|San Vito|Vigano,45.4014,9.026,MI
IT,20084,Lacchiarella,45.3229,9.1378,MI
IT,20085,Locate Di Triulzi,45.3569,9.2252,MI
IT,20086,Motta Visconti,45.2877,8.9925,MI
IT,20087,Casterno|Castellazzo De' Barzi|Robecco Sul Naviglio,45.4365,8.8848,MI
IT,20088,Rosate|Gudo Visconti,45.3619,9.0084,MI
IT,20089,Rozzano|Quinto De Stampi,45.3882,9.1626,MI
IT,20090,Caleppio|Cesano Boscone|Noverasco|Trezzano Sul Naviglio|Romano Banco|Novegro|Lucino|Tregarezzo|Sporting Mirasole|Millepini|Premenugo|Monzoro|Fizzonasco|Linate Aeroporto|Zingone|Zingone Di Trezzano Sul Naviglio|Buccinasco|San Felice,45.438,9.2259,MI
IT,20091,Bresso,45.5379,9.1892,MI
IT,20092,Cinisello Balsamo,45.5582,9.2149,MI
IT,20093,Cologno Monzese|San Maurizio Al Lambro,45.53,9.278,MI
IT,20094,Corsico,45.431,9.1109,MI
IT,20095,Cusano Milanino|Milanino,45.5519,9.1837,MI
IT,20096,Limito|Pioltello|Seggiano,45.4907,9.3273,MI
IT,20097,Metanopoli|Poasco|Sorigherio|San Donato Milanese,45.4047,9.2511,MI
IT,20098,San Giuliano Milanese|Sesto Ulteriano|Borgo Lombardo,45.395,9.2702,MI
IT,20099,Sesto San Giovanni,45.5333,9.2258,MI
IT,20121,Milano,45.4643,9.1895,MI
IT,20122,Milano,45.4643,9.1895,MI
IT,20123,Milano,45.4643,9.1895,MI
IT,20124,Milano,45.4643,9.1895,MI
IT,20125,Precotto|Gorla|Milano|Greco,45.4833,9.2002,MI
IT,20126,Milano,45.4643,9.1895,MI
IT,20127,Milano|Crescenzago,45.486,9.2187,MI
IT,20128,Milano,45.4643,9.1895,MI
IT,20129,Milano,45.4643,9.1895,MI
IT,20131,Milano,45.4643,9.1895,MI
IT,20132,Milano,45.4643,9.1895,MI
IT,20133,Milano,45.4643,9.1895,MI
IT,20134,Milano|Lambrate,45.4733,9.2153,MI
IT,20135,Milano,45.4643,9.1895,MI
IT,20136,Milano,45.4643,9.1895,MI
IT,20137,Milano,45.4643,9.1895,MI
IT,20138,Milano|Rogoredo,45.4478,9.2172,MI
IT,20139,Chiaravalle Milanese|Milano,45.4643,9.1895,MI
IT,20141,Milano,45.4643,9.1895,MI
IT,20142,Milano|Gratosoglio,45.4382,9.1805,MI
IT,20143,Milano|Barona,45.4507,9.172,MI
IT,20144,Milano,45.4643,9.1895,MI
IT,20145,Milano,45.4643,9.1895,MI
IT,20146,Milano,45.4643,9.1895,MI
IT,20147,Milano,45.4643,9.1895,MI
IT,20148,Milano,45.4643,9.1895,MI
IT,20149,Milano,45.4643,9.1895,MI
IT,20151,Milano|Musocco,45.4846,9.158,MI
IT,20152,Milano|Baggio,45.4618,9.1406,MI
IT,20153,Milano|Trenno|Figino,45.4784,9.1336,MI
IT,20154,Milano,45.4643,9.1895,MI
IT,20155,Milano,45.4643,9.1895,MI
IT,20156,Milano,45.4643,9.1895,MI
IT,20157,Milano|Vialba|Quarto Oggiaro,45.4905,9.163,MI
IT,20158,Milano,45.4643,9.1895,MI
IT,20159,Milano,45.4643,9.1895,MI
IT,20161,Affori|Milano|Bruzzano,45.4959,9.1815,MI
IT,20162,Niguarda|Milano,45.4643,9.1895,MI
IT,46010,Casatico|Commessaggio|Gabbiana|Belforte|Campitello|Canicossa|Curtatone|Buscoldo|Villaggio Eremo|San Silvestro|San Martino Dall'Argine|Grazie|Cesole|Montanara|Gazzuolo|Redondesco|Mariana Mantovana|Ospitaletto|Levata|San Michele In Bosco|Marcaria,45.1128,10.6071,MN
IT,46011,Mosio|Acquanegra Sul Chiese,45.157,10.4568,MN
IT,46012,Bozzolo,45.1032,10.4799,MN
IT,46013,Canneto Sull'Oglio,45.1516,10.3828,MN
IT,46014,Sarginesco|Castellucchio|Ospitaletto Mantovano,45.1623,10.634,MN
IT,46017,Rivarolo Mantovano|Cividale Mantovano,45.0704,10.4627,MN
IT,46018,Villa Pasquali|Sabbioneta|Ponteterra|Breda Cisoni,45.0005,10.4995,MN
IT,46019,Cogozzo|Viadana|Cizzolo|Bellaguarda|San Matteo Delle Chiaviche|Cicognara|Buzzoletto,44.9895,10.5917,MN
IT,46020,Villa Saviola|Pegognaga|Villa Poma|Motteggiana|Pieve Di Coriano|Quingentole|Polesine|San Giacomo Delle Segnate|Schivenoglia|San Giovanni Del Dosso|Magnacavallo,45.0055,10.9878,MN
IT,46021,Carbonara Di Po|Borgofranco Sul Po,45.041,11.2193,MN
IT,46022,Felonica,44.979,11.3537,MN
IT,46023,Palidano|Bondeno Di Gonzaga|Gonzaga,44.9532,10.8196,MN
IT,46024,Moglia|Bondanello,44.9474,10.9304,MN
IT,46025,Poggio Rusco,44.9669,11.1042,MN
IT,46026,Quistello|Nuvolato,45.0195,10.9949,MN
IT,46027,Portiolo|San Benedetto Po|Mirasole|San Siro,45.0512,10.9408,MN
IT,46028,Moglia Di Sermide|Caposotto|Sermide|Santa Croce|Malcantone,44.9914,11.2249,MN
IT,46029,Sailetto|Brusatasso|Tabellano|San Prospero|Riva|Suzzara,44.9985,10.7495,MN
IT,46030,Sacchetta|Correggioverde|Gazzo|Villastrada|Pomponesco|Stradella|Dosolo|Libiola|Sustinente|Serravalle A Po|Mottella|Ca' Vecchia|Tripoli|Villanova De Bellis,45.0534,10.8377,MN
IT,46031,San Biagio|San Nicolo' Po|Bagnolo San Vito,45.0794,10.8527,MN
IT,46032,Castelbelforte,45.2121,10.8925,MN
IT,46033,Castel D'Ario,45.188,10.9745,MN
IT,46034,Cerese|Boccadiganda|Virgilio|San Cataldo|Cappelletta|Romanore|Borgo Virgilio|Pietole|Borgoforte,45.0867,10.7803,MN
IT,46035,Correggioli|Ostiglia,45.068,11.1517,MN
IT,46036,Revere,45.0521,11.1306,MN
IT,46037,Villa Garibaldi|Pontemerlano|Casale|Governolo|Barbasso|Roncoferraro|Borgo Castelletto,45.1181,10.9363,MN
IT,46039,Villimpenta,45.1411,11.0317,MN
IT,46040,Ceresara|Solferino|Piubega|Rivalta Sul Mincio|Rivalta|San Fermo|Fontanella Grazioli|Cavriana|Monzambano|Casaloldo|Guidizzolo|Casalmoro|Casalromano|Gazoldo Degli Ippoliti|Ponti Sul Mincio|Rodigo,45.2618,10.5557,MN
IT,46041,Asola|Barchi Di Asola|Castelnuovo|Castelnuovo Asolano,45.2206,10.4312,MN
IT,46042,Castel Goffredo,45.294,10.473,MN
IT,46043,Castiglione Delle Stiviere|Gozzolina,45.3745,10.4863,MN
IT,46044,Goito|Cerlongo|Solarolo,45.2557,10.636,MN
IT,46045,Marengo|Marmirolo|Pozzolo,45.2595,10.7362,MN
IT,46046,Medole,45.3259,10.5136,MN
IT,46047,Sant'Antonio|Soave|Soave Mantovano|Porto Mantovano,45.194,10.7578,MN
IT,46048,Pellaloco|Castiglione Mantovano|Roverbella|Canedole|Malavicina,45.2563,10.7566,MN
IT,46049,Volta Mantovana|Cereta,45.3135,10.6501,MN
IT,46051,Bigarello|San Giorgio Di Mantova,45.133,10.8843,MN
IT,46100,Frassino Mantovano|Lunetta|Borgovirgiliana|Mantova|Formigosa,45.1497,10.8287,MN
IT,27010,Cura Carpignano|Marzano|Spessa|Rognano|Torrevecchia Pia|Bascape'|Guinzano|Giovenzano|Vistarino|Monticelli Pavese|Turago Bordone|Monteleone|Giussago|Linarolo|Albuzzano|Inverno E Monteleone|Ceranova|Magherno|Vigonzone|Siziano|Inverno|Miradolo Terme|Filighera|Valle Salimbene|San Leonardo|Borgarello|Gerenzago|Badia Pavese|Torre D'Arese|Vellezzo Bellini|Roncaro|San Zenone Al Po|Bornasco|Copiano|Motta San Damiano|Costa De' Nobili|Santa Cristina E Bissone|San Leonardo Di Linarolo|San Genesio Ed Uniti|Camporinaldo|Zeccone,45.2142,9.2824,PV
IT,27011,Torre De' Negri|Belgioioso,45.1545,9.324,PV
IT,27012,Torre Del Mangano|Certosa Di Pavia|Torriano,45.2567,9.1286,PV
IT,27013,Chignolo Po|Lambrinia,45.1532,9.5046,PV
IT,27014,Corteolona|Genzone,45.1688,9.3602,PV
IT,27015,Landriano,45.3115,9.2605,PV
IT,27016,Lardirago|Sant'Alessio Con Vialone,45.2291,9.2294,PV
IT,27017,Pieve Porto Morone|Zerbo,45.1102,9.4182,PV
IT,27018,Vidigulfo,45.2925,9.235,PV
IT,27019,Villanterio,45.2178,9.361,PV
IT,27020,Olevano Di Lomellina|Tromello|Cergnago|Torre D'Isola|Valeggio|Battuda|Travaco' Siccomario|Carbonara Al Ticino|San Giorgio Di Lomellina|Albonese|Marcignago|Dorno|Velezzo Lomellina|Borgo San Siro|Rotta|Valle Lomellina|Massaua|Zerbolo'|Trivolzio|Scaldasole|Semiana|Alagna|Gravellona Lomellina|Breme|Sartirana Lomellina|Casottole|Trovo|Parona|Nicorvo,45.201,8.8948,PV
IT,27021,Bereguardo,45.2571,9.0273,PV
IT,27022,Casorate Primo,45.3114,9.017,PV
IT,27023,Cassolnovo,45.3611,8.8123,PV
IT,27024,Cilavegna,45.3107,8.7447,PV
IT,27025,Gambolo',45.2621,8.8582,PV
IT,27026,San Biagio|Madonna Delle Bozzole|Garlasco,45.2057,8.9402,PV
IT,27027,Gropello Cairoli,45.1771,8.9935,PV
IT,27028,San Martino Siccomario|Bivio Cava Manara,45.1528,9.1306,PV
IT,27029,Sforzesca|Vigevano,45.3016,8.8705,PV
IT,27030,Castello D'Agogna|Rosasco|Castellaro De' Giorgi|Ottobiano|Confienza|Frascarolo|Zeme|Torre Beretti E Castellaro|Mezzana Bigli|Gambarana|Cozzo|Sant'Angelo Lomellina|Suardi|Castelnovetto|Mezzana Rabattone|Zinasco Nuovo|Sairano|Ceretto Lomellina|Langosco|Balossa Bigli|Pieve Albignola|Zinasco|Villanova D'Ardenghi|Zinasco Vecchio|Palestro,45.1596,8.7815,PV
IT,27031,Candia Lomellina,45.1767,8.5955,PV
IT,27032,Ferrera Erbognone,45.1146,8.8645,PV
IT,27033,Garbana,45.2556,8.8011,PV
IT,27034,Galliavola|Lomello,45.1088,8.8074,PV
IT,27035,Mede|Villa Biscossi,45.0938,8.762,PV
IT,27036,Mortara,45.2494,8.733,PV
IT,27037,Pieve Del Cairo,45.0492,8.8032,PV
IT,27038,Robbio,45.289,8.5929,PV
IT,27039,Sannazzaro De' Burgondi,45.1023,8.9063,PV
IT,27040,Mornico|Borgoratto Mormorolo|Castana|Castelletto Po|Mezzanino|Casatisma|Calvignano|Castelletto Di Branduzzo|Vallescuropasso|Torre Degli Alberi|Montu' Beccaria|Tornello|Rovescala|Bosnasco|Cigognola|Mornico Losana|Pietra De' Giorgi|Arena Po|Rocca De' Giorgi|Montescano|Lirio|San Damiano Al Colle|Busca|Montalto Pavese|Borgo Priolo|Verrua Po|Fortunago|Casenove|Pometo|Campospinoso|Pinarolo Po|Rea|Portalbera|Albaredo Arnaboldi,45.0343,9.2313,PV
IT,27041,Casanova Lonati|Barbianello,45.0851,9.2097,PV
IT,27042,Bressana Bottarone|Bressana|Bottarone|Robecco Pavese,45.0711,9.1314,PV
IT,27043,San Cipriano Po|Broni,45.0865,9.2704,PV
IT,27044,Canneto|Canneto Pavese,45.0508,9.2799,PV
IT,27045,Casteggio,45.014,9.1253,PV
IT,27046,Santa Giuletta,45.034,9.1813,PV
IT,27047,Volpara|Golferenzo|Montecalvo Versiggia|Santa Maria Della Versa,44.9686,9.2972,PV
IT,27048,Sommo,45.1332,9.0866,PV
IT,27049,Zenevredo|Stradella,45.0641,9.3142,PV
IT,27050,Brallo Di Pregola|Cervesina|Val Di Nizza|Corana|Casei Gerola|Pancarana|Codevilla|Ghiaie|Casei|Torrazza Coste|Fumo|Santa Margherita Di Staffora|Menconico|Cecima|Pizzale|Collegio|Oliva Gessi|Torricella Verzate|Corvino San Quirico|Redavalle|Retorbido|Silvano Pietra|Romagnese|Ponte Nizza|Bastida Pancarana|Bagnaria|Casanova Di Destra,44.9501,9.1115,PV
IT,27051,Mezzana Corti|Cava Manara|Tre Re,45.1304,9.1174,PV
IT,27052,Godiasco|Montesegale|Salice Terme|Rocca Susella,44.9078,9.0765,PV
IT,27053,Verretto|Lungavilla,45.0406,9.0958,PV
IT,27054,Montebello Della Battaglia,44.9621,9.1008,PV
IT,27055,Rivanazzano,44.9291,9.0137,PV
IT,27056,Bastida De' Dossi|Cornale E Bastida|Cornale,45.0416,8.9163,PV
IT,27057,Pietragavina|Varzi,44.8306,9.2189,PV
IT,27058,Voghera|Oriolo,45.0123,9.017,PV
IT,27059,Zavattarello,44.8677,9.2666,PV
IT,27061,Ruino|Canevino,44.9247,9.2764,PV
IT,27100,Pavia|Mirabello Di Pavia|Ca' Della Terra|Fossarmato,45.1974,9.1906,PV
IT,23010,Cedrasco|Campo Tartano|Forcola|Rogolo|Mello|Rasura|Bema|Val Masino|Moia|San Martino Val Masino|San Martino|Dazio|Cino|Cevo|Piantedo|Albosaggia|Postalesio|Caiolo|Fusine|Civo|Torchione|Pedesina|Cataeggio|Gerola Alta|Tartano|Buglio In Monte|Pedemonte|Sirta|Colorina|San Pietro Di Berbenno|Berbenno Di Valtellina|Albaredo Per San Marco|Villapinta|Sant'Antonio Morignone,46.156,9.6662,SO
IT,23011,Ardenno,46.1671,9.6473,SO
IT,23012,Castione Andevenno,46.1728,9.8002,SO
IT,23013,Cosio Valtellino|Sacco|Cosio Stazione|Regoledo,46.128,9.5512,SO
IT,23014,Delebio|Andalo Valtellino,46.1363,9.4677,SO
IT,23015,Dubino|Nuova Olonio,46.1671,9.4305,SO
IT,23016,Cercino|Mantello,46.1553,9.4985,SO
IT,23017,Morbegno|Campovico,46.1416,9.5819,SO
IT,23018,Talamona,46.1385,9.6129,SO
IT,23019,Traona,46.1474,9.5326,SO
IT,23020,Faedo Valtellino|Tresivio|Caspoggio|Montagna In Valtellina|Boffetto|Verceia|Mese|Spriana|Prasomaso|Santa Croce Di Piuro|Prata Camportaccio|Santa Croce|Piuro|Lanzada|San Giacomo Filippo|Piateda|Lirone|Menarola|San Cassiano Valchiavenna|Poggiridenti|Torre Di Santa Maria|San Cassiano|Gordona|Prosto|Borgonuovo Di Piuro,46.2583,9.6352,SO
IT,23021,Fraciscio|Campodolcino,46.4036,9.3588,SO
IT,23022,Chiavenna|Bette,46.3206,9.3982,SO
IT,23023,Primolo|Chiesa In Valmalenco|Chiareggio,46.2854,9.8267,SO
IT,23024,Montespluga|Madesimo|Isola|Pianazzo,46.4497,9.3434,SO
IT,23025,Campo|Novate Mezzola,46.215,9.4541,SO
IT,23026,Ponte In Valtellina|Arigna,46.1584,9.9839,SO
IT,23027,San Pietro|San Pietro Samolaco|Samolaco|Somaggia|Era|Era Samolaco,46.2502,9.3958,SO
IT,23029,Dogana|Dogana Di Villa Chiavenna|Villa Di Chiavenna,46.3322,9.502,SO
IT,23030,Stazzona|Castionetto|Cepina Valdisotto|Tovo Di Sant'Agata|San Nicolo' Di Valfurva|Trepalle|Valfurva|Livigno|Vervio|Santa Caterina Valfurva|Villa Di Tirano|Santa Caterina|Mazzo Di Valtellina|Cepina|Sernio|Bianzone|Lovero|Sant'Antonio|Castello Dell'Acqua|Chiuro|Piatta|Valdisotto,46.3278,10.2384,SO
IT,23031,Aprica,46.1522,10.1488,SO
IT,23032,Passo Stelvio|Bormio,46.4973,10.4111,SO
IT,23033,Tiolo|Grosio|Ravoledo,46.3063,10.2884,SO
IT,23034,Grosotto,46.282,10.2591,SO
IT,23035,Pineta Di Sortenna|Mondadizza|Abetina Vallesana|Pineta Di Sortenna Vallesana|Villaggio Sondalo|Sondalo|Le Prese|Pendosso|Frontale,46.341,10.3456,SO
IT,23036,San Giacomo Di Teglio|Tresenda|Teglio|San Giacomo,46.1634,10.0486,SO
IT,23037,Madonna Di Tirano|Tirano,46.2157,10.1567,SO
IT,23038,Isolaccia|Semogo|Bagni Nuovi Di Bormio|Valdidentro|Bagni Nuovi,46.4842,10.2767,SO
IT,23100,Sant'Anna|Faedo|Albosaggia|Sondrio|Mossini|Ponchiera|Triangia,46.1681,9.865,SO
IT,21010,Besnate|San Macario|Golasecca|Pino Sulla Sponda Del Lago Maggiore|Montegrino Valtravaglia|Porto Valtravaglia|Vizzola Ticino|Muceno|Curiglia Con Monteviasco|Domo|Agra|Nasca|Calde'|Ligurno|Veddasca|Arsago Seprio|Germignaga|Due Cossani|Dumenza|Brezzo Di Bedero|Cardano Al Campo|Ferno|Castelveccana|Tronzano Lago Maggiore|Castello,45.8681,8.7424,VA
IT,21011,Casorate Sempione,45.6708,8.7451,VA
IT,21012,Cassano Magnago,45.6721,8.8269,VA
IT,21013,Gallarate|Crenna|Cedrate,45.7084,8.7864,VA
IT,21014,Laveno Mombello|Mombello|Laveno,45.7919,8.8025,VA
IT,21015,Sant'Antonino Ticino|Tornavento|Lonate Pozzolo,45.5875,8.7334,VA
IT,21016,Luino|Poppino|Voldomino|Creva,46.0082,8.7549,VA
IT,21017,Verghera|Samarate|Cascina Elisa|Cascina Costa,45.6201,8.7782,VA
IT,21018,Lisanza|Sesto Calende,45.7327,8.6163,VA
IT,21019,Coarezza|Somma Lombardo|Case Nuove|Maddalena|Malpensa Aeroporto,45.6665,8.6882,VA
IT,21020,Bernate|Buguggiate|Crugnola|Varano Borghi|Ranco|Bodio Lomnago|Bodio|Crosio Della Valle|Casciago|Cazzago Brabbia|Luvinate|Casale Litta|Galliate Lombardo|Mornago|Lomnago|Comabbio|Brunello|Bardello|Villadosia|Inarzo|Barasso|Daverio|Malgesso|Brebbia|Mercallo|Montonate|Monvalle|Taino|Ternate|Bregano,45.7887,8.7218,VA
IT,21021,Angera,45.7755,8.5786,VA
IT,21022,Azzate,45.778,8.7941,VA
IT,21023,Besozzo,45.8489,8.6652,VA
IT,21024,Biandronno,45.8128,8.7088,VA
IT,21025,Comerio,45.8419,8.7421,VA
IT,21026,Oltrona Al Lago|Gavirate,45.8371,8.7262,VA
IT,21027,Ispra|Ispra Centro Euratom|Barza,45.8068,8.6174,VA
IT,21028,Travedona Monate,45.8043,8.6714,VA
IT,21029,Vergiate|Cimbro|Cuirone|Corgeno,45.7362,8.7027,VA
IT,21030,Cugliate|Brissago Valtravaglia|Azzio|Castello Cabiaglio|Brenta|Masciago Primo|Casalzuigno|Marchirolo|Cassano Valcuvia|Fabiasco|Cugliate Fabiasco|Brinzio|Mesenzana|Marzio|Rancio Valcuvia|Orino|Cuvio|Cuveglio|Duno|Cremenaga|Grantola|Ferrera Di Varese,45.9189,8.7617,VA
IT,21031,Cadegliano Viconago|Viconago|Cadegliano,45.9595,8.8434,VA
IT,21032,Caravate,45.8786,8.6543,VA
IT,21033,Cittiglio,45.8959,8.6655,VA
IT,21034,Cocquio Trevisago|Caldana|Trevisago|Cocquio,45.8672,8.6904,VA
IT,21035,Cunardo,45.9343,8.8077,VA
IT,21036,Gemonio,45.8788,8.6748,VA
IT,21037,Ponte Tresa|Lavena Ponte Tresa,45.9671,8.8573,VA
IT,21038,Leggiuno|Sangiano,45.8755,8.627,VA
IT,21039,Valganna|Bedero Valcuvia|Ghirla|Ganna,45.9101,8.8167,VA
IT,21040,Morazzone|Caronno Varesino|Uboldo|Cascine Maggio|Vedano Olona|Massina|Carnago|Venegono Superiore|Oggiona|Oggiona Con Santo Stefano|Santo Stefano|Lozza|Castronno|Cislago|Sumirago|Rovate|Origgio|Jerago Con Orago|Venegono Inferiore|Gerenzano|Gornate Olona,45.711,8.8743,VA
IT,21041,Albizzate,45.727,8.8031,VA
IT,21042,Caronno Pertusella,45.5978,9.0463,VA
IT,21043,Gornate Superiore|Castiglione Olona,45.7533,8.8667,VA
IT,21044,Cavaria Con Premezzo,45.6925,8.803,VA
IT,21045,Schianno|Gazzada|Gazzada Schianno,45.7734,8.8251,VA
IT,21046,San Salvatore|Malnate,45.8494,8.885,VA
IT,21047,Saronno,45.6251,9.0352,VA
IT,21048,Solbiate Arno|Monte,45.7172,8.8179,VA
IT,21049,Tradate|Abbiate Guazzone,45.7084,8.9076,VA
IT,21050,Clivio|Gaggiolo|Bisuschio|Cairate|Castelseprio|Gorla Maggiore|Cuasso Al Piano|Lonate Ceppino|Brusimpiano|Cantello|Saltrio|Cuasso Al Monte|Cavagnano|Besano|Bolladello|Marnate|Porto Ceresio,45.8128,8.888,VA
IT,21051,Brenno Useria|Arcisate,45.8586,8.8731,VA
IT,21052,Sacconago|Busto Arsizio|Borsano,45.5973,8.8496,VA
IT,21053,Castellanza,45.6108,8.8962,VA
IT,21054,Fagnano Olona|Bergoro,45.6698,8.8599,VA
IT,21055,Gorla Minore,45.6412,8.9026,VA
IT,21056,Induno Olona,45.8457,8.8406,VA
IT,21057,Cascina Buon Gesu'|Olgiate Olona,45.6371,8.8815,VA
IT,21058,Solbiate Olona,45.6503,8.882,VA
IT,21059,Viggiu'|Baraggia,45.8392,8.8924,VA
IT,21061,Maccagno|Maccagno Con Pino E Veddasca,46.0436,8.7341,VA
IT,21062,Cadrezzate|Osmate,45.794,8.6493,VA
IT,21100,Calcinate Del Pesce|San Fermo|Rasa|Rasa Di Velate|Bizzozero|Cartabbia|Santa Maria Del Monte|Sant'Ambrogio Olona|Capolago|Varese|Masnago|Casbeno,45.8251,8.8085,VA
IT,60010,Barbara|Casine|Castelleone Di Suasa|Ostra|Vaccarile|Pianello|Pianello Di Ostra|Ostra Vetere|Ponte Rio Di Monterado,43.6107,13.0928,AN
IT,60011,Arcevia|Castiglioni D'Arcevia|Palazzo|Costa D'Arcevia|Palazzo D'Arcevia|Piticchio|Nidastore|Montefortino|Castiglioni|Avacelli,43.5231,12.958,AN
IT,60012,Passo Di Ripe|Castel Colonna|Trecastelli|Monterado|Brugnetto|Ripe|Ponte Rio,43.6868,13.1047,AN
IT,60013,Corinaldo,43.6411,13.06,AN
IT,60015,Castelferretti|Falconara Marittima|Falconara Alta,43.6189,13.3882,AN
IT,60018,Lungomare|Montemarciano|Marina Di Montemarciano,43.6521,13.3177,AN
IT,60019,Marzocca Di Senigallia|Montignano|Senigallia|Vallone|Sant'Angelo Di Senigallia|Sant'Angelo|Marzocca|Roncitelli|Cesano Di Senigallia|Scapezzano,43.6876,13.2237,AN
IT,60020,Polverigi|Castel D'Emilio|Sirolo|Offagna|Camerata Picena|Agugliano,43.5439,13.4269,AN
IT,60021,Aspio Terme|Camerano,43.5277,13.5526,AN
IT,60022,Castelfidardo|Acquaviva Villa Musone|San Rocchetto,43.4723,13.5598,AN
IT,60024,Montoro|Filottrano,43.4453,13.3825,AN
IT,60025,Loreto Stazione|Villa Musone|Loreto,43.4434,13.6119,AN
IT,60026,Numana|Marcelli|Numana Lido,43.5017,13.6233,AN
IT,60027,Passatempo|Osimo Stazione|Padiglione|San Sabino|Campocavallo|Osimo|Casenuove|San Biagio,43.4819,13.4738,AN
IT,60030,Osteria|Angeli Di Mergo|Angeli|Collina Santa Maria Nuova|Belvedere Ostrense|Angeli Di Rosora|Monsano|Pianello Vallesina|San Marcello|Rosora|Serra De' Conti|Moie|Morro D'Alba|Maiolati Spontini|Poggio San Marcello|Stazione|Mergo|Castelbellino|Monte Roberto|Santa Maria Nuova,43.5134,13.1317,AN
IT,60031,Castelplanio|Castelplanio Stazione|Borgo Loreto|Macine,43.4888,13.0854,AN
IT,60033,Chiaravalle|Grancetta,43.5957,13.343,AN
IT,60034,Cupramontana,43.4497,13.1131,AN
IT,60035,Jesi,43.5214,13.2437,AN
IT,60036,Montecarotto,43.5283,13.0666,AN
IT,60037,Monte San Vito|Borghetto|Le Cozze,43.5983,13.2914,AN
IT,60038,San Paolo Di Jesi,43.4546,13.1728,AN
IT,60039,Staffolo,43.4333,13.1849,AN
IT,60040,Trinquelli|Genga Stazione|Genga|Colleponi Di Genga|Colleponi,43.4284,12.9302,AN
IT,60041,Sassoferrato|Monterosso|Piano Di Frassineta|Cabernardi|Monterosso Stazione|Perticano|Borgo Sassoferrato,43.4648,12.8435,AN
IT,60043,Cerreto D'Esi,43.3167,12.9877,AN
IT,60044,Castelletta|Sant'Elia|Serradica|Attiggio|Albacina|Fabriano|Melano|Argignano|San Donato|Borgo Tufico|Nebbiano|San Michele|Marischio|Campodonico|Rocchetta Di Fabriano|Melano Bastia|Cancelli|Collamato,43.332,12.9217,AN
IT,60048,Serra San Quirico Stazione|Domo|Castellaro|Sasso|Serra San Quirico,43.4318,13.0544,AN
IT,60100,Ancona,43.5942,13.5034,AN
IT,60121,Ancona,43.5942,13.5034,AN
IT,60122,Ancona,43.5942,13.5034,AN
IT,60123,Ancona,43.5942,13.5034,AN
IT,60124,Ancona,43.5942,13.5034,AN
IT,60125,Ancona,43.5942,13.5034,AN
IT,60126,Ancona,43.5942,13.5034,AN
IT,60127,Ancona|Pinocchio,43.5921,13.4987,AN
IT,60128,Ancona,43.5942,13.5034,AN
IT,60129,Poggio|Pietralacroce|Ancona|Varano,43.5729,13.543,AN
IT,60131,Montesicuro|Ancona,43.5735,13.4824,AN
IT,63020,Piane Di Falerone,42.888,13.5551,AP
IT,63031,Castel Di Lama Stazione,42.8884,13.601,AP
IT,63061,Massignano,43.0506,13.798,AP
IT,63062,Montefiore Dell'Aso,43.0528,13.7552,AP
IT,63063,Carassai,43.033,13.6876,AP
IT,63064,Cupra Marittima,43.019,13.8617,AP
IT,63065,Ripatransone|San Savino,42.9779,13.7706,AP
IT,63066,Ischia|Grottammare,42.9916,13.7938,AP
IT,63067,Cossignano,42.9836,13.6903,AP
IT,63068,Patrignone|Porchia|Montalto Delle Marche,42.9889,13.6162,AP
IT,63069,Montedinove,42.9726,13.5897,AP
IT,63071,Castel Di Croce|Rotella,42.9429,13.5407,AP
IT,63072,Castignano|Ripaberarda,42.9299,13.6149,AP
IT,63073,Offida,42.935,13.6977,AP
IT,63074,Porto D'Ascoli|San Benedetto Del Tronto,42.9343,13.8838,AP
IT,63075,Acquaviva Picena,42.9404,13.8223,AP
IT,63076,Monteprandone|Centobuchi,42.9078,13.8436,AP
IT,63077,Monsampolo Del Tronto|Stella Di Monsampolo,42.9057,13.7669,AP
IT,63078,Pagliare|Spinetoli,42.8795,13.7671,AP
IT,63079,Villa San Giuseppe|Colli Del Tronto,42.8727,13.7461,AP
IT,63081,San Silvestro|Castorano,42.8825,13.7293,AP
IT,63082,Castel Di Lama Piattoni|Piattoni|Castel Di Lama|Villa Sant'Antonio,42.8672,13.6952,AP
IT,63083,Appignano Del Tronto,42.8981,13.6622,AP
IT,63084,Piane Di Morro|Folignano|Pigna Bassa|Villa Pigna,42.8372,13.6398,AP
IT,63085,Caselle|Maltignano,42.837,13.6797,AP
IT,63086,Force,42.9609,13.4877,AP
IT,63087,Comunanza|Croce Di Casale,42.902,13.6122,AP
IT,63088,Montemonaco,42.8987,13.3302,AP
IT,63091,Venarotta,42.8827,13.4916,AP
IT,63092,Palmiano,42.8995,13.4594,AP
IT,63093,Marsia|Roccafluvione|Agelli,42.8293,13.4243,AP
IT,63094,Montegallo|Bisignano,42.8206,13.3654,AP
IT,63095,Ponte D'Arli|Acquasanta Terme|Tallacano|Pozza Di Acquasanta|Quintodecimo|Paggese|San Martino Di Acquasanta,42.7695,13.4187,AP
IT,63096,Trisungo|Arquata Del Tronto|Pescara Del Tronto|Pretare|Capodacqua|Spelonga,42.7648,13.2855,AP
IT,63100,Marino Del Tronto|Ascoli Piceno|Poggio Di Bretta|Monticelli|Campolungo|Lisciano|Mozzano|Castel Trosino|Piagge Di Ascoli Piceno|Piagge|Lisciano Di Colloto|Venagrande,42.8434,13.5669,AP
IT,63811,Castellano|Cretarola|Casette D'Ete|Sant'Elpidio A Mare|La Luce|Bivio Cascinare|Cascinare,43.2473,13.7118,FM
IT,63812,Montegranaro,43.231,13.6305,FM
IT,63813,Monte Urano,43.1904,13.6618,FM
IT,63814,Torre San Patrizio,43.1831,13.6111,FM
IT,63815,Monte San Pietrangeli,43.1896,13.5772,FM
IT,63816,Francavilla D'Ete,43.1884,13.5403,FM
IT,63821,Porto Sant'Elpidio,43.253,13.7597,FM
IT,63822,Porto San Giorgio,43.1778,13.7941,FM
IT,63823,Lapedona,43.1092,13.7706,FM
IT,63824,Marina Di Altidona|Altidona,43.1069,13.8154,FM
IT,63825,Monterubbiano|Rubbianello,43.0729,13.7165,FM
IT,63826,Moresco,43.0867,13.7304,FM
IT,63827,Pedaso,43.0984,13.8408,FM
IT,63828,Campofilone,43.081,13.8215,FM
IT,63831,Contrada Tenna|Rapagnano,43.1561,13.6076,FM
IT,63832,Magliano Di Tenna,43.138,13.5872,FM
IT,63833,Alteta|Piane Di Montegiorgio|Montegiorgio,43.1228,13.5448,FM
IT,63834,Massa Fermana,43.1469,13.476,FM
IT,63835,Montappone,43.1362,13.4693,FM
IT,63836,Monte Vidon Corrado,43.1209,13.4893,FM
IT,63837,Piane|Falerone,43.1007,13.4834,FM
IT,63838,Belmonte Piceno,43.0918,13.5394,FM
IT,63839,Curetta|Servigliano,43.1013,13.5106,FM
IT,63841,Monteleone Di Fermo,43.0479,13.5295,FM
IT,63842,Sant'Elpidio Morico|Monsampietro Morico,43.0506,13.5528,FM
IT,63843,Montottone,43.0621,13.5901,FM
IT,63844,Grottazzolina,43.1188,13.6069,FM
IT,63845,Ponzano Di Fermo|Capparuccia|Torchiaro,43.1038,13.63,FM
IT,63846,Monte Giberto,43.0909,13.6313,FM
IT,63847,Monte Vidon Combatte,43.049,13.6312,FM
IT,63848,Petritoli|Moregnano,43.0726,13.6341,FM
IT,63851,Ortezzano,43.0304,13.6053,FM
IT,63852,Monte Rinaldo,43.0283,13.582,FM
IT,63853,Montelparo,43.0176,13.537,FM
IT,63854,Santa Vittoria In Matenano,43.0198,13.4962,FM
IT,63855,Montefalcone Appennino,42.99,13.4569,FM
IT,63856,Smerillo|San Martino Al Faggio,42.9987,13.4558,FM
IT,63857,Amandola,42.9783,13.3545,FM
IT,63858,Montefortino|Santa Lucia In Consilvano,42.9303,13.3617,FM
IT,63900,Molini Di Tenna|Marina Palmense|Salvano|Lido Di Fermo|Capodarco|Campiglione|San Tommaso Tre Archi|Torre Di Palme|Ponte Ete|Caldarette|Fermo|San Marco,42.829,13.58,FM
IT,62010,Sambucheto|Treia|Montecassiano|Montefano|Urbisaglia|Chiesanuova|Sant'Egidio|Morrovalle|Borgo Stazione|Pollenza|Montecosaro|Montecosaro Stazione|Passo Di Treia|Trodica|Appignano|Montelupone|Pintura|Mogliano|Santa Maria In Selva|Stazione Morrovalle|Casette Verdini|Morrovalle Stazione,43.3037,13.4819,MC
IT,62011,Torre|Grottaccia|Villa Moscosi|Villa Torre|Troviggiano|Cingoli|Avenale|Moscosi|Strada|San Vittore,43.3798,13.2264,MC
IT,62012,Civitanova Alta|Civitanova Marche|Civitanova Marche Alta|Fontespina|Santa Maria Apparente,43.3113,13.6829,MC
IT,62014,Petriolo|Corridonia|Passo Del Bidollo|Colbuccaro|San Claudio,43.2473,13.4676,MC
IT,62015,Villa San Filippo|Monte San Giusto,43.2477,13.5933,MC
IT,62017,Porto Recanati,43.433,13.6616,MC
IT,62018,Potenza Picena|Porto Potenza Picena,43.362,13.66,MC
IT,62019,Musone|Recanati,43.4239,13.5728,MC
IT,62020,Monte San Martino|Caldarola|Serrapetrona|Colmurano|Camporotondo Di Fiastrone|Penna San Giovanni|Cessapalombo|Sant'Angelo In Pontano|Belforte Del Chienti|Valcimarra|Ripe San Ginesio|Gualdo|Loro Piceno,43.122,13.3143,MC
IT,62021,Apiro|Poggio San Vicino|Frontale,43.3728,13.1048,MC
IT,62022,Castelraimondo|Crispiero|Gagliole,43.2142,13.0728,MC
IT,62024,Esanatoglia|Colferraio|Matelica,43.2705,12.9928,MC
IT,62025,Pioraco|Fonte Di Brescia|Massa|Fiuminata|Sefro|Seppio,43.1677,12.9528,MC
IT,62026,Pian Di Pieca|San Ginesio|Passo San Ginesio,43.1121,13.3467,MC
IT,62027,Castel San Pietro|Cesolo|San Severino Marche,43.2704,13.168,MC
IT,62028,Sarnano,43.0347,13.2982,MC
IT,62029,Tolentino,43.2092,13.2852,MC
IT,62032,Mergnano San Savino|San Luca|Mergnano|Morro|Polverina|Camerino,43.1271,13.0666,MC
IT,62034,Muccia,43.0823,13.0432,MC
IT,62035,Pievebovigliana|Fiastra|Bolognola|Fiegni|Acquacanina|Fiordimonte,43.031,13.1548,MC
IT,62036,Monte Cavallo|Pie' Casavecchia|Pieve Torina|Casavecchia|Appennino,43.0045,13.0605,MC
IT,62038,Cesi|Serravalle Di Chienti|Cesi Di Macerata,43.0239,12.9174,MC
IT,62039,Ussita|Visso|Castelsantangelo Sul Nera|Fematre,42.9195,13.0829,MC
IT,62100,Madonna Del Monte|Sforzacosta|Villa Potenza|Piediripa|Corridonia Stazione|Macerata,43.2961,13.4674,MC
IT,61010,Montelicciano|Savignano Montetassi|Montegrimano|Case Bernardi|Rio Salso|Monte Cerignone|Padiglione|Tavullia|Valle Di Teva|Belvedere Fogliense,43.8537,12.6165,PU
IT,61011,Case Badioli|Gabicce Mare,43.9595,12.7643,PU
IT,61012,Gradara|Fanano,43.9408,12.759,PU
IT,61013,Valle Sant'Anastasio|Fratte Di Sassofeltrio|Piandicastello|Sassofeltrio|Mercatino Conca,43.8783,12.5208,PU
IT,61014,Madonna Di Pugliano|Montecopiolo|Villagrande,43.806,12.8612,PU
IT,61020,Casinina|Petriano|Borgo Massano|Ca' Gallo|Montecalvo In Foglia|Gallo|Gallo Di Petriano|Tavoleto,43.8061,12.6585,PU
IT,61021,Carpegna|Frontino,43.7729,12.356,PU
IT,61022,Vallefoglia|Sant'Angelo In Lizzola|Morciola|Colbordolo|Montecchio|Bottega,43.8356,12.7572,PU
IT,61023,Macerata Feltria|Pietrarubbia,43.8029,12.442,PU
IT,61024,Mombaroccio|Monteciccardo,43.8096,12.8291,PU
IT,61025,Montelabbate|Osteria Nuova,43.8473,12.7876,PU
IT,61026,Belforte All'Isauro|Lunano|San Sisto|Piandimeleto|Monastero,43.7362,12.3943,PU
IT,61028,Sassocorvaro|Auditore|Mercatale|Caprazzino,43.7882,12.5036,PU
IT,61029,Ponte In Foglia|Schieti|Pieve Di Cagna|Trasanni|Urbino|Castello Di Cavallino|Castelcavallino|Canavaccio|Gadana|Via Piana,43.7538,12.6292,PU
IT,61030,Calcinelli|Montemaggiore Al Metauro|Serrungarina|Cartoceto|San Giorgio Di Pesaro|Lucrezia|Piagge|Monteguiduccio|Montefelcino|Tavernelle|Isola Del Piano|Villanova|Saltara,43.7458,12.8934,PU
IT,61032,Fenile|Fano|Bellocchi|Cuccurano,43.8176,12.9873,PU
IT,61033,Fermignano,43.6931,12.6544,PU
IT,61034,Calmazzo|Isola Di Fano|Fossombrone,43.6746,12.8032,PU
IT,61037,Marotta|Centocroci|Mondolfo,43.7629,13.105,PU
IT,61038,Orciano Di Pesaro,43.6894,12.9721,PU
IT,61039,Cerasa|San Costanzo,43.7604,13.0438,PU
IT,61040,Castelvecchio|Frontone|Serra Sant'Abbondio|Borgo Pace|Sorbolongo|Lamoli|Fratte Rosa|Barchi|San Michele Al Fiume|San Filippo Sul Cesano|Monte Porzio|Mercatello Sul Metauro|Mondavio|Sant'Ippolito|Sant'Andrea Di Suasa,43.6408,12.7759,PU
IT,61041,Abbadia Di Naro|Petriccio|Pole|Furlo|Bellaria|Acqualagna,43.6209,12.6564,PU
IT,61042,Apecchio|Serravalle Di Carda,43.5511,12.4583,PU
IT,61043,Smirra|Secchiano|Acquaviva Marche|Pianello|Cagli,43.5452,12.6705,PU
IT,61044,Cantiano|Chiaserna|Pontericcioli,43.4546,12.642,PU
IT,61045,Bellisio Solfare|Pergola|Monterolo,43.5586,12.8392,PU
IT,61046,Piobbico,43.5882,12.5096,PU
IT,61047,San Lorenzo In Campo|San Vito Sul Cesano,43.5983,12.9169,PU
IT,61048,Sant'Angelo In Vado,43.6653,12.4176,PU
IT,61049,Urbania|Muraglione,43.6587,12.554,PU
IT,61100,Santa Maria Delle Fabrecce|Case Bruciate|Pesaro|Cattabrighe|Pozzo Alto|Borgo Santa Maria|Ponte Del Colombarone|Pantano|Muraglia|San Pietro In Calibano|Soria|Villa San Martino|Villa Fastiggi|Santa Veneranda|Montegranaro|Fiorenzuola Di Focara|Candelara|Villa Ceccolini|Novilara|Ginestreto,43.8633,12.8543,PU
IT,61121,Pesaro,43.9092,12.9164,PU
IT,61122,Pesaro,43.9092,12.9164,PU
IT,86010,Busso|Campodipietra|San Giuliano Del Sannio|San Giovanni In Galdo|Roccaspromonte|Gildone|Casalciprano|Cercepiccola|Tufara|Castropignano|Oratino|Mirabello Sannitico|Ferrazzano,41.5418,14.6643,CB
IT,86011,Baranello,41.5272,14.558,CB
IT,86012,Cercemaggiore,41.4613,14.724,CB
IT,86013,Gambatesa,41.5086,14.9124,CB
IT,86014,Guardiaregia,41.4344,14.5434,CB
IT,86015,Jelsi,41.517,14.7979,CB
IT,86016,Riccia,41.4831,14.8318,CB
IT,86017,Sepino,41.4078,14.6194,CB
IT,86018,Toro,41.5731,14.7618,CB
IT,86019,Vinchiaturo,41.4928,14.592,CB
IT,86020,Campochiaro|Castellino Del Biferno|Colle D'Anchise|San Polo Matese|Sant'Angelo Limosano|Molise|San Biase|Spinete|Pietracupa|Roccavivara|Fossalto|Duronia,41.6291,14.5459,CB
IT,86021,Castellone|Monteverde|Bojano|Castellone Di Boiano|Monteverde Di Boiano,41.4931,14.4677,CB
IT,86022,Limosano,41.6755,14.6223,CB
IT,86023,Montagano,41.6454,14.6741,CB
IT,86024,Petrella Tifernina,41.6913,14.6975,CB
IT,86025,Ripalimosani,41.6106,14.6631,CB
IT,86026,Salcito,41.7464,14.5109,CB
IT,86027,San Massimo,41.4929,14.4102,CB
IT,86028,Torella Del Sannio,41.6388,14.5203,CB
IT,86029,Trivento,41.77,14.5461,CB
IT,86030,Lupara|Mafalda|Acquaviva Collecroce|Matrice|Montemitro|San Felice Del Molise|Tavenna|Lucito|Civitacampomarano|San Giacomo Degli Schiavoni|Castelbottaccio|Guardialfiera,41.8257,14.7364,CB
IT,86031,Castelmauro,41.8285,14.7107,CB
IT,86032,Montecilfone,41.9016,14.8368,CB
IT,86033,Montefalcone Nel Sannio,41.8666,14.6382,CB
IT,86034,Guglionesi,41.9209,14.916,CB
IT,86035,Larino,41.8045,14.9184,CB
IT,86036,Montenero Di Bisaccia,41.9644,14.781,CB
IT,86037,Palata,41.8879,14.7878,CB
IT,86038,Collecalcioni|Petacciato,42.0083,14.8603,CB
IT,86039,Termoli,41.9999,14.9939,CB
IT,86040,Macchia Valfortore|Campolieto|Ripabottoni Stazione|San Giuliano Di Puglia|Montorio Nei Frentani|Morrone Del Sannio|Montelongo|Rotello|Monacilioni|Provvidenti|Pietracatella|Ripabottoni,41.6791,14.8751,CB
IT,86041,Bonefro,41.7051,14.9344,CB
IT,86042,Lido Di Campomarino|Nuova Cliternia|Campomarino,41.9376,15.0546,CB
IT,86043,Casacalenda,41.7382,14.8473,CB
IT,86044,Colletorto,41.6617,14.9677,CB
IT,86045,Portocannone,41.9144,15.0085,CB
IT,86046,San Martino In Pensilis,41.8781,15.0182,CB
IT,86047,Santa Croce Di Magliano,41.7122,14.9873,CB
IT,86048,Sant'Elia A Pianisi,41.6204,14.8752,CB
IT,86049,Ururi,41.8152,15.0161,CB
IT,86100,Santo Stefano|Campobasso|Santo Stefano Di Campobasso,41.5861,14.6389,CB
IT,86070,Conca Casale|Roccaravindola Stazione|Rocchetta A Volturno|Macchia D'Isernia|Sant'Agapito Scalo|Scapoli|Castelnuovo Al Volturno|Fornelli|Sant'Agapito|Rocchetta Nuova|Taverna Ravindola|Montaquila|Roccaravindola,41.5725,14.1162,IS
IT,86071,Pizzone|Castel San Vincenzo,41.6643,14.0493,IS
IT,86072,Cupone|Cerro Al Volturno,41.6611,14.107,IS
IT,86073,Colli A Volturno,41.6004,14.103,IS
IT,86074,Filignano|Cerasuolo,41.5652,14.0393,IS
IT,86075,Sant'Eusanio|Monteroduni,41.5259,14.1635,IS
IT,86077,Santa Maria Oliveto|Pozzilli,41.5171,14.082,IS
IT,86078,Selvotta|Roccapipirozzi|Sesto Campano|Pianura|Campopino,41.4263,14.0655,IS
IT,86079,Ceppagna|Venafro,41.4728,14.0315,IS
IT,86080,Acquaviva D'Isernia|Belmonte Del Sannio|Sant'Angelo Del Pesco|Castel Del Giudice|Montenero Val Cocchiara|Miranda|Roccasicura|Pescopennataro|Castelverrino,41.7705,14.2549,IS
IT,86081,Agnone|Villa Canale,41.8053,14.3922,IS
IT,86082,Capracotta,41.8333,14.2658,IS
IT,86083,Castiglione|Carovilli,41.7197,14.2998,IS
IT,86084,Vandra|Forli' Del Sannio,41.6813,14.1898,IS
IT,86085,Pietrabbondante,41.7453,14.3848,IS
IT,86086,Poggio Sannita,41.7794,14.4149,IS
IT,86087,Rionero Sannitico,41.7122,14.1392,IS
IT,86088,San Pietro Avellana,41.7889,14.1832,IS
IT,86089,Villa San Michele|Vastogirardi|Cerreto,41.7519,14.2484,IS
IT,86090,Pastena|Pettoranello Del Molise|Castelpizzuto|Longano|Pesche|Guasto|Castelpetroso|Indiprete,41.5549,14.3032,IS
IT,86091,Bagnoli Del Trigno,41.7022,14.4586,IS
IT,86092,Roccamandolfi|Cantalupo Nel Sannio,41.5088,14.3726,IS
IT,86093,Carpinone,41.59,14.3244,IS
IT,86094,Civitanova Del Sannio,41.6683,14.4028,IS
IT,86095,San Pietro In Valle|Frosolone|Sant'Elena Sannita,41.593,14.4662,IS
IT,86096,Santa Maria Del Molise|Sant'Angelo In Grotte|Macchiagodena|Incoronata,41.557,14.394,IS
IT,86097,Chiauci|Sessano Del Molise|Pescolanciano,41.6656,14.3494,IS
IT,86170,Isernia|Castelromano|Miranda,41.6197,14.2258,IS
IT,15010,Gamalero|Cremolino|Montaldo Bormida|Morsasco|Melazzo|Denice|Montechiaro D'Acqui|Merana|Ponzone|Rivalta Bormida|Frascaro|Morbello|Cavatore|Alice Bel Colle|Terzo|Prasco|Grognardo|Castelletto D'Erro|Montechiaro Denice|Ricaldone|Ponti|Visone|Orsara Bormida|Pareto,44.6535,8.4694,AL
IT,15011,Moirano|Acqui Terme,44.6874,8.4554,AL
IT,15012,Bistagno,44.6606,8.3716,AL
IT,15013,Borgoratto Alessandrino,44.8362,8.5385,AL
IT,15014,Cantalupo,44.8669,8.5529,AL
IT,15015,Cartosio|Malvicino,44.5748,8.4169,AL
IT,15016,Cassine|Caranzano|Gavonata,44.7499,8.5264,AL
IT,15017,Castelnuovo Bormida,44.7424,8.5506,AL
IT,15018,Spigno Monferrato,44.5431,8.3339,AL
IT,15019,Strevi,44.6999,8.5247,AL
IT,15020,Serralunga Di Crea|San Giorgio Monferrato|San Giorgio|Solonghello|Zanco|Villamiroglio|Odalengo Piccolo|Murisengo|Odalengo Grande|Gabiano|Villadeati|Ponzano Monferrato|Vallegioliti|Pozzengo|Valle Cerrina|Mombello Monferrato|Cantavenna|Camino|Casalino Di Mombello|Cerrina Monferrato|Castel San Pietro Monferrato|Lussello|Varengo|Montalero|Castel San Pietro|Cereseto|Castelletto Merli|Villa Del Foro|Casalbagliano|Moncestino|Brusaschetto,45.0993,8.2551,AL
IT,15021,Sanico|Alfiano Natta|Cardona,45.0476,8.2063,AL
IT,15022,Bergamasco,44.8272,8.4547,AL
IT,15023,Felizzano,44.8993,8.4358,AL
IT,15024,Masio|Abbazia,44.849,8.5355,AL
IT,15025,Morano Sul Po,45.1662,8.3667,AL
IT,15026,Oviglio|Carentino,44.845,8.4795,AL
IT,15027,Pontestura,45.1425,8.3332,AL
IT,15028,Quattordio|Piepasso,44.9113,8.3953,AL
IT,15029,Solero,44.9184,8.5075,AL
IT,15030,Conzano|Villanova Monferrato|Terruggia|Sala Monferrato|Olivola|Camagna Monferrato|Stevani|Treville|Rosignano Monferrato|San Maurizio|Coniolo|San Martino,45.0695,8.4165,AL
IT,15031,Balzola,45.1836,8.4028,AL
IT,15032,Borgo San Martino,45.0926,8.5237,AL
IT,15033,Santa Maria Del Tempio|Terranova|Roncaglia|Terranova Monferrato|Pozzo Sant'Evasio|Popolo|Casale Monferrato|San Germano,45.0983,8.5014,AL
IT,15034,Cella Monte,45.0741,8.3915,AL
IT,15035,Frassinello Monferrato,45.0332,8.3867,AL
IT,15036,Giarole,45.0615,8.5673,AL
IT,15037,Cuccaro Monferrato|Lu,44.9977,8.4716,AL
IT,15038,Ottiglio,45.0543,8.3398,AL
IT,15039,Ozzano Monferrato,45.1059,8.3724,AL
IT,15040,Giardinetto|Valmadonna|Rivarone|Castelletto Monferrato|Valmacca|Pecetto Di Valenza|Mirabello Monferrato|Occimiano|Bozzole|Pietra Marazzi|Piovera|Ticineto|San Michele|Valle San Bartolomeo|Alluvioni Cambio'|Frassineto Po|Grava|Pomaro Monferrato|Montecastello|Pavone D'Alessandria,45.0045,8.6273,AL
IT,15041,Altavilla Monferrato|Franchini,44.979,8.3819,AL
IT,15042,Bassignana|Fiondi|Mugarone,44.9946,8.7082,AL
IT,15043,Fubine,44.963,8.4281,AL
IT,15044,Quargnento,44.9457,8.4882,AL
IT,15045,Sale,44.9793,8.8096,AL
IT,15046,San Salvatore Monferrato,44.9949,8.5664,AL
IT,15048,Monte|Valenza|Villabella,45.0354,8.6079,AL
IT,15049,Vignale Monferrato,45.01,8.397,AL
IT,15050,Montacuto|Montegioco|Pozzol Groppo|Avolasca|Sant'Agata Fossili|Guazzora|Garbagna|Isola Sant'Antonio|Alzano Scrivia|Brignano Frascata|Cerreto Grue|Villalvernia|Spineto Scrivia|Castellar Guidobono|Paderna|Molino Dei Torti|Sarezzano|Costa Vescovato|Villaromagnano|Momperone|Carbonara Scrivia|Casasco|Montemarzino|Volpeglino|Berzano Di Tortona,44.8679,8.9372,AL
IT,15051,Castellania|Carezzano,44.7985,8.9304,AL
IT,15052,Casalnoceto,44.9133,8.9838,AL
IT,15053,Castelnuovo Scrivia,44.9793,8.8825,AL
IT,15054,Caldirola|Fabbrica Curone|Garadassi,44.7556,9.15,AL
IT,15055,Pontecurone,44.9588,8.9329,AL
IT,15056,Gremiasco|Dernice|San Sebastiano Curone,44.7831,9.0738,AL
IT,15057,Rivalta Scrivia|Tortona|Torre Garofoli|Castellar Ponzano|Passalacqua,44.8685,8.8366,AL
IT,15058,Viguzzolo,44.9057,8.9197,AL
IT,15059,Monleale|Volpedo,44.8867,8.9801,AL
IT,15060,Voltaggio|Carrosio|Cabella Ligure|Tassarolo|Montaldeo|Cuquello|Rocchetta Ligure|Cantalupo Ligure|Sardigliano|Parodi Ligure|Basaluzzo|Castagnola Di Fraconalto|Persi|Capriata D'Orba|Cosola Di Cabella|Carrega Ligure|Albera Ligure|San Cristoforo|Castagnola|Vignole Borbera|Grondona|Torre De' Ratti|Castelletto D'Orba|Pasturana|Bosio|Francavilla Bisio|Fraconalto|Borghetto Di Borbera|Mongiardino Ligure|Roccaforte Ligure|Stazzano|Silvano D'Orba,44.6886,8.8785,AL
IT,15061,Arquata Scrivia,44.6883,8.8868,AL
IT,15062,Bosco Marengo|Pollastra|Donna,44.8298,8.7227,AL
IT,15063,Cassano Spinola|Gavazzana,44.7707,8.8742,AL
IT,15064,Fresonara,44.7829,8.6861,AL
IT,15065,Frugarolo,44.8392,8.6816,AL
IT,15066,Gavi,44.6863,8.8072,AL
IT,15067,Merella|Novi Ligure,44.7771,8.808,AL
IT,15068,Pozzolo Formigaro,44.7993,8.7836,AL
IT,15069,Serravalle Scrivia,44.7228,8.8564,AL
IT,15070,Casaleggio Boiro|Tagliolo Monferrato|Trisobbio|Bandita|Belforte Monferrato|Mongiardino|Villa Botteri|Cassinelle|Lerma|Castelspina,44.6514,8.6424,AL
IT,15071,Carpeneto,44.6783,8.6055,AL
IT,15072,Casal Cermelli|Portanova,44.8349,8.6249,AL
IT,15073,Castellazzo Bormida,44.8435,8.579,AL
IT,15074,Molare,44.6181,8.5996,AL
IT,15075,Mornese,44.6392,8.7562,AL
IT,15076,Gnocchetto|Ovada,44.6111,8.6528,AL
IT,15077,Predosa|Castelferro,44.7538,8.638,AL
IT,15078,Rocca Grimalda,44.6714,8.6485,AL
IT,15079,Sezzadio,44.7848,8.5725,AL
IT,15100,Castelceriolo|Litta Parodi|Cascinagrossa|Spinetta Marengo|Orti|San Giuliano Nuovo|San Giuliano Vecchio|Mandrogne|Cristo|Lobbi|Alessandria,44.8941,8.7103,AL
IT,15121,Alessandria,44.9092,8.6101,AL
IT,14010,Dusino|San Martino Alfieri|Montegrosso Di Cinaglio|Antignano|Dusino San Michele|San Matteo|Revigliasco D'Asti|Cisterna D'Asti|Celle Enomondo|Cantarana|Cellarengo|Viale|San Paolo Solbrito|Cortazzone,44.8872,8.0474,AT
IT,14011,Baldichieri D'Asti,44.9059,8.0916,AT
IT,14012,Ferrere,44.8761,7.9942,AT
IT,14013,Monale|Castellero|Cortandone,44.9406,8.0682,AT
IT,14014,Montafia|Capriglio,44.9963,8.0168,AT
IT,14015,San Pietro|San Damiano D'Asti,44.8483,8.0519,AT
IT,14016,Pratomorone|Tigliole,44.8788,8.0801,AT
IT,14017,Valfenera,44.9017,7.9643,AT
IT,14018,Roatto|Villafranca D'Asti|Maretto,44.9374,8.0292,AT
IT,14019,Villanova D'Asti|Villanova D'Asti Stazione,44.9526,7.943,AT
IT,14020,Passerano|Pino D'Asti|Settime|Cossombrato|Berzano Di San Pietro|Camerano Casasco|Piea|Cinaglio|Soglio|Passerano Marmorito|Corsione|Aramengo|Schierano|Cerreto D'Asti|Robella|Marmorito|Villa San Secondo|Serravalle D'Asti|Cortanze,45.0338,8.0609,AT
IT,14021,Buttigliera D'Asti,45.0217,7.951,AT
IT,14022,Becchi|Castelnuovo Don Bosco|Albugnano|Mondonio San Domenico Savio,45.0431,7.9748,AT
IT,14023,Moransengo|Cocconito|Tonengo|Cocconito Vignaretto|Cocconato,45.1051,8.0301,AT
IT,14024,Moncucco Torinese,45.0674,7.9325,AT
IT,14025,Chiusano D'Asti|Montechiaro D'Asti,44.9968,8.1157,AT
IT,14026,Montiglio Monferrato|Montiglio|Colcavagno|Piova' Massaia|Scandeluzza|Cunico,45.0487,8.0996,AT
IT,14030,Cerro Tanaro|Rocchetta Tanaro|Penango|Accorneri|Scurzolengo|Frinco|Rocca D'Arazzo|Montemagno|Azzano D'Asti|Valenzani|Refrancore|Viarigi|Castagnole Monferrato,44.9398,8.2988,AT
IT,14031,Calliano|Grana|San Desiderio,44.9994,8.2788,AT
IT,14032,Casorzo,45.0216,8.3384,AT
IT,14033,Castell'Alfero Stazione|Callianetto|Castell'Alfero,44.9748,8.2086,AT
IT,14034,Castello Di Annone|Monfallito,44.8911,8.3183,AT
IT,14035,Grazzano Badoglio,45.04,8.311,AT
IT,14036,Moncalvo,45.0506,8.2628,AT
IT,14037,Migliandolo|Castiglione D'Asti|Portacomaro,44.9447,8.2712,AT
IT,14039,Tonco,45.0234,8.1894,AT
IT,14040,Vigliano D'Asti|Castelletto Molina|Quaranti|Castelnuovo Calcea|Cortiglione|Montabone|Mongardino|Vinchio|Maranzana|Belveglio|Castel Boglione,44.7833,8.3519,AT
IT,14041,Agliano|Agliano Terme,44.7909,8.2508,AT
IT,14042,Calamandrana|Rocchetta Palafea,44.7225,8.3413,AT
IT,14043,Castelnuovo Belbo,44.8011,8.4124,AT
IT,14044,Fontanile|Castel Rocchero,44.7356,8.4183,AT
IT,14045,Madonna|Incisa Scapaccino|Ghiare,44.8277,8.3441,AT
IT,14046,Bazzana|Bruno|Mombaruzzo,44.7804,8.43,AT
IT,14047,Mombercelli,44.8178,8.2947,AT
IT,14048,Montegrosso D'Asti|Montaldo Scarampi|Montegrosso D'Asti Stazione,44.8255,8.2483,AT
IT,14049,Vaglio Serra|Nizza Monferrato,44.7853,8.3483,AT
IT,14050,Mombaldone|Motta Di Costigliole|Serole|Olmo Gentile|Roccaverano|Cessole|Moasca|San Marzano Oliveto|Cassinasco,44.6632,8.2645,AT
IT,14051,Loazzolo|Bubbio,44.6662,8.2767,AT
IT,14052,Calosso,44.7399,8.2271,AT
IT,14053,Sant'Antonio Di Canelli|Canelli|Canelli Recapito Gancia|Sant'Antonio,44.7286,8.2782,AT
IT,14054,Castagnole Delle Lanze|Coazzolo|Olmo|San Bartolomeo Lanze|Olmo Di Castagnole Lanze,44.7472,8.1392,AT
IT,14055,Boglietto|Costigliole D'Asti|Motta,44.7854,8.1773,AT
IT,14057,Piano|Molini D'Isola|Isola D'Asti,44.8325,8.1805,AT
IT,14058,Sessame|Monastero Bormida,44.6595,8.3317,AT
IT,14059,Vesime|San Giorgio Scarampi,44.6231,8.2346,AT
IT,14100,Quarto D'Asti|Castiglione|Revignano|Asti|Casabianca|Valleandona|Sessant|Vaglierano|San Marzanotto|Poggio D'Asti|Valletanaro|Portacomaro Stazione|Valgera|Serravalle|Montemarzo D'Asti|Variglie|Stazione Di Portacomaro|Mombarone|Montegrosso|Viatosto|Montemarzo,44.9182,8.1831,AT
IT,13811,Andorno Micca|Tavigliano,45.6221,8.0517,BI
IT,13812,Montesinaro|Campiglia Cervo|Quittengo|Balma Biellese|Balma|Piedicavallo|San Paolo Cervo,45.6662,7.9931,BI
IT,13814,Pollone,45.5798,8.0059,BI
IT,13815,Rosazza,45.6758,7.9771,BI
IT,13816,Miagliano|Sagliano Micca,45.6197,8.044,BI
IT,13817,Sordevolo,45.5735,7.9734,BI
IT,13818,Tollegno,45.5908,8.0509,BI
IT,13821,Pianezze|Callabiana|Camandona,45.6236,8.0981,BI
IT,13822,Pistolesa,45.6501,8.1376,BI
IT,13823,Fontanella Ozino|Strona,45.6254,8.1448,BI
IT,13824,Veglio,45.6406,8.1141,BI
IT,13825,Campore|Crocemosso,45.6129,8.1242,BI
IT,13831,Mezzana Mortigliengo,45.6266,8.1895,BI
IT,13833,Portula,45.6751,8.1724,BI
IT,13835,Trivero|Soprana|Vico|Bulliana|Ponzone|Botto|Valle Mosso|Pratrivero|Mosso|Giardino,45.6522,8.1589,BI
IT,13836,Cossato|Ponte Guelpa|Aglietti|Castellengo,45.5514,8.1861,BI
IT,13841,Bioglio|Selve Marcone,45.6175,8.1117,BI
IT,13843,Pettinengo|Vaglio,45.6084,8.092,BI
IT,13844,Piatto|Ternengo,45.5894,8.1245,BI
IT,13845,Ronco Biellese,45.5785,8.0907,BI
IT,13847,Vallanzengo|Valle San Nicolao,45.6052,8.1457,BI
IT,13848,Zumaglia,45.5939,8.0894,BI
IT,13851,Castelletto Cervo,45.5214,8.2254,BI
IT,13853,Castello|Capovilla|Crosa|Lessona,45.5429,8.1673,BI
IT,13854,Cerreto Castello|Quaregna,45.5729,8.1623,BI
IT,13855,Valdengo,45.5671,8.1383,BI
IT,13856,Vigliano Biellese|Villaggi,45.5632,8.1051,BI
IT,13861,Ailoche,45.6981,8.2213,BI
IT,13862,Brusnengo,45.5901,8.2522,BI
IT,13863,Coggiola,45.6864,8.1825,BI
IT,13864,Caprile|Crevacuore,45.6339,8.1694,BI
IT,13865,Curino,45.6272,8.2362,BI
IT,13866,Casapinta|Masserano,45.6055,8.2089,BI
IT,13867,Pray|Flecchia|Pianceri Alto,45.6753,8.2067,BI
IT,13868,Sostegno|Villa Del Bosco,45.6348,8.2738,BI
IT,13871,Benna|Verrone,45.5118,8.1196,BI
IT,13872,Borriana,45.5078,8.0386,BI
IT,13873,Massazza,45.4918,8.1649,BI
IT,13874,Gifflenga|Mottalciata,45.4967,8.2215,BI
IT,13875,Ponderano,45.5385,8.0559,BI
IT,13876,Sandigliano,45.522,8.0766,BI
IT,13877,Villanova Biellese,45.4816,8.1943,BI
IT,13878,Candelo,45.5409,8.1066,BI
IT,13881,Dorzano|Cavaglia',45.416,8.0951,BI
IT,13882,Vergnasco|Magnonevolo|Cerrione,45.4767,8.0821,BI
IT,13883,Roppolo,45.4206,8.0697,BI
IT,13884,Torrazzo|Sala Biellese,45.5037,7.9562,BI
IT,13885,Salussola|Vigellio|Brianco,45.4443,8.1226,BI
IT,13886,Viverone,45.4273,8.0494,BI
IT,13887,Magnano|Zimone,45.4562,8.0202,BI
IT,13888,Curanuova|Mongrando|Ceresane|Zubiena,45.5174,8.0042,BI
IT,13891,Camburzano,45.5439,8.0023,BI
IT,13893,Donato,45.5263,7.9096,BI
IT,13894,Gaglianico,45.5372,8.0784,BI
IT,13895,Graglia Santuario|Graglia|Graglia Bagni|Muzzano,45.5603,7.9764,BI
IT,13896,Netro,45.54,7.947,BI
IT,13897,Occhieppo Inferiore,45.5501,8.021,BI
IT,13898,Occhieppo Superiore,45.564,8.0062,BI
IT,13899,Pralungo,45.59,8.0398,BI
IT,13900,Chiavazza|Oropa|Biella|Favaro|Vandorno|Barazzetto|Cossila|Pavignano,45.5931,8.0275,BI
IT,12010,Bernezzo|Santa Croce Cervasca|Pianche|Valdieri|Pietraporzio|Cervasca|Argentera|Moiola|Aisone|Sambuco|Sant'Anna Di Valdieri|Vignolo|Sant'Anna|Bagni Di Vinadio|Santa Croce|Valloriate|Roccasparvera|San Defendente|Rittana|Vinadio|Entracque|Roaschia|Bersezio|Gaiola|Andonno|San Rocco Di Bernezzo,44.3404,7.3294,CN
IT,12011,Martinetto Del Rame|Aradolo La Bruna|Borgo San Dalmazzo,44.3433,7.5033,CN
IT,12012,Boves|Rivoira|Mellana|San Giacomo Di Boves|San Giacomo|Cerati|Fontanelle,44.3388,7.5625,CN
IT,12013,Chiusa Di Pesio|San Bartolomeo,44.2954,7.6688,CN
IT,12014,Festiona|Demonte,44.3083,7.3216,CN
IT,12015,Limone Piemonte,44.2009,7.5786,CN
IT,12016,Santa Margherita|Peveragno|San Lorenzo Peveragno,44.3405,7.6111,CN
IT,12017,Robilante,44.2929,7.5137,CN
IT,12018,Roccavione|Brignola|Brignola Sottana,44.3047,7.4653,CN
IT,12019,Vernante,44.2445,7.5345,CN
IT,12020,Villafalletto|Valgrana|Villar San Costanzo|Venasca|Villar Sampeyre|Villar|Monsola|Roccabruna|Elva|Tarantasca|Cartignano|Sampeyre|Marmora|Frassino|Rossana|Casteldelfino|Isasca|Vottignasco|Pontechianale|Villa San Pietro|Lemma|Celle Di Macra|Bellino|Stroppo|Brossasco|San Pietro Monterosso|Rore|Castelmagno|Melle|Monterosso Grana|Macra|Canosio,44.5189,7.2902,CN
IT,12021,Acceglio,44.4746,6.9909,CN
IT,12022,San Chiaffredo|Valmala|Busca|Castelletto Busca,44.5047,7.4433,CN
IT,12023,Caraglio,44.4173,7.4328,CN
IT,12024,Costigliole Saluzzo,44.5645,7.4854,CN
IT,12025,Montemale Di Cuneo|Dronero,44.4511,7.3689,CN
IT,12026,Piasco,44.5611,7.4442,CN
IT,12027,Pradleves,44.4179,7.2815,CN
IT,12028,Prazzo|San Michele Prazzo,44.5001,7.0683,CN
IT,12029,Lottulo|San Damiano Macra,44.4943,7.2364,CN
IT,12030,Murello|Rifreddo|Crissolo|Lagnasco|Cavallerleone|Envie|Scarnafigi|Pagno|Polonghera|Monasterolo Di Savigliano|Cavallermaggiore|Ostana|Marene|Gambasca|Villanova Solaro|Faule|Torre San Giorgio|Martiniana Po|Casalgrasso|Carde'|Sanfront|Madonna Del Pilone|Manta|Caramagna Piemonte|Rifreddo Di Saluzzo|Oncino|Ruffia|Brondello,44.6964,7.5002,CN
IT,12031,Bagnolo Piemonte,44.7603,7.3139,CN
IT,12032,Barge|Galleane,44.7279,7.3228,CN
IT,12033,Moretta,44.7614,7.5363,CN
IT,12034,Paesana,44.6833,7.2757,CN
IT,12035,Racconigi,44.766,7.6789,CN
IT,12036,Revello|Staffarda,44.6879,7.4132,CN
IT,12037,Cervignasco|Castellar|San Lazzaro|San Lazzaro Saluzzo|Via Dei Romani|Saluzzo,44.655,7.4737,CN
IT,12038,Levaldigi|Savigliano,44.6028,7.6395,CN
IT,12039,Villanovetta|Verzuolo|Falicetto,44.5959,7.4979,CN
IT,12040,Sant'Albano Stura|Salmour|Baldissero D'Alba|Priocca|Canove|Castelletto Stura|Piobesi D'Alba|Sommariva Perno|Ceresole Alba|Santo Stefano Roero|San Lorenzo Roero|Morozzo|Margarita|San Giuseppe|Monteu Roero|Vezza D'Alba|Cervere|Sanfre'|Montaldo Roero|Corneliano D'Alba|Trucchi|Montanera|Govone|Genola,44.6761,7.8608,CN
IT,12041,Isola|Isola Di Bene Vagienna|Bene Vagienna,44.5218,7.8155,CN
IT,12042,Bra|Pollenzo|Bandito,44.7024,7.8568,CN
IT,12043,Valpone|Canale,44.7999,8.0076,CN
IT,12044,San Biagio|Roata Chiusani|Centallo,44.4816,7.597,CN
IT,12045,San Sebastiano Della Comunia|Gerbo|Piovani|Maddalene|San Sebastiano|San Vittore|Tagliata|Fossano|Murazzo,44.525,7.6709,CN
IT,12046,San Rocco Monta'|Monta'|San Rocco,44.7862,7.9532,CN
IT,12047,Crava|Rocca De' Baldi,44.4268,7.753,CN
IT,12048,Sommariva Del Bosco,44.7726,7.7818,CN
IT,12049,Trinita',44.739,7.9107,CN
IT,12050,Treiso|Lequio Berria|Torre Bormida|Borgomale|Magliano Alfieri|Arguello|Castagnito|Guarene|Bosia|Cerreto Langhe|Roddino|Cissone|Benevello|Castellinaldo|Sant'Antonio|Cravanzana|Castelrotto|Sant'Antonio Magliano Alfieri|Barbaresco|Montelupo Albese|Niella Belbo|San Benedetto Belbo|Baraccone|Rodello|Serralunga D'Alba|Albaretto Della Torre|Trezzo Tinella|Vaccheria|Castino|Sinio|Feisoglio|Rocchetta Belbo|Neviglie|Serravalle Langhe,44.6425,8.0791,CN
IT,12051,Alba|Mussotto,44.7088,8.0343,CN
IT,12052,Borgonuovo Di Neive|Neive|Borgonovo,44.7178,8.1259,CN
IT,12053,Santuario Tinella|Castiglione Tinella,44.7253,8.1901,CN
IT,12054,Cossano Belbo|Santa Libera,44.6688,8.1986,CN
IT,12055,Valle Talloria|Ricca|Diano D'Alba|San Rocco Cherasca,44.6513,8.0326,CN
IT,12056,Mango|San Donato|San Donato Di Mango,44.6706,8.1533,CN
IT,12058,Valdivilla|Santo Stefano Belbo|Camo,44.7049,8.2033,CN
IT,12060,Lequio Tanaro|Bastia Mondovi'|Murazzano|Ciglie'|Castellino Tanaro|Bonvicino|Madonna Della Neve|Magliano Alpi|Bossolasco|Grinzane Cavour|Belvedere Langhe|Farigliano|Somano|Marsaglia|Niella Tanaro|Clavesana|Barolo|Rocca Ciglie'|Pocapaglia|Novello|Roddi|Castiglione Falletto|Macellai|Gallo|Piozzo|Igliano|Magliano Alpi Sottano|Verduno|Monchiero|Magliano Alpi Soprano|Gallo Di Grinzane,44.5384,7.9463,CN
IT,12061,Carru',44.4797,7.8724,CN
IT,12062,Bricco Favole|Roreto|Cherasco,44.6559,7.8347,CN
IT,12063,Dogliani,44.5333,7.9451,CN
IT,12064,La Morra|Rivalta,44.6507,7.9231,CN
IT,12065,Perno|Monforte D'Alba,44.5978,7.9718,CN
IT,12066,Monticello D'Alba|Borgo,44.7139,7.9524,CN
IT,12068,Narzole,44.5944,7.8676,CN
IT,12069,Villa|Santa Vittoria D'Alba Cinzano|Cinzano|Santa Vittoria D'Alba,44.7077,7.92,CN
IT,12070,Perletto|Gottasecca|Alto|Nucetto|Viola|Sale Delle Langhe|Priero|Bragioli|Priola|Perlo|Sale San Giovanni|Lisio|Montezemolo|Castelletto Uzzone|Scaletta Uzzone|Scagnello|Battifollo|Gorzegno|Mombarcaro|Levice|Caprauna|Torresina|Mombasiglio|Castelnuovo Di Ceva|Paroldo|Pezzolo Valle Uzzone,44.387,8.0806,CN
IT,12072,Camerana,44.424,8.1414,CN
IT,12073,Ceva|Roascio,44.4011,8.025,CN
IT,12074,Bergolo|Cortemilia,44.5641,8.1884,CN
IT,12075,Cerisola|Garessio Borgo Piave|Garessio Borgo Ponte|Trappa|Garessio,44.198,8.0095,CN
IT,12076,Lesegno,44.4011,7.9694,CN
IT,12077,Monesiglio|Prunetto,44.4772,8.1314,CN
IT,12078,Ponte Di Nava|Ormea,44.137,7.8987,CN
IT,12079,Saliceto,44.4133,8.1686,CN
IT,12080,Vicoforte|Torre Mondovi'|Monasterolo Casotto|Pra'|Moline|Briaglia|Pra' Di Roburent|Montaldo Di Mondovi'|Roburent|Pianfei|Monastero Di Vasco|Santuario Di Vicoforte|Le Moline|San Michele Mondovi',44.3351,7.8645,CN
IT,12081,Beinette,44.3639,7.6446,CN
IT,12082,Corsaglia|Bossea|Frabosa Soprana|Fontane,44.2555,7.826,CN
IT,12083,Frabosa Sottana|Gosi Pianvignale|Gosi,44.3194,7.7878,CN
IT,12084,Mondovi'|Pascomonti|Pogliola|Breo|Piazza|Gratteria|Rifreddo Mondovi'|Sant'Anna Avagnina|Breolungi,44.4136,7.8201,CN
IT,12087,Serra|Serra Pamparato|Valcasotto|Pamparato,44.2693,7.9056,CN
IT,12088,Prea Di Roccaforte|Roccaforte Mondovi'|Prea|Lurisia,44.2947,7.7321,CN
IT,12089,Villanova Mondovi',44.348,7.7675,CN
IT,12100,Confreria|Madonna Delle Grazie|Borgo Gesso|San Rocco Castagnaretta|Spinetta|San Pietro Del Gallo|Borgo San Giuseppe|Passatore|Madonna Dell'Olmo|Cuneo|Roata Rossi|San Benigno|Ronchi,44.4466,7.524,CN
IT,28010,Pisano|Soriso|Fontaneto D'Agogna|Briga Novarese|Bogogno|Gargallo|Bolzano Novarese|Boca|Nebbiuno|Cavaglietto|Divignano|Miasino|Cavallirio|Colazza|Cavaglio D'Agogna|Ameno|Agrate Conturbia|Pella|Sologno|Barengo|Alzo|Vaprio D'Agogna|Revislate|Caltignaga,45.6945,8.4856,NO
IT,28011,Armeno|Sovazza|Coiromonte,45.8249,8.4634,NO
IT,28012,Cressa,45.6476,8.5094,NO
IT,28013,Gattico|Veruno,45.698,8.5243,NO
IT,28014,Maggiora,45.6894,8.4223,NO
IT,28015,Momo,45.5742,8.5539,NO
IT,28016,Orta Novarese|Isola San Giulio|Orta San Giulio,45.7968,8.4071,NO
IT,28017,San Maurizio D'Opaglio,45.773,8.396,NO
IT,28019,Suno|Baraggia,45.6475,8.5082,NO
IT,28021,San Marco Di Borgomanero|Vergano Di Borgomanero|Santa Cristina Di Borgomanero|Borgomanero,45.6994,8.4622,NO
IT,28024,Gozzano,45.7427,8.4366,NO
IT,28028,Pratolungo|Pettenasco,45.6901,8.4805,NO
IT,28040,Paruzzaro|Lesa|Marano Ticino|Borgo Ticino|Varallo Pombia|Massino Visconti|Dormelletto|Oleggio Castello|Mezzomerico,45.7203,8.5756,NO
IT,28041,Mercurago|Dagnente|Arona,45.7707,8.5462,NO
IT,28043,Bellinzago Novarese,45.5688,8.6432,NO
IT,28045,Invorio,45.7568,8.4874,NO
IT,28046,Ghevio|Meina,45.7865,8.5201,NO
IT,28047,Oleggio|Fornaci,45.6477,8.5298,NO
IT,28050,Pombia,45.6555,8.6285,NO
IT,28053,Castelletto Sopra Ticino,45.72,8.6336,NO
IT,28060,Mandello Vitta|Cameriano|Casalvolone|San Nazzaro Sesia|Orfengo|Granozzo Con Monticello|Casalbeltrame|Nibbia|Casaleggio Novara|Comignago|Vinzaglio|Granozzo|Sozzago|Castellazzo Novarese|Vicolungo|Recetto|San Pietro Mosezzo|Cureggio|Casalino,45.4592,8.511,NO
IT,28061,Biandrate,45.4527,8.464,NO
IT,28062,Cameri Aeronautica|Cameri,45.5016,8.6624,NO
IT,28064,Sillavengo|Carpignano Sesia|Landiona,45.517,8.4268,NO
IT,28065,Cerano,45.4091,8.7835,NO
IT,28066,Galliate,45.4794,8.6982,NO
IT,28068,Romentino,45.463,8.7181,NO
IT,28069,Trecate,45.434,8.7364,NO
IT,28070,Sizzano|Tornaco|Garbagna Novarese|Terdobbiate|Nibbiola,45.414,8.6332,NO
IT,28071,Borgolavezzaro,45.3192,8.6993,NO
IT,28072,Briona|San Bernardino,45.5304,8.5121,NO
IT,28073,Fara Novarese,45.5544,8.4566,NO
IT,28074,Ghemme,45.5986,8.4201,NO
IT,28075,Grignasco,45.6798,8.3444,NO
IT,28076,Pogno,45.7581,8.3856,NO
IT,28077,Prato Sesia,45.6507,8.3729,NO
IT,28078,Romagnano Sesia,45.6328,8.387,NO
IT,28079,Vespolate,45.3495,8.6688,NO
IT,28100,Sant'Agabio|Olengo|Bicocca Di Novara|Veveri|Novara|Torrion Quartara|Agognate|Pernate|Vignale|Casalgiate|Lumellogno,45.4408,8.616,NO
IT,10010,Chiaverano|Parella|Quassolo|Loranze'|Torre Canavese|Settimo Vittone|Banchette|Barone Canavese|Quincinetto|Albiano D'Ivrea|Villate|Cascinette D'Ivrea|Carema|Gauna|Calea|Perosa Canavese|Azeglio|Candia Canavese|Rueglio|Caravino|Settimo Rottaro|Orio Canavese|Scarmagno|Piverone|Masino|Andrate|Strambinello|Bairo|Cossano Canavese|Nomaglio|Palazzo Canavese|Burolo|Tavagnasco|Mercenasco|Fiorano Canavese|San Martino Canavese|Quagliuzzo|Colleretto Giacosa|Lessolo|Salerano Canavese,45.4428,7.8605,TO
IT,10011,Aglie',45.368,7.768,TO
IT,10012,Bollengo,45.4716,7.9413,TO
IT,10013,Baio Dora|Borgofranco D'Ivrea,45.5114,7.8434,TO
IT,10014,Vallo Di Caluso|Caluso|Rodallo|Are'|Vallo,45.2809,7.8835,TO
IT,10015,San Bernardo D'Ivrea|Torre Balfredo|Ivrea,45.4672,7.8762,TO
IT,10016,Montalto Dora,45.4899,7.8625,TO
IT,10017,Montanaro,45.2327,7.8549,TO
IT,10018,Pavone Canavese,45.4419,7.8529,TO
IT,10019,Cerone|Strambino|Carrone,45.3788,7.8959,TO
IT,10020,Andezeno|Mombello Di Torino|Arignano|Baldissero Torinese|San Sebastiano Da Po|Brusasco|San Pietro|Pecetto Torinese|Cavagnolo|Verrua Savoia|Montaldo Torinese|Marcorengo|Colombaro|Monteu Da Po|Lauriano|Madonna Della Scala|Rivodora|Casalborgone|Marentino|Brozolo|Cambiano|Moriondo Torinese|Pavarolo|Riva Presso Chieri,45.0813,7.9201,TO
IT,10022,Carmagnola|Cavalleri|Fumeri|Borgo Salsasio|San Bernardo Carmagnola|San Michele E Grato,44.8431,7.727,TO
IT,10023,Pessione|Chieri,44.9878,7.8312,TO
IT,10024,Barauda|Moncalieri|Revigliasco|Colle Della Maddalena|Testona|Borgo San Pietro Di Moncalieri|Revigliasco Torinese|Tagliaferro,44.992,7.6893,TO
IT,10025,Pino Torinese,45.0395,7.7771,TO
IT,10026,Santena,44.9462,7.773,TO
IT,10028,Trofarello|Valle Sauglio,44.9824,7.7469,TO
IT,10029,Villastellone,44.922,7.7436,TO
IT,10030,Vestigne'|Tina|Villareggia|Maglione|Rondissone|Vische,45.339,7.9643,TO
IT,10031,Borgomasino,45.362,7.9881,TO
IT,10032,Brandizzo,45.1771,7.8358,TO
IT,10034,Chivasso|Torassi|Boschetto|Castelrosso,45.2084,7.9094,TO
IT,10035,Mazze'|Tonengo Di Mazze'|Casale,45.3241,7.9598,TO
IT,10036,Olimpia|Settimo Torinese,45.1324,7.7503,TO
IT,10037,Torrazza Piemonte,45.2154,7.9767,TO
IT,10038,Casabianca|Verolengo|Borgo Revel,45.2013,7.9795,TO
IT,10039,Alice Superiore|Lugnacco|Pecco,45.4526,7.7796,TO
IT,10040,Caselette|Bivio Cumiana|La Cassa|Osasio|Rivera|Rivarossa|Rivalta Di Torino|Piobesi Torinese|Tedeschi|Rubiana|San Gillio|Givoletto|Milanere|Caprie|Volvera|Gerbole|Lombriasco|Pralormo|Villar Dora|Almese|Zucche|Cumiana|Val Della Torre|Brione|Novaretto|La Loggia|Lombardore|Montelera|Druento|Leini',45.0687,7.5372,TO
IT,10041,Ceretto|Carignano|Ceretto Di Carignano,44.9256,7.583,TO
IT,10042,Nichelino|Stupinigi,44.9978,7.6289,TO
IT,10043,Orbassano,45.0055,7.5381,TO
IT,10044,Pianezza,45.1042,7.55,TO
IT,10045,Piossasco|Garola,44.99,7.4766,TO
IT,10046,Marocchi|Isolabella|Avatanei|Poirino|Favari,44.9187,7.8343,TO
IT,10048,Garino|Vinovo,44.96,7.6249,TO
IT,10050,Borgone Susa|San Giorio|Chiusa Di San Michele|Baratte|San Giorio Di Susa|Moncenisio|Claviere|Zoie|Sauze D'Oulx|Bruzolo|Vernetto|Salice D'Ulzio|Chianocco|San Didero|Coazze|Novalesa|Gravere|Chiomonte|Giaglione|Villar Focchiardo|Exilles|Mattie|Sant'Antonino Di Susa|Venaus|Vaie|Meana Di Susa|Salbertrand,45.1096,7.0928,TO
IT,10051,Drubiaglio|Avigliana|Grangia,45.1059,7.3261,TO
IT,10052,Bardonecchia|Borgonovo Bardonecchia,45.0746,6.6989,TO
IT,10053,Foresto|Bussoleno,45.1421,7.2916,TO
IT,10054,Bousson|Solomiac|Sauze Di Cesana|Cesana Torinese,44.9524,6.8211,TO
IT,10055,Condove,45.1159,7.3086,TO
IT,10056,Beaulard|Oulx,45.0403,6.7964,TO
IT,10057,Sant'Ambrogio Di Torino,45.0962,7.366,TO
IT,10058,Sestriere|Colle Sestriere,44.958,6.8768,TO
IT,10059,Mompantero|San Giuseppe|Susa,45.1437,7.0479,TO
IT,10060,Dubbione|Piscina|Miradolo|Angrogna|Prarostino|Roreto Chisone|Perrero|Prali|Bibiana|Riclaretto|Airasca|Cercenasco|Usseaux|Osasco|Massello|Fenestrelle|Campiglione Fenile|Porte|Buriasco|Lusernetta|San Secondo Di Pinerolo|Garzigliana|Frossasco|Pra' Catinat|Pinasca|Castelnuovo|Castel Del Bosco|Salza Di Pinerolo|Roure|Villar Pellice|San Pietro Val Lemina|Roreto|Inverso Pinasca|Cantalupa|Virle Piemonte|Pancalieri|Viotto|Combalere|Pragelato|None|Castagnole Piemonte|Campiglione|Bobbio Pellice|Villaretto Chisone|Villaretto|Candiolo|Bricherasio|Mentoulles|Scalenghe|Roletto|Rora'|Macello,44.9069,7.2775,TO
IT,10061,Cavour,44.7929,7.3744,TO
IT,10062,Airali|Luserna San Giovanni|Luserna,44.8232,7.2712,TO
IT,10063,Pomaretto|Perosa Argentina,44.9575,7.1865,TO
IT,10064,Pinerolo|Baudenasca|Abbadia Alpina|Riva Di Pinerolo,44.8726,7.3571,TO
IT,10065,San Germano Chisone|Pramollo,44.9051,7.2136,TO
IT,10066,Torre Pellice,44.821,7.2167,TO
IT,10067,Vigone,44.8424,7.4977,TO
IT,10068,Villafranca Piemonte,44.7882,7.5079,TO
IT,10069,Villar Perosa,44.9185,7.2482,TO
IT,10070,Levone|Forno Alpi Graie|Traves|Balangero|Col San Giovanni Di Viu'|Col San Giovanni|La Villa|Grosso|San Carlo Canavese|Corio|Pessinetto|Groscavallo|Fiano|Germagnano|Rocca Canavese|Monasterolo|Mezzenile|Cafasse|Varisella|Mondrone|Viu'|Lemie|Cantoira|Vauda Canavese Superiore|Benne|Vauda Canavese|San Francesco Al Campo|Villanova Canavese|Monasterolo Torinese|Ala Di Stura|Vallo Torinese|Ceres|Front|Bonzo|Coassolo Torinese|Procaria|Monastero Di Lanzo|Usseglio|Chialamberto|Robassomero|Barbania|Balme,45.2778,7.4487,TO
IT,10071,Borgaro Torinese,45.1512,7.6554,TO
IT,10072,Mappano|Caselle Torinese,45.1746,7.6429,TO
IT,10073,Devesi|Cirie',45.2349,7.6013,TO
IT,10074,Lanzo Torinese,45.2766,7.4823,TO
IT,10075,Mathi,45.2552,7.542,TO
IT,10076,San Giovanni|Nole,45.1294,7.4725,TO
IT,10077,Ceretta Di San Maurizio Canavese|Malanghero|San Maurizio Canavese,45.2088,7.6463,TO
IT,10078,Venaria Reale|Altessano,45.1296,7.6407,TO
IT,10080,Salassa|Cintano|Ozegna|Brosso|Casetti|Traversella|Pratiglione|San Ponso|Vistrorio|Valprato Soana|San Colombano Belmonte|Baldissero Canavese|Lusiglie'|Fornolosa|Sparone|Ciconio|Borgiallo|Feletto|Rivara|Rosone|Castelnuovo Nigra|San Benigno Canavese|Colleretto Castelnuovo|Issiglio|Frassinetto|Alpette|Drusacco|Pertusio|Ingria|Canischio|Busano|Bosconero|Vidracco|Ronco Canavese|Locana|Ribordone|Oglianico|Noasca|Chiesanuova|Prascorsano|Ceresole Reale|Villa Castelnuovo,45.4023,7.6331,TO
IT,10081,Castellamonte|Muriaglio|San Giovanni Canavese|Campo Canavese,45.4057,7.7145,TO
IT,10082,Salto Canavese|Cuorgne'|Priacco,45.3998,7.6549,TO
IT,10083,Favria,45.331,7.6883,TO
IT,10084,Forno Canavese,45.3429,7.5895,TO
IT,10085,Pont Canavese,45.399,7.6556,TO
IT,10086,Argentera|Rivarolo Canavese,45.3102,7.7218,TO
IT,10087,Valperga,45.37,7.6612,TO
IT,10088,Volpiano,45.1994,7.7755,TO
IT,10089,Trausella|Vico Canavese|Meugliano,45.4912,7.7738,TO
IT,10090,Bussolino|San Bernardino|Trana|Sangano|San Giorgio Canavese|Rosta|Romano Canavese|Sciolze|Rivalba|Foglizzo|San Raffaele Cimena|Villarbasse|Castagneto Po|Buttigliera Alta|Castiglione Torinese|Cinzano|Montalenghe|Bruino|Villaggio La Quercia|Gassino Torinese|San Giusto Canavese|Piana San Raffaele|Reano|Ferriera|Corbiglia|Vialfre'|Cuceglio,45.1505,7.6861,TO
IT,10091,Alpignano,45.0935,7.5239,TO
IT,10092,Beinasco|Borgaretto,45.0144,7.5921,TO
IT,10093,Collegno|Regina Margherita|Leumann|Savonera|Borgata Paradiso Di Collegno,45.0864,7.5886,TO
IT,10094,Selvaggio|Pontepietra|Valgioie|Giaveno,45.0327,7.2919,TO
IT,10095,Grugliasco|Gerbido|Lesna,45.0546,7.6046,TO
IT,10098,Bruere|Cascine Vica|Rivoli|Tetti Neirotti,45.0621,7.5277,TO
IT,10099,San Mauro Torinese,45.1036,7.768,TO
IT,10100,Torino,45.0705,7.6868,TO
IT,10121,Torino,45.0705,7.6868,TO
IT,10122,Torino,45.0705,7.6868,TO
IT,10123,Torino,45.0705,7.6868,TO
IT,10124,Torino,45.0705,7.6868,TO
IT,10125,Torino,45.0705,7.6868,TO
IT,10126,Torino,45.0705,7.6868,TO
IT,10127,Torino,45.0705,7.6868,TO
IT,10128,Torino,45.0705,7.6868,TO
IT,10129,Torino,45.0705,7.6868,TO
IT,10130,Torino,45.0705,7.6868,TO
IT,10131,Torino,45.0705,7.6868,TO
IT,10132,Torino|Superga,45.0769,7.7268,TO
IT,10133,Torino|Cavoretto,45.051,7.6894,TO
IT,10134,Torino,45.0705,7.6868,TO
IT,10135,Torino,45.0705,7.6868,TO
IT,10136,Torino,45.0705,7.6868,TO
IT,10137,Torino,45.0705,7.6868,TO
IT,10138,Torino,45.0705,7.6868,TO
IT,10139,Torino,45.0705,7.6868,TO
IT,10140,Torino,45.0705,7.6868,TO
IT,10141,Torino,45.0705,7.6868,TO
IT,10142,Torino,45.0705,7.6868,TO
IT,10143,Torino,45.0705,7.6868,TO
IT,10144,Torino,45.0705,7.6868,TO
IT,10145,Torino,45.0705,7.6868,TO
IT,10146,Torino,45.0705,7.6868,TO
IT,10147,Torino,45.0705,7.6868,TO
IT,10148,Torino,45.0705,7.6868,TO
IT,10149,Torino,45.0705,7.6868,TO
IT,10150,Torino,45.0705,7.6868,TO
IT,10151,Torino,45.0705,7.6868,TO
IT,10152,Torino,45.0705,7.6868,TO
IT,10153,Torino,45.0705,7.6868,TO
IT,10154,Torino,45.0705,7.6868,TO
IT,10155,Torino,45.0705,7.6868,TO
IT,10156,Bertolla Barca|Torino|Falchera,45.0936,7.6934,TO
IT,28801,Cossogno,45.9641,8.5096,VB
IT,28802,Albo|Mergozzo,45.9623,8.454,VB
IT,28803,Cuzzago|Premosello Chiovenda,45.9965,8.3697,VB
IT,28804,Bieno|San Bernardino Verbano,45.954,8.5158,VB
IT,28805,Vogogna,46.01,8.2914,VB
IT,28811,Cissano|Arizzano|Cresseglio,45.9555,8.5815,VB
IT,28812,Aurano,46.0004,8.5882,VB
IT,28813,Bee,45.9633,8.5754,VB
IT,28814,Cambiasca,45.9624,8.5446,VB
IT,28815,Caprezzo,45.982,8.5628,VB
IT,28816,Intragna,45.9947,8.5739,VB
IT,28817,Miazzina,45.9757,8.5231,VB
IT,28818,Premeno,45.9782,8.5959,VB
IT,28819,Vignone,45.9612,8.5637,VB
IT,28821,Cannero Riviera,46.022,8.6793,VB
IT,28822,Cannobio,46.0623,8.6963,VB
IT,28823,Ghiffa|Susello|Cargiago,45.953,8.6043,VB
IT,28824,Gonte|Oggebbio,45.993,8.6482,VB
IT,28825,Ponte Di Falmenta,46.0722,8.6033,VB
IT,28826,Trarego Viggiona,46.0317,8.6296,VB
IT,28827,Cursolo Orasso|Falmenta|Cavaglio Spoccia|Airetta,46.0729,8.5929,VB
IT,28828,Gurro,46.085,8.5677,VB
IT,28831,Feriolo|Feriolo Baveno|Baveno,45.923,8.4864,VB
IT,28832,Belgirate,45.8412,8.5706,VB
IT,28833,Brovello Carpugnino,45.8873,8.5208,VB
IT,28836,Vezzo|Gignese,45.8664,8.518,VB
IT,28838,Stresa|Magognino|Binda|Levo|Carciano|Isola Bella,45.8808,8.5405,VB
IT,28841,Antrona Schieranco|Antronapiana,46.0606,8.1149,VB
IT,28842,Bognanco|Fonti|Bognanco Fonti,46.1229,8.2061,VB
IT,28843,Montescheno,46.0666,8.2319,VB
IT,28844,Villadossola,46.0708,8.2671,VB
IT,28845,Domodossola,46.1165,8.2931,VB
IT,28846,Viganella|Seppiana,46.055,8.2051,VB
IT,28851,Beura|Beura Cardezza|Cuzzego,46.0702,8.2919,VB
IT,28852,Vocogno|Craveggia,46.1412,8.4891,VB
IT,28853,Druogno,46.1342,8.4328,VB
IT,28854,Finero|Malesco|Zornasco,46.1173,8.5164,VB
IT,28855,Masera,46.1389,8.3253,VB
IT,28856,Re|Villette,46.1317,8.54,VB
IT,28857,Santa Maria Maggiore,46.1368,8.4611,VB
IT,28858,Toceno,46.1447,8.469,VB
IT,28859,Trontano,46.1225,8.3332,VB
IT,28861,Baceno,46.2606,8.3187,VB
IT,28862,Crodo,46.2173,8.3224,VB
IT,28863,Formazza,46.3769,8.4257,VB
IT,28864,Pontetto|Roldo|Montecrestese,46.156,8.3229,VB
IT,28865,Crevoladossola|Preglia,46.1467,8.2958,VB
IT,28866,Premia|San Rocco,46.2858,8.3531,VB
IT,28868,Trasquera|Iselle|Varzo,46.2087,8.2192,VB
IT,28871,Bannio Anzino,45.9767,8.1259,VB
IT,28873,Castiglione D'Ossola|Calasca Castiglione|Castiglione,46.0225,8.2164,VB
IT,28875,Ceppo Morelli,45.9711,8.0669,VB
IT,28876,Borca Di Macugnaga|Borca|Macugnaga|Pestarena,45.963,7.9892,VB
IT,28877,Ornavasso|Anzola D'Ossola,45.9784,8.3805,VB
IT,28879,San Carlo|Vanzone Con San Carlo,45.988,8.1315,VB
IT,28881,Ramate|Gabbio Con Monte Ossolano|Casale Corte Cerro|Sant'Anna|Cereda|Gabbio,45.956,8.3974,VB
IT,28883,Pedemonte|Granerolo|Gravellona Toce,45.9209,8.4274,VB
IT,28884,Pallanzeno,46.042,8.2595,VB
IT,28885,Piedimulera,46.0241,8.259,VB
IT,28886,Pieve Vergonte,46.013,8.2608,VB
IT,28887,Agrano|Cireggio|Germagno|Bagnella|Crusinallo|Omegna,45.8762,8.4016,VB
IT,28891,Cesara|Nonio,45.8398,8.3727,VB
IT,28893,Loreglia,45.9069,8.3713,VB
IT,28894,Madonna Del Sasso,45.7922,8.3695,VB
IT,28895,Forno Di Omegna|Massiola,45.924,8.3046,VB
IT,28896,Quarna Sotto,45.8692,8.3633,VB
IT,28897,Fornero|Sambughetto|Valstrona|Luzzogno,45.9087,8.3327,VB
IT,28898,Quarna Sopra,45.8731,8.3736,VB
IT,28899,Arola,45.8087,8.3581,VB
IT,28922,Verbania,45.9214,8.5518,VB
IT,13010,Civiasco|Stroppiana|Guardabosone|Motta De' Conti|Caresana|Postua|Villata|Pezzana,45.4303,8.4059,VC
IT,13011,Borgosesia|Isolella|Bettole Sesia,45.7296,8.2668,VC
IT,13012,Prarolo|Borgo Vercelli,45.3192,8.4712,VC
IT,13017,Quarona|Doccio,45.7632,8.2631,VC
IT,13018,Valduggia|Zuccaro,45.7353,8.3364,VC
IT,13019,Morca|Valmaggia|Roccapietra|Varallo,45.813,8.2425,VC
IT,13020,Breia|Sabbia|Balmuccia|Pila|Mollia|Rimella|Rassa|Rossa|Ferrera|Piode|Vocca|Cravagliana|Ca' Di Ianzo,45.8214,8.1447,VC
IT,13021,Riva Valdobbia|Alagna Valsesia,45.8414,7.947,VC
IT,13022,Fervento|Boccioleto,45.8357,8.0975,VC
IT,13023,Campertogno,45.7988,8.0321,VC
IT,13024,Cellio,45.7551,8.3119,VC
IT,13025,Cervatto|Fobello,45.8865,8.1601,VC
IT,13026,Rimasco|Rima San Giuseppe|Carcoforo,45.8844,8.0569,VC
IT,13027,Scopa,45.793,8.114,VC
IT,13028,Scopello,45.7737,8.0943,VC
IT,13030,Collobiano|Albano Vercellese|Pertengo|Villarboit|Rive|Greggio|Oldenico|Casanova Elvo|Caresanablot|Ghislarengo|Formigliana|Quinto Vercellese|San Giacomo Vercellese,45.3967,8.3628,VC
IT,13031,Arborio,45.4959,8.3876,VC
IT,13032,Asigliano Vercellese,45.2615,8.4085,VC
IT,13033,Costanzana,45.2374,8.3694,VC
IT,13034,Lignana|Desana,45.2776,8.3508,VC
IT,13035,Lenta,45.5569,8.384,VC
IT,13036,Ronsecco,45.2528,8.2775,VC
IT,13037,Bornate Sesia|Vintebbio|Serravalle Sesia,45.6717,8.3228,VC
IT,13038,Tricerro,45.2357,8.3275,VC
IT,13039,Trino,45.1954,8.2962,VC
IT,13040,Borgo D'Ale|Moncrivello|Palazzolo Vercellese|Crova|Rovasenda|Saluggia|Buronzo|Sali Vercellese|Alice Castello|Sant'Antonino|Balocco|Salasco|Fontanetto Po|Fornace Crocicchio|Carisio,45.3407,8.1768,VC
IT,13041,Bianze',45.3075,8.122,VC
IT,13043,Cigliano,45.308,8.0232,VC
IT,13044,San Genuario|San Silvestro|Crescentino,45.2021,8.1246,VC
IT,13045,Lozzolo|Gattinara,45.616,8.3437,VC
IT,13046,Lamporo|Livorno Ferraris,45.2568,8.0881,VC
IT,13047,San Germano Vercellese|Olcenengo,45.3572,8.2785,VC
IT,13048,Santhia',45.3679,8.1701,VC
IT,13049,Tronzano Vercellese,45.3423,8.1737,VC
IT,13060,Roasio|Sant'Eusebio|San Maurizio,45.6003,8.2818,VC
IT,13100,Brarola|Lignana|Prarolo|Larizzate|Vercelli|Cappuccini,45.3003,8.4254,VC
IT,70010,Trito|San Marco|Sammichele Di Bari|Turi|Superga|Adelfia|Cellamare|Casamassima|Valenzano|San Pietro|Adelfia Canneto|Adelfia Montrone|Capurso|Locorotondo,40.9645,16.9812,BA
IT,70011,Alberobello|Coreggia,40.7956,17.2499,BA
IT,70013,Castellana Grotte,40.8864,17.1655,BA
IT,70014,Triggianello|Conversano,40.9468,17.141,BA
IT,70015,Lamadacqua|Noci,40.7936,17.1268,BA
IT,70016,Noicattaro|Parchitello|Parco Scizzo,41.0612,16.9921,BA
IT,70017,San Michele In Monte Laureto|San Pietro Piturno|Putignano,40.8471,17.1051,BA
IT,70018,Rutigliano,41.01,17.0056,BA
IT,70019,Triggiano,41.0655,16.925,BA
IT,70020,Bitritto|Bitetto|Cassano Delle Murge|Toritto|Binetto|Poggiorsini,40.9852,16.6643,BA
IT,70021,Acquaviva Delle Fonti,40.897,16.8433,BA
IT,70022,Parisi|Altamura|Curtaniello,40.8491,16.5094,BA
IT,70023,Murgia|Gioia Del Colle,40.7997,16.923,BA
IT,70024,Dolcecanto|Gravina In Puglia|La Murgetta|Murgetta,40.8409,16.3957,BA
IT,70025,Grumo Appula,41.0109,16.7084,BA
IT,70026,Modugno,41.0843,16.7834,BA
IT,70027,Palo Del Colle,41.0556,16.7032,BA
IT,70028,Sannicandro Di Bari,41.0005,16.7971,BA
IT,70029,Santeramo In Colle,40.7924,16.7587,BA
IT,70032,Mariotto|Palombaio|Bitonto,41.0769,16.6206,BA
IT,70033,Corato,41.1517,16.4114,BA
IT,70037,Ruvo Di Puglia,41.1176,16.4842,BA
IT,70038,Terlizzi,41.1291,16.5454,BA
IT,70042,San Maderno|Cozze|Mola Di Bari,41.044,17.0916,BA
IT,70043,Sant'Antonio D'Ascula|Santa Lucia|Lamalunga|Monopoli|Impalata|Antonelli|Gorgofreddo|Cozzana,40.8909,17.2833,BA
IT,70044,Polignano A Mare,40.9922,17.2215,BA
IT,70054,Giovinazzo,41.185,16.6705,BA
IT,70056,Molfetta,41.2004,16.599,BA
IT,70100,Bari,41.1115,16.8554,BA
IT,70121,Bari,41.1115,16.8554,BA
IT,70122,Bari,41.1115,16.8554,BA
IT,70123,San Girolamo|San Cataldo|Fesca|San Francesco Dell'Arena|Stanic|San Paolo|Bari,41.0914,16.8136,BA
IT,70124,Bari|Picone|Poggio Franco,41.1115,16.8554,BA
IT,70125,Carrassi|San Pasquale|Bari,41.0499,16.8177,BA
IT,70126,Mungivacca|Japigia|Bari|Torre A Mare,41.0998,16.9074,BA
IT,70127,Santo Spirito|Bari,41.1391,16.8027,BA
IT,70128,Palese|Bari,41.1307,16.8111,BA
IT,70129,Bari|Loseto|Ceglie Del Campo,41.0679,16.8571,BA
IT,70130,Bari,41.1115,16.8554,BA
IT,70131,Carbonara Di Bari|Bari,41.0891,16.861,BA
IT,70132,Bari,41.1115,16.8554,BA
IT,72012,Serranova|Serranova Di Carovigno|Carovigno,40.6978,17.7287,BR
IT,72013,Ceglie Messapica,40.6462,17.5166,BR
IT,72014,Cisternino|Casalini|Caranna,40.7503,17.4393,BR
IT,72015,Madonna Pozzo Guacito|Pezze Di Greco|Fasano|Lamie Di Olimpie|Stazione Di Fasano|Montalbano|Savelletri|Torre Canne|Selva Di Fasano|Marina Di Savelletri|Selva,40.8259,17.4024,BR
IT,72016,Montalbano Di Fasano|Pozzo Guacito,40.793,17.4665,BR
IT,72017,Ostuni,40.7291,17.5768,BR
IT,72018,San Michele Salentino,40.6316,17.6325,BR
IT,72019,San Vito Dei Normanni,40.6564,17.7081,BR
IT,72020,Erchie|Cellino San Marco|Torchiarolo|Tuturano,40.4839,17.9248,BR
IT,72021,Capece Bax|Capece|Francavilla Fontana,40.5575,17.5734,BR
IT,72022,Latiano,40.5505,17.7186,BR
IT,72023,Mesagne,40.5585,17.8077,BR
IT,72024,Oria|San Cosimo Alla Macchia|San Cosimo,40.5,17.6428,BR
IT,72025,San Donaci,40.4485,17.9225,BR
IT,72026,San Pancrazio Salentino,40.418,17.8342,BR
IT,72027,San Pietro Vernotico,40.4889,17.9975,BR
IT,72028,Torre Santa Susanna,40.4676,17.7386,BR
IT,72029,Villa Castelli,40.5829,17.4747,BR
IT,72100,Brindisi|Brindisi Casale,40.6321,17.9361,BR
IT,76011,Bisceglie,41.2426,16.501,BT
IT,76012,Canosa Di Puglia|Loconia,41.2197,16.1089,BT
IT,76013,Minervino Murge,41.0826,16.0786,BT
IT,76014,Spinazzola,40.964,16.0911,BT
IT,76015,Trinitapoli,41.3565,16.0892,BT
IT,76016,Margherita Di Savoia,41.3717,16.1527,BT
IT,76017,San Ferdinando Di Puglia,41.3026,16.0705,BT
IT,76121,Barletta,41.3143,16.2817,BT
IT,76123,Andria|Montegrosso,41.2028,16.2189,BT
IT,76125,Trani,41.2773,16.4101,BT
IT,71010,San Paolo Di Civitate|Serracapriola|Carpino|Foce Varano|Poggio Imperiale|Ischitella|Ripalta|Rignano Garganico|Cagnano Varano|Lesina|Difensola|Chieuti Scalo|Chieuti|Peschici,41.8271,15.5343,FG
IT,71011,Apricena,41.7863,15.4439,FG
IT,71012,Rodi Garganico,41.9274,15.8822,FG
IT,71013,San Giovanni Rotondo|Matine,41.7064,15.7277,FG
IT,71014,Borgo Celano|San Marco In Lamis,41.7079,15.6478,FG
IT,71015,San Nicandro Garganico,41.8098,15.6221,FG
IT,71016,San Severo,41.6856,15.3815,FG
IT,71017,Torremaggiore|Petrulli,41.6889,15.2941,FG
IT,71018,Vico Del Gargano|Umbra|San Menaio,41.9163,15.9516,FG
IT,71019,Vieste,41.8821,16.1714,FG
IT,71020,Faeto|Castelluccio Valmaggiore|Rocchetta Sant'Antonio Stazione|Panni|Rocchetta Sant'Antonio|Monteleone Di Puglia|Celle Di San Vito|Anzano Di Puglia,41.2295,15.2602,FG
IT,71021,Accadia,41.1577,15.331,FG
IT,71022,Ascoli Satriano|San Carlo D'Ascoli|San Carlo,41.1581,15.6621,FG
IT,71023,Bovino,41.2492,15.3395,FG
IT,71024,Candela,41.136,15.5154,FG
IT,71025,Castelluccio Dei Sauri,41.3046,15.4756,FG
IT,71026,Deliceto,41.2229,15.3845,FG
IT,71027,Orsara Di Puglia,41.2816,15.2676,FG
IT,71028,Sant'Agata Di Puglia,41.1513,15.3797,FG
IT,71029,Borgo Giardinetto|Troia,41.3643,15.3173,FG
IT,71030,Motta Montecorvino|San Marco La Catola|Volturara Appula|Zapponeta|Carlantino|Casalvecchio Di Puglia|Mattinata|Fonterosa|Macchia|Volturino,41.5323,15.0639,FG
IT,71031,Alberona,41.4322,15.123,FG
IT,71032,Berardinone|Biccari,41.4321,15.2342,FG
IT,71033,Casalnuovo Monterotaro,41.6194,15.1041,FG
IT,71034,Castelnuovo Della Daunia,41.5814,15.118,FG
IT,71035,Celenza Valfortore,41.5605,14.979,FG
IT,71036,Lucera|Palmori,41.5055,15.3391,FG
IT,71037,Monte Sant'Angelo,41.5117,15.1161,FG
IT,71038,Pietramontecorvino,41.5423,15.1289,FG
IT,71039,Roseto Valfortore,41.3754,15.0982,FG
IT,71040,San Nicola|San Domino|Ordona|Mezzanone|San Nicola Di Tremiti|Isole Tremiti|Borgata Mezzanone,41.8194,15.569,FG
IT,71041,Carapelle,41.3637,15.6938,FG
IT,71042,Tressanti|Borgo Liberta'|Moschella|La Moschella|Cerignola|Borgo Tressanti,41.2473,15.8302,FG
IT,71043,Manfredonia|Siponto,41.618,15.8948,FG
IT,71045,Orta Nova,41.3288,15.7099,FG
IT,71047,Stornara,41.2867,15.77,FG
IT,71048,Stornarella,41.2559,15.7302,FG
IT,71100,Tavernola|Borgo Cervaro|Borgo Incoronata|Rignano Garganico Scalo|Cervaro|Foggia|Segezia|Incoronata|Arpinova,41.4514,15.5923,FG
IT,71121,Foggia,41.4584,15.5519,FG
IT,71122,Foggia,41.4584,15.5519,FG
IT,73010,Sternatia|Porto Cesareo|Veglie|Galugnano|Dragoni|Surbo|Sogliano Cavour|Villa Baldassarri|San Pietro In Lama|San Donato Di Lecce|Torre Lapillo|Zollino|Riesci|Arnesano|Caprarica Di Lecce|Lequile|Guagnano|Soleto,40.2909,18.1037,LE
IT,73011,Alezio,40.0623,18.0571,LE
IT,73012,Campi Salentina,40.3975,18.0214,LE
IT,73013,Noha|Collemeto|Galatina|Santa Barbara,40.1901,18.1293,LE
IT,73014,Gallipoli,40.0559,17.9909,LE
IT,73015,Salice Salentino,40.3849,17.9613,LE
IT,73016,San Cesario Di Lecce,40.3022,18.161,LE
IT,73017,San Simone|Lido Conchiglie|Sannicola|Chiesanuova,40.1157,18.0777,LE
IT,73018,Squinzano,40.4351,18.0409,LE
IT,73019,Trepuzzi,40.4053,18.0763,LE
IT,73020,Cavallino|Casamassella|Castrignano De' Greci|Cursi|Castromediano|Cannole|Castri Di Lecce|Giurdignano|Carpignano Salentino|Scorrano|San Cassiano|Melpignano|Palmariggi|Cutrofiano|Vitigliano|Nociglia|Botrugno|Serrano|Santa Cesarea Terme|Bagnolo Del Salento|Martignano|Cerfignano|Uggiano La Chiesa,40.1436,18.3355,LE
IT,73021,Calimera,40.2495,18.2798,LE
IT,73022,Corigliano D'Otranto,40.1592,18.256,LE
IT,73023,Merine|Lizzanello,40.3195,18.2233,LE
IT,73024,Morigino|Maglie,40.1313,18.3039,LE
IT,73025,Martano,40.2021,18.3019,LE
IT,73026,Melendugno|San Foca|Roca|Borgagne|Torre Dell'Orso|Rocca Vecchia,40.2754,18.3924,LE
IT,73027,Cocumola|Minervino Di Lecce|Specchia Gallone,40.0812,18.4204,LE
IT,73028,Otranto,40.1479,18.4868,LE
IT,73029,Struda'|Vernole|Pisignano|Acaia|Vanze|Acquarica Di Lecce,40.3139,18.2939,LE
IT,73030,Marittima|Sanarica|Surano|Vignacastrisi|Diso|Tiggiano|Ortelle|Castro Marina|Giuggianello|Montesano Salentino,40.0142,18.3758,LE
IT,73031,Montesardo|Alessano,39.8847,18.336,LE
IT,73032,Castiglione|Andrano,39.9844,18.3662,LE
IT,73033,Corsano,39.8891,18.3675,LE
IT,73034,Gagliano Del Capo|Arigliano|San Dana,39.8506,18.3618,LE
IT,73035,Miggiano,39.9618,18.3112,LE
IT,73036,Muro Leccese,40.1029,18.3367,LE
IT,73037,Poggiardo|Vaste,40.0502,18.3826,LE
IT,73038,Spongano,40.0178,18.3656,LE
IT,73039,Tutino|Caprarica Del Capo|Depressa|Tricase Porto|Sant'Eufemia|Lucugnano|Tricase,39.9344,18.3547,LE
IT,73040,Marina Di Leuca|Alliste|Felline|Melissano|Castrignano Del Capo|Neviano|Supersano|Barbarano Del Capo|Leuca|Aradeo|Morciano Di Leuca|Specchia|Giuliano Di Lecce|Collepasso|Acquarica Del Capo|Salignano,39.937,18.237,LE
IT,73041,Magliano|Carmiano,40.3407,18.0524,LE
IT,73042,Casarano,40.0113,18.1624,LE
IT,73043,Copertino,40.2682,18.0543,LE
IT,73044,Galatone,40.1467,18.0694,LE
IT,73045,Leverano,40.2885,17.9965,LE
IT,73046,Matino,40.0308,18.1363,LE
IT,73047,Monteroni Di Lecce,40.3193,18.0916,LE
IT,73048,Nardo',40.1795,18.0317,LE
IT,73049,Ruffano|Torrepaduli,39.9852,18.2519,LE
IT,73050,Boncore|Ruggiano|Salve|Secli'|Santa Chiara|Santa Caterina|Santa Chiara Di Nardo'|Villaggio Boncore|Santa Maria Al Bagno,40.1471,18.019,LE
IT,73051,Novoli|Villa Convento,40.3767,18.0476,LE
IT,73052,Parabita,40.0514,18.1265,LE
IT,73053,Patu',39.8408,18.3378,LE
IT,73054,Presicce,39.9005,18.2628,LE
IT,73055,Racale,39.9609,18.0915,LE
IT,73056,Taurisano,39.9575,18.215,LE
IT,73057,Taviano,39.9822,18.0815,LE
IT,73058,Tuglie,40.0735,18.0987,LE
IT,73059,Gemini|Ugento,39.9192,18.1729,LE
IT,73100,Lecce|Frigole|San Cataldo|Torre Chianca,40.4089,18.229,LE
IT,74010,Statte,40.5286,17.2012,TA
IT,74011,Marina Di Castellaneta|Castellaneta|Case Perrone|Borgo Perrone,40.5303,16.9349,TA
IT,74012,Crispiano,40.6038,17.2329,TA
IT,74013,Ginosa,40.5769,16.7565,TA
IT,74014,Laterza,40.6288,16.7995,TA
IT,74015,San Paolo|Martina Franca|Specchia Tarantina|Lanzo Di Martina Franca|Carpari,40.6738,17.331,TA
IT,74016,Massafra,40.5862,17.1164,TA
IT,74017,Mottola|San Basilio Mottola,40.6637,17.004,TA
IT,74018,Palagianello,40.6085,16.978,TA
IT,74019,Conca D'Oro|Palagiano,40.5776,17.0381,TA
IT,74020,Maruggio|Faggiano|Roccaforzata|Leporano|Lizzano|Monteparano|Avetrana|Monteiasi|Torricella|San Marzano Di San Giuseppe|Montemesola|Leporano Marina,40.4166,17.4421,TA
IT,74021,Carosino,40.4654,17.3986,TA
IT,74022,Fragagnano,40.4302,17.4755,TA
IT,74023,Grottaglie,40.5369,17.4372,TA
IT,74024,Manduria|Specchiarica|San Pietro In Bevagna|Uggiano Montefusco,40.3496,17.6417,TA
IT,74025,Marina Di Ginosa,40.4283,16.88,TA
IT,74026,Pulsano|Monti D'Arena|Bosco Caggione|Lido Silvana,40.3638,17.3616,TA
IT,74027,San Giorgio Ionico,40.458,17.3803,TA
IT,74028,Sava,40.402,17.5527,TA
IT,74100,Talsano|Taranto|San Vito Taranto|Paolo Vi|Lama,40.448,17.2628,TA
IT,74121,Taranto,40.4644,17.2471,TA
IT,74122,Taranto,40.4644,17.2471,TA
IT,74123,Taranto,40.4644,17.2471,TA
IT,08030,Nurallao|Lixius|Serri|Esterzili|Seulo|Orroli|Sadali|Villanova Tulo|Gergei|Nuragus|Escolca|Belvi|Teti|Gadoni|Austis|Atzara|Meana Sardo|Genoni,39.5138,9.0903,CA
IT,08033,Isili,39.2071,9.1074,CA
IT,08035,Nurri,39.2071,9.1074,CA
IT,08043,Escalaplano,39.2071,9.1074,CA
IT,09010,Forte Village|Vallermosa|Siliqua|Domus De Maria|Decimoputzu|Villaspeciosa|Villa San Pietro|Pula|Uta|Sant'Anna Arresi|Perdaxius|Villamassargia|Buggerru|Giba|Paringianu|San Giovanni Suergiu|Gonnesa|Masainas|Palmas|Terresoli|Fluminimaggiore|Musei|Matzaccara|Rosas|Terraseo|Is Urigus|Villarios|Narcao|Villaperuccio|Portoscuso|Nuraxi Figus|Piscinas|Santadi|Nuxis|Riomurtas|Tratalias,39.1696,8.7095,CA
IT,09012,La Maddalena|Capoterra|San Leone|Poggio Dei Pini,39.1555,8.9852,CA
IT,09018,Villa D'Orri|Sarroch,39.089,9.0094,CA
IT,09019,Teulada,39.2071,9.1074,CA
IT,09020,Ussana|Pimentel|Samatzai|Villamar|Ussaramanna|Villanovaforru|Siddi|Gesturi|Genuri|Turri|Las Plassas|Villanovafranca|Pauli Arbarei|Collinas,39.5746,8.9684,CA
IT,09023,Monastir,39.2071,9.1074,CA
IT,09024,Villagreca|Nuraminis,39.2071,9.1074,CA
IT,09026,San Sperate,39.2071,9.1074,CA
IT,09028,Sestu,39.2985,9.0925,CA
IT,09030,Elmas|Montevecchio|Samassi|Sardara|Pabillonis,39.5029,8.8132,CA
IT,09032,Macchiareddu|Assemini,39.2615,8.988,CA
IT,09033,Decimomannu,39.3103,8.9696,CA
IT,09034,Villasor,39.2071,9.1074,CA
IT,09040,Gesico|Armungia|Silius|Serdiana|Ortacesus|San Vito|San Nicolo' Gerrei|Ballao|Sant'Andrea Frius|Goni|Arixi|Siurgus Donigala|Villaputzu|Suelli|Selegas|Mandas|Santa Maria|Castiadas|Senorbi'|Donori'|Barrali|Guasila|Guamaggiore|Villasalto|Burcei|Soleminis|Sisini|San Basilio|Settimo San Pietro|Maracalagonis|Furtei|Segariu,39.2369,9.1118,CA
IT,09041,Dolianova,39.2071,9.1074,CA
IT,09042,Monserrato,39.2564,9.1444,CA
IT,09043,Muravera,39.2071,9.1074,CA
IT,09044,Quartucciu,39.2526,9.1776,CA
IT,09045,Quartu Sant'Elena|Flumini Di Quartu Sant'Elena,39.2232,9.2672,CA
IT,09047,Su Planu|Selargius,39.2563,9.1349,CA
IT,09048,Sinnai,39.3029,9.2028,CA
IT,09049,Villasimius,39.2071,9.1074,CA
IT,09100,Cagliari,39.2305,9.1192,CA
IT,09121,Cagliari,39.2305,9.1192,CA
IT,09122,Cagliari,39.2305,9.1192,CA
IT,09123,Cagliari,39.2305,9.1192,CA
IT,09124,Cagliari,39.2305,9.1192,CA
IT,09125,Cagliari,39.2305,9.1192,CA
IT,09126,San Bartolomeo|Cala Mosca|Cagliari|Lazzaretto|Poetto,39.2153,9.1392,CA
IT,09127,Cagliari,39.2305,9.1192,CA
IT,09128,Cagliari,39.2305,9.1192,CA
IT,09129,Cagliari,39.2305,9.1192,CA
IT,09130,Cagliari,39.2305,9.1192,CA
IT,09131,Cagliari,39.2305,9.1192,CA
IT,09134,Cagliari|Pirri,39.2383,9.1235,CA
IT,08010,Noragugume|Birori|Lei|Dualchi|Montresta|Suni|Flussio|Magomadas|Sagama|Sa Lumenera|Santa Maria|Tinnura,40.2503,8.6819,NU
IT,08011,Bolotana,40.3244,8.9611,NU
IT,08012,Bortigali|Mulargia,40.2882,8.8165,NU
IT,08015,Macomer,40.2623,8.7673,NU
IT,08016,Borore,40.2158,8.8037,NU
IT,08017,Silanus,40.2871,8.892,NU
IT,08018,Sindia,40.2952,8.6571,NU
IT,08020,Orotelli|Monte Longu|Mamone|Sa Pala Ruia|Sant'Efisio|Su Cossu|Orune|Onani|Brunella|Lodine|Tiana|Ovedi'|Ovodda|Ottana|Berchidda|Gavoi|Onifai|Sarule|Loculi|Posada|Irgoli|Sas Murtas|Lula|Olzai|Torpe'|Lode'|Osidda|Oniferi|Ollolai|S'Ena Sa Chitta|San Giovanni|Su Pradu|Talava'|Concas|Galtelli|Lu Ricciu|Li Teggi|Stazzu Mesu|Lu Tintimbaru|Pira Maseda|Terrapadedda|Li Mori|Tiridduli|Franculacciu|Budditogliu|Lu Muvruneddu|Muvruneddi|Schifoni|Ottiolu|Stazzu Bruciatu|Su Linalvu|Lotturai|Pedra E Cupa|Rinaggiu|Traversa|La Traversa|Lu Sitagliacciu|Lu Cuponeddi|Luddui|San Pietro|Pattimedda|Sitagliacciu|Lu Titimbaru|Strugas|Malamori'|Limpostu|Suaredda|San Lorenzo|Nuragheddu|Tanaunella|L'Alzoni|Lu Impostu|Bircolovo'|Lutturai|Silimini|La Runcina|Maiorca|Capo Coda Cavallo|Lu Fraili|Budoni|Lu Lioni|Solita'|San Gavino|Nuditta|Puntaldia|S'Iscala|Muriscuvo'|Berruiles|Straulas|Limpiddu|Badualga|Agrustos|Tamarispa|Monte Petrosu|Birgalavo'|Luttuni|San Silvestro,40.6482,9.3474,NU
IT,08021,Bitti,40.4796,9.384,NU
IT,08022,Dorgali|Cala Gonone,40.2866,9.6083,NU
IT,08023,Fonni,40.1193,9.2535,NU
IT,08024,Mamoiada,40.2149,9.2819,NU
IT,08025,Oliena|Su Cologone,40.2762,9.4019,NU
IT,08026,Orani,40.252,9.1815,NU
IT,08027,Orgosolo,40.2053,9.3545,NU
IT,08028,Orosei|Sas Linnas Siccas|Cala Liberotto|Cala Ginepro|Sos Alinos,40.4211,9.7546,NU
IT,08029,Su Tilio'|Berchida|Mandras|Sa Perta Ruia|La Caletta|Capo Comino|Siniscola|Sarenargiu|Sa Pischera|Santa Lucia|Ena Sa Chitta|Overì,40.5749,9.7523,NU
IT,08031,Aritzo|Gidilau,39.959,9.1927,NU
IT,08032,Desulo,40.0146,9.2306,NU
IT,08036,Ortueri,40.0355,8.9859,NU
IT,08037,Seui,40.1817,9.3691,NU
IT,08038,Sorgono,40.026,9.102,NU
IT,08039,Tonara,40.0246,9.172,NU
IT,08040,Loceri|Tancau Sul Mare|Cardedu|Ilbono|Taquisara|Ulassai|Triei|Ussassai|Tancau|Talana|Lotzorai|Elini|Gairo|Gairo Sant'Elena|Arzana|Baunei|Osini|S'Arridellu|Santa Maria Navarrese|Urzulei|Ardali|Girasole,39.9267,9.5713,NU
IT,08042,Bari Sardo,39.8414,9.6461,NU
IT,08044,Jerzu,39.7929,9.5179,NU
IT,08045,Lanusei,39.8793,9.5402,NU
IT,08046,Perdasdefogu,39.6796,9.4408,NU
IT,08047,Tertenia|Migheli,39.6952,9.5788,NU
IT,08048,Tortoli'|Su Troccu|Porto Frailis|Is Murdegus|Su Pinu|Calamoresca|Arbatax,39.9304,9.6806,NU
IT,08049,Villagrande Strisaili|Villanova Strisaili,39.9597,9.4869,NU
IT,08100,Manasuddas|Monte Ortobene|Lollove|Nuoro,40.3424,9.3291,NU
IT,08013,Bosa Marina|Bosa|Turas,40.2913,8.4908,OR
IT,08019,Modolo,40.2754,8.53,OR
IT,08034,Laconi|Su Lau|Crastu|Traidodini|Santa Sofia,39.8533,9.052,OR
IT,09070,Siamaggiore|Paulilatino|Domusnovas Canales|Mandriola|Milis|Riola Sardo|Zerfaliu|Narbolia|Bonarcado|Baratili San Pietro|Pardu Nou|Tramatza|San Vero Milis|Norbello|Rocca Tunda|Sa Rocca Tunda|Putzu Idu|Aidomaggiore|Bauladu|Nurachi|Zeddiani|Seneghe,40.0362,8.6161,OR
IT,09071,Abbasanta,40.1281,8.8176,OR
IT,09072,Cabras|Solanas,39.9295,8.5429,OR
IT,09073,Santa Caterina Di Pittinurri|Torre Del Pozzo|Cuglieri|Santa Caterina|S'Archittu,40.1163,8.5119,OR
IT,09074,Ghilarza|Zuri,40.1205,8.8561,OR
IT,09075,San Leonardo|Santu Lussurgiu,40.1594,8.6599,OR
IT,09076,Sedilo,40.1729,8.9199,OR
IT,09077,Solarussa,39.955,8.6739,OR
IT,09078,Sennariolo|Scano Di Montiferro,40.2139,8.5713,OR
IT,09079,Tresnuraghes,40.2524,8.5209,OR
IT,09080,Sorradile|Sant'Antonio Ruinas|Boroneddu|Neoneli|Mogorella|Nughedu Santa Vittoria|Soddi'|Villa Sant'Antonio|Ula' Tirso|Siamanna|Nureci|Senis|Asuni|Siapiccia|Allai|Assolo|Bidoni'|Villaurbana|Tadasuni,39.9675,8.8901,OR
IT,09081,Ardauli,40.0844,8.9123,OR
IT,09082,Busachi,40.0342,8.8885,OR
IT,09083,Fordongianus,39.9944,8.8102,OR
IT,09084,Villanova Truschedu,39.9884,8.7518,OR
IT,09085,Ruinas,39.9063,8.8971,OR
IT,09086,Samugheo,39.9485,8.9415,OR
IT,09088,Simaxis|Ollastra,39.9411,8.712,OR
IT,09090,Simala|Siris|Morgongiori|Gonnosno'|Masullas|Villa Verde|Curcuris|Tiria|Usellus|Gonnoscodina|Baradili|Palmas Arborea|Pau|Baressa|Albagiara|Sini,39.7626,8.8161,OR
IT,09091,Ales,39.7683,8.8152,OR
IT,09092,Arborea,39.7728,8.5813,OR
IT,09093,Gonnostramatza|Pompu,39.7041,8.8146,OR
IT,09094,Sant'Anna|Marrubiu,39.7824,8.6433,OR
IT,09095,Mogoro,39.6842,8.7766,OR
IT,09096,Santa Giusta,39.8807,8.6092,OR
IT,09097,San Nicolo' D'Arcidano,39.6842,8.6436,OR
IT,09098,Terralba|Tanca Marchese,39.7305,8.6211,OR
IT,09099,Uras,39.698,8.7014,OR
IT,09170,Nuraxinieddu|Donigala Fenughedu|Oristano|Sili'|Massama|Torre Grande,39.9221,8.5868,OR
IT,07010,Monteleone Rocca Doria|Anela|Esporlatu|Nule|Illorai|Benetutti|Nughedu San Nicolo'|Ardara|Bottidda|Romana|Tula|Mara|Ittireddu|Bultei|Giave|Foresta Burgos|Cossoine|Semestene|Burgos|Foresta Di Burgos,40.469,8.8983,SS
IT,07011,Bono,40.4139,9.0319,SS
IT,07012,Santa Lucia|Bonorva|Rebeccu,40.4728,8.9172,SS
IT,07013,Mores,40.5474,8.833,SS
IT,07014,Ozieri|San Nicola|Vigne|Chilivani|Fraigas,40.6089,8.9787,SS
IT,07015,Padria,40.3964,8.6299,SS
IT,07016,Pattada,40.5807,9.1113,SS
IT,07017,Ploaghe,40.6707,8.7496,SS
IT,07018,Pozzomaggiore,40.3977,8.6593,SS
IT,07019,Villanova Monteleone,40.5026,8.4711,SS
IT,07020,Telti|Aggius|Porto San Paolo|Monti|Golfo Aranci|Aglientu|Budduso'|Padru|Luogosanto|Ala' Dei Sardi|Vaccileddi|Su Canale|Loiri Porto San Paolo|Palau|San Francesco D'Aglientu|Loiri,40.8833,9.3798,SS
IT,07021,Baia Sardinia|Cannigione|Capo Ferro|Costa Smeralda|Pirazzolu|Arzachena|Cala Di Volpe|Porto Cervo,41.1063,9.475,SS
IT,07022,Berchidda,40.7848,9.1651,SS
IT,07023,Calangianus,40.9203,9.1934,SS
IT,07024,Moneta|Isola Di Caprera|La Maddalena,41.2142,9.4083,SS
IT,07025,Luras,40.9364,9.1748,SS
IT,07026,San Pantaleo|Olbia|Porto Rotondo|Berchiddeddu,40.9547,9.4924,SS
IT,07027,Oschiri,40.7198,9.101,SS
IT,07028,San Pasquale|Santa Teresa Gallura,41.2032,9.234,SS
IT,07029,Tempio Pausania|Bassacutena|Nuchis,40.9767,9.1731,SS
IT,07030,Bortigiadas|Chiaramonti|Tergu|Sant'Antonio Di Gallura|Martis|Florinas|Santa Maria Coghinas|Viddalba|Muros|Badesi|Erula|Bulzi|Laerru|Cargeghe,40.8222,8.8454,SS
IT,07031,Castelsardo|Lu Bagnu,40.9072,8.7001,SS
IT,07032,Nulvi,40.7845,8.7436,SS
IT,07033,Santa Vittoria|Osilo,40.7584,8.6706,SS
IT,07034,Perfugas,40.8323,8.8835,SS
IT,07035,Sedini,40.8528,8.8167,SS
IT,07036,Sennori,40.7878,8.5929,SS
IT,07037,Sorso|Platamona,40.8087,8.5218,SS
IT,07038,Lu Colbu|Trinita' D'Agultu E Vignola,40.8327,8.7817,SS
IT,07039,Valledoria|La Muddizza|Codaruina,40.9224,8.8162,SS
IT,07040,Banari|Siligo|Campanedda|Uri|Biancareddu|Argentiera|Cheremule|Borutta|Olmedo|Palmadula|Putifigari|Bessude|Rumanedda|Tottubella|Tissi|La Corte|Canaglia|Argentiera Nurra|Codrongianos|Stintino,40.6741,8.4483,SS
IT,07041,Fertilia|Maristella Porto Conte|Santa Maria La Palma|Tramariglio|Alghero,40.6002,8.2517,SS
IT,07043,Bonnanaro,40.5326,8.7639,SS
IT,07044,Ittiri,40.5915,8.5698,SS
IT,07045,Ossi,40.6748,8.5925,SS
IT,07046,Porto Torres|Asinara Cala D'Oliva|Cala Reale|Asinara Lazzaretto,40.8338,8.4053,SS
IT,07047,Thiesi,40.524,8.72,SS
IT,07048,Torralba,40.513,8.7653,SS
IT,07049,Usini,40.6642,8.5392,SS
IT,07100,Sassari|Bancali|San Giovanni|Li Punti|Macciadosa|Ottava|La Landrigga,40.7694,8.5371,SS
IT,09011,Calasetta|Cussorgia,39.1035,8.384,SU
IT,09013,Barbusi|Bacu Abis|Sirai|Serbariu|Cortoghiana|Carbonia,39.1939,8.4993,SU
IT,09014,Carloforte,39.1408,8.3039,SU
IT,09015,Domusnovas,39.324,8.6492,SU
IT,09016,Nebida|Iglesias|San Benedetto|Monteponi|Bindua,39.3165,8.4999,SU
IT,09017,Sant'Antioco,39.0702,8.4524,SU
IT,09021,Barumini,39.7022,9.0034,SU
IT,09022,Lunamatrona,39.6494,8.8997,SU
IT,09025,Sanluri Stato|Sanluri,39.5618,8.8997,SU
IT,09027,Serrenti,39.4928,8.9766,SU
IT,09029,Setzu|Tuili,39.7189,8.95,SU
IT,09031,Sant'Antonio Di Santadi|Ingurtosu|Arbus|Gennamari,39.5862,8.5319,SU
IT,09035,Gonnosfanadiga,39.4943,8.662,SU
IT,09036,Guspini,39.5395,8.635,SU
IT,09037,San Gavino Monreale,39.5501,8.7907,SU
IT,09038,Serramanna,39.4234,8.9224,SU
IT,09039,Villacidro,39.4573,8.7411,SU
IT,92010,Lampedusa|Burgio|Calamonaci|Siculiana|Sant'Anna Di Caltabellotta|Sant'Anna|Bivona|Lucca Sicula|Caltabellotta|Montallegro|Linosa|Joppolo Giancaxio|Montevago|Realmonte|Alessandria Della Rocca|Lampedusa E Linosa,37.516,13.3265,AG
IT,92011,Cattolica Eraclea,37.4407,13.3926,AG
IT,92012,Cianciana,37.519,13.4335,AG
IT,92013,Menfi,37.6041,12.9689,AG
IT,92014,Porto Empedocle,37.2894,13.5249,AG
IT,92015,Raffadali,37.4021,13.5318,AG
IT,92016,Borgo Bonsignore|Ribera,37.4597,13.2679,AG
IT,92017,Sambuca Di Sicilia,37.6529,13.1146,AG
IT,92018,Santa Margherita Di Belice,37.6928,13.0158,AG
IT,92019,Sciacca,37.5069,13.084,AG
IT,92020,San Biagio Platani|Villafranca Sicula|Racalmuto|Sant'Angelo Muxaro|San Giovanni Gemini|Santa Elisabetta|Santo Stefano Quisquina|Palma Di Montechiaro|Comitini|Grotte|Camastra|Castrofilippo,37.4395,13.6195,AG
IT,92021,Caldare|Aragona,37.3904,13.6282,AG
IT,92022,Cammarata|Borgo Callea,37.6336,13.6272,AG
IT,92023,Campobello Di Licata,37.2576,13.9181,AG
IT,92024,Canicatti',37.3584,13.8479,AG
IT,92025,Casteltermini|Zolfare|Casteltermini Zolfare,37.5387,13.646,AG
IT,92026,Favara,37.3175,13.6623,AG
IT,92027,Licata,37.1027,13.9397,AG
IT,92028,Naro,37.2925,13.7934,AG
IT,92029,Campobello Ravanusa Stazione|Ravanusa,37.2666,13.9683,AG
IT,92100,Villaggio Mose'|Borgo La Loggia|Villaseta|Agrigento|Montaperto|San Leone Mose'|Giardina Gallotti,37.3045,13.5672,AG
IT,93010,Milena|Bompensiere|Villalba|Vallelunga Pratameno|Serradifalco|Campofranco|Acquaviva Platani|Delia|Montedoro|Resuttano|Marianopoli|Sutera,37.536,13.8259,CL
IT,93011,Butera,37.191,14.1823,CL
IT,93012,Gela,37.0738,14.2404,CL
IT,93013,Mazzarino,37.3019,14.2096,CL
IT,93014,Polizzello|Mussomeli,37.5904,13.7927,CL
IT,93015,Niscemi,37.1465,14.3938,CL
IT,93016,Riesi,37.2808,14.0832,CL
IT,93017,San Cataldo,37.4841,13.9854,CL
IT,93018,Santa Caterina Villarmosa,37.5903,14.0355,CL
IT,93019,Trabia Miniere|Sommatino,37.3347,13.9974,CL
IT,93100,Favarella|Villaggio Santa Barbara|Borgo Petilia|Caltanissetta,37.4504,14.1111,CL
IT,95010,Fornazzo|Dagala Del Re|Linera|Milo|Sant'Alfio|Santa Venerina,37.7118,15.1286,CT
IT,95011,Calatabiano|Pasteria,37.8153,15.2294,CT
IT,95012,Verzella|Mitogio|Passopisciaro|Castiglione Di Sicilia|Solicchiata,37.873,15.0976,CT
IT,95013,Fiumefreddo Di Sicilia,37.7915,15.2092,CT
IT,95014,San Giovanni Montebello|Giarre|Altarello|Carruba|Trepunti|San Giovanni|San Leonardello|Macchia Di Giarre,37.7111,15.1766,CT
IT,95015,Linguaglossa,37.8424,15.1377,CT
IT,95016,Puntalazzo|Mascali|Santa Venera|Carrabba|Portosalvo|Nunziata,37.7655,15.1708,CT
IT,95017,Piedimonte Etneo|Vena|Presa,37.7982,15.153,CT
IT,95018,Torre Archirafi|Riposto,37.7212,15.2111,CT
IT,95019,Zafferana Etnea|Fleri|Sarro|Pisano Etneo,37.6645,15.1022,CT
IT,95020,Aci Bonaccorsi,37.5964,15.1072,CT
IT,95021,Aci Trezza|Ficarazzi|Cannizzaro|Aci Castello,37.6353,15.1524,CT
IT,95022,Vampolieri|Nizzeti|Aci Catena|San Nicolo'|Aci San Filippo|Eremo Sant'Anna,37.5893,15.1391,CT
IT,95024,Stazzo|Acireale|Santa Tecla Di Acireale|Pennisi|Aci Platani|Guardia|Santa Maria Degli Ammalati|Santa Maria La Scala|Piano D'Api|Scillichenti|Pozzillo|Mangano,37.6158,15.109,CT
IT,95025,Aci Sant'Antonio|Lavina|Monterosso Etneo|Santa Maria La Stella|Monterosso|Lavinaio,37.6281,15.1099,CT
IT,95027,San Gregorio Di Catania|Cerza,37.5553,15.1082,CT
IT,95028,Valverde,37.577,15.1242,CT
IT,95029,Viagrande,37.6103,15.0979,CT
IT,95030,Nicolosi|Sant'Agata Li Battiati|San Pietro Clarenza|Pedara|Tremestieri Etneo|Mascalucia|Canalicchio|Maniace|Ragalna|Gravina Di Catania,37.6131,15.022,CT
IT,95031,Adrano,37.6636,14.8328,CT
IT,95032,Belpasso|Borrello Di Catania|Piano Tavola|Villaggio Le Ginestre|Villaggio Del Pino|Palazzolo,37.5699,14.9811,CT
IT,95033,Biancavilla,37.6444,14.8668,CT
IT,95034,Bronte,37.7886,14.8338,CT
IT,95035,Maletto,37.8291,14.864,CT
IT,95036,Calderara|Randazzo,37.8774,14.9501,CT
IT,95037,Trappeto|San Giovanni La Punta,37.5712,15.0922,CT
IT,95038,Santa Maria Di Licodia,37.6168,14.8934,CT
IT,95039,Trecastagni,37.6154,15.078,CT
IT,95040,Libertinia|Motta Sant'Anastasia|Giumarra|Licodia Eubea|Raddusa|Carrubbo|Castel Di Iudica|Mazzarrone|San Michele Di Ganzaria|San Cono|Camporotondo Etneo|Cinquegrana|Ramacca|Mirabella Imbaccari,37.3964,14.6344,CT
IT,95041,Caltagirone|Granieri|San Pietro Di Caltagirone|Santo Pietro,37.1426,14.5219,CT
IT,95042,Grammichele,37.2133,14.6331,CT
IT,95043,Militello In Val Di Catania,37.2759,14.7934,CT
IT,95044,Borgo Lupo|Mineo,37.3035,14.6602,CT
IT,95045,Misterbianco|San Nullo,37.5219,15.031,CT
IT,95046,Palagonia,37.3296,14.7447,CT
IT,95047,Paterno'|Sferro,37.5343,14.8488,CT
IT,95048,Scordia,37.2955,14.8406,CT
IT,95049,Vizzini,37.1619,14.7571,CT
IT,95100,Catania,37.4922,15.0704,CT
IT,95121,Santa Maria Goretti|Zia Lisa|Catania|San Giuseppe Alla Rena|Fontanarossa Aereoporto|San Teodoro|San Giorgio,37.6222,14.9033,CT
IT,95122,Nesima Superiore|Acquicella|Catania|Nesima Inferiore,37.4922,15.0704,CT
IT,95123,Catania|Cibali|San Nullo,37.5115,15.0633,CT
IT,95124,Catania,37.4922,15.0704,CT
IT,95125,Catania|Canalicchio|Barriera Del Bosco,37.5166,15.0834,CT
IT,95126,Ognina|Catania,37.5023,14.95,CT
IT,95127,Picanello|Catania,37.4922,15.0704,CT
IT,95128,Catania,37.4922,15.0704,CT
IT,95129,Catania,37.4922,15.0704,CT
IT,95130,Catania,37.4922,15.0704,CT
IT,95131,Catania,37.4922,15.0704,CT
IT,94010,Cacchiamo|Calascibetta|Borgo Baccarato|San Giorgio|Assoro|Gagliano Castelferrato|Cerami|Aidone|Nissoria|Villapriolo|Villarosa|Centuripe|Sperlinga|Catenanuova,37.6384,14.4209,EN
IT,94011,Agira,37.6558,14.5197,EN
IT,94012,Barrafranca,37.3785,14.2027,EN
IT,94013,Leonforte,37.642,14.3977,EN
IT,94014,Nicosia|Villadoro|San Giacomo,37.6735,14.3608,EN
IT,94015,Grottacalda|Piazza Armerina,37.3842,14.3692,EN
IT,94016,Pietraperzia,37.4185,14.1374,EN
IT,94017,Regalbuto,37.6519,14.6391,EN
IT,94018,Troina,37.7844,14.5961,EN
IT,94019,Valguarnera Caropepe,37.4953,14.3903,EN
IT,94100,Enna|Borgo Cascino|Pergusa,37.5287,14.2602,EN
IT,98020,Mandanici|Pagliara|Locadi|Ali'|Rocchenere,37.9958,15.3624,ME
IT,98021,Ali' Terme,38.0051,15.4227,ME
IT,98022,Fiumedinisi,38.026,15.381,ME
IT,98023,Furci Siculo,37.9616,15.3776,ME
IT,98025,Itala|Itala Marina,38.0441,15.4449,ME
IT,98026,Nizza Di Sicilia,37.9908,15.4096,ME
IT,98027,Roccalumera|Allume|Sciglio,37.9843,15.3903,ME
IT,98028,Misserio|Barracca|Santa Teresa Di Riva,37.9627,15.3406,ME
IT,98029,Scaletta Zanclea|Guidomandri Marina|Guidomandri|Guidomandri Superiore,38.0468,15.4594,ME
IT,98030,Floresta|Gaggi|Castelmola|Mongiuffi|Roccella Valdemone|Limina|Moio Alcantara|Roccafiorita|Mongiuffi Melia|San Teodoro|Motta Camastra|Sant'Alessio Siculo|Melia|Malvagna|Antillo|Forza D'Agro'|Santa Domenica Vittoria|Gallodoro,37.9124,15.1534,ME
IT,98031,Capizzi,37.8479,14.4798,ME
IT,98032,Misitano Inferiore|Misitano|Casalvecchio Siculo|Misitano Superiore,37.9772,15.2869,ME
IT,98033,Cesaro',37.8448,14.7131,ME
IT,98034,Francavilla Di Sicilia,37.902,15.1382,ME
IT,98035,Giardini Naxos|Naxos|Pallio,37.8211,15.2532,ME
IT,98036,Graniti,37.8899,15.2246,ME
IT,98037,Letojanni,37.8805,15.3073,ME
IT,98038,Rina|Savoca,37.9479,15.337,ME
IT,98039,Chianchitta|Trappitello|Taormina|Mazzeo|Mazzaro',37.8531,15.2853,ME
IT,98040,Gualtieri Sicamino'|Venetico Marina|Fondachello|Torregrotta|Roccavaldina|Soccorso|Condro'|Scala Di Torregrotta|Meri'|Valdina|Venetico|Venetico Superiore,38.1877,15.3438,ME
IT,98041,Pellegrino|Monforte Marina|Monforte San Giorgio,38.1681,15.3708,ME
IT,98042,Pace Del Mela|Giammoro,38.1919,15.3065,ME
IT,98043,Sant'Andrea|Rometta Marea|Gimello|Rometta,38.1936,15.4172,ME
IT,98044,Cattafi|Corriolo|San Filippo Del Mela|Archi|Olivarella,38.1787,15.2702,ME
IT,98045,San Pier Marina|San Pier Niceto,38.1802,15.3378,ME
IT,98046,Santa Lucia Del Mela,38.1441,15.2806,ME
IT,98047,Scarcelli|Saponara|Cavaliere|Saponara Marittima,38.2114,15.4314,ME
IT,98048,San Martino|Spadafora|San Martino Spadafora,38.212,15.388,ME
IT,98049,Villafranca Tirrena|Calvaruso|Divieto|Serro,38.1739,15.2914,ME
IT,98050,Vulcano|Malfa|Filicudi|Terme Vigliatore|Vigliatore|Fondachelli Fantina|Panarea|Filicudi Porto|Lingua|Ginostra|Ginostra Di Lipari|Alicudi|Rubino|Castroreale Terme|Alicudi Porto|Fantina|Santa Marina Salina|Pecorini A Mare|Leni|Stromboli|Vulcano Porto|Evangelisti,38.5192,14.9976,ME
IT,98051,San Paolo|Gala|La Gala|Sant'Antonino Convento|Caldera'|Barcellona Pozzo Di Gotto|Cannistra'|Sant'Antonio|Porto Salvo|Pozzo Di Gotto|Acquaficara,38.134,15.1872,ME
IT,98053,Bafia|Castroreale|Protonotaro,38.098,15.2026,ME
IT,98054,Furnari|Tonnarella,38.1149,15.1185,ME
IT,98055,Canneto Lipari|Quattropani|Canneto|Pianoconte|Acquacalda|Lipari,38.4919,14.9441,ME
IT,98056,Mazzarra' Sant'Andrea,38.0897,15.1354,ME
IT,98057,Milazzo|San Pietro Di Milazzo|Santa Marina Di Milazzo,38.2017,15.2368,ME
IT,98058,San Basilio Di Novara Di Sicilia|Novara Di Sicilia,38.0125,15.1176,ME
IT,98059,Milici|Rodi' Milici,38.0835,15.1688,ME
IT,98060,Belvedere|Salina'|Piraino|Montagnareale|San Lorenzitto|Basico'|Tripi|Fiumara Di Piraino|Campogrande|Oliveri|Gliaca|Cavallo Pastorio|Ucria|San Silvestro|Sant'Angelo Di Brolo|Falcone|Santa Maria Lo Piano,38.1077,14.9571,ME
IT,98061,Brolo,38.1562,14.828,ME
IT,98062,Ficarra,38.1085,14.8299,ME
IT,98063,Magaro|San Giorgio|Gioiosa Marea,38.171,14.9238,ME
IT,98064,Nasidi|Librizzi|Colla Maffone,38.0905,14.9656,ME
IT,98065,Santa Barbara|Braidi|Montalbano Elicona,38.0458,15.0217,ME
IT,98066,Patti|Mongiove|Case Nuove Russo|San Cosimo|Tindari|Marina Di Patti|Scala,38.1356,15.0097,ME
IT,98067,Zappa|Raccuja|Fondachello Di Raccuja,38.0452,14.9098,ME
IT,98068,Tesoriero|Fiumara|San Piero Patti,38.0464,14.9766,ME
IT,98069,Sinagra,38.0819,14.8501,ME
IT,98070,Reitano|Galati Mamertino|Capri Leone|San Marco D'Alunzio|Alcara Li Fusi|Rocca Di Capri Leone|Torrenova|Mirto|Militello Rosmarino|Acquedolci|San Salvatore Di Fitalia|Longi|Castel Di Lucio|Motta D'Affermo|Torremuzza|San Basilio|Frazzano'|Sfaranda|Castell'Umberto|Pettineo,38.0387,14.6593,ME
IT,98071,Piana Di Capo D'Orlando|Scafa|Capo D'Orlando,38.1468,14.7559,ME
IT,98072,Caronia|Marina Di Caronia|Canneto Di Caronia,38.0269,14.424,ME
IT,98073,Mistretta,37.9282,14.3578,ME
IT,98074,Cresta|Malo'|Naso,38.1233,14.768,ME
IT,98075,San Fratello,38.0156,14.5982,ME
IT,98076,Torrecandele|Sant'Agata Di Militello|Vallebruca,38.0561,14.6398,ME
IT,98077,Santo Stefano Di Camastra,38.013,14.3514,ME
IT,98078,Moira|Grazia|Sceti|Tortorici|Ilombati|Sant'Antonino Sciortino,38.0282,14.8262,ME
IT,98079,Castel Di Tusa|Tusa,37.9964,14.2469,ME
IT,98100,Messina,38.1939,15.5526,ME
IT,98121,Messina,38.1939,15.5526,ME
IT,98122,Messina,38.1939,15.5526,ME
IT,98123,Messina,38.1939,15.5526,ME
IT,98124,Gazzi|Messina,38.1803,15.5513,ME
IT,98125,Contesse|Messina,38.1902,15.5502,ME
IT,98126,Messina|Santa Lucia Sopra Contesse,38.1939,15.5526,ME
IT,98127,Zafferia|Messina,38.1902,15.5502,ME
IT,98128,Tremestieri|Messina,38.1902,15.5502,ME
IT,98129,Larderia|Messina,38.1675,15.5278,ME
IT,98130,Messina,38.1939,15.5526,ME
IT,98131,Messina|Mili Marina,38.1553,15.5346,ME
IT,98132,Mili Marina|Messina|Mili San Marco,38.1424,15.5231,ME
IT,98133,Mili Superiore|Messina,38.1667,15.5341,ME
IT,98134,Messina|Galati Marina,38.147,15.5263,ME
IT,98135,Santa Margherita|Messina|Santo Stefano Medio,38.0527,15.4483,ME
IT,98136,Santo Stefano Medio|Messina,38.1939,15.5526,ME
IT,98137,Messina|Santo Stefano Di Briga,38.147,15.5179,ME
IT,98138,Pezzolo|Messina,38.1396,15.5055,ME
IT,98139,Briga Marina|Briga|San Placido Calonero'|Messina,38.1362,15.5127,ME
IT,98140,Messina,38.1939,15.5526,ME
IT,98141,Giampilieri Marina|Messina,38.1872,15.538,ME
IT,98142,Messina|Giampilieri|San Filippo Inferiore,38.1416,15.5111,ME
IT,98143,Molino|Messina|Altolia,38.1149,15.4846,ME
IT,98144,Messina|San Filippo,38.2368,15.5289,ME
IT,98145,San Filippo|Bordonaro|Messina,38.2189,15.5248,ME
IT,98146,Messina|Cumia|Santo,38.1836,15.5298,ME
IT,98147,Messina|Villaggio Aldisio,38.1872,15.538,ME
IT,98148,Messina|Santo,38.1886,15.543,ME
IT,98149,Messina|Camaro Inferiore|Camaro|Cataratti,38.1928,15.5318,ME
IT,98150,Messina,38.1939,15.5526,ME
IT,98151,Camaro|Messina,38.197,15.5346,ME
IT,98152,Messina|San Michele|Scala Ritiro,38.1497,15.3431,ME
IT,98153,Messina|Gesso,38.2146,15.5107,ME
IT,98154,Salice Calabro|Salice|Messina,38.2219,15.5242,ME
IT,98155,Messina|Castanea Delle Furie|Castanea,38.239,15.5321,ME
IT,98156,Messina|Massa San Giorgio,38.2341,15.5447,ME
IT,98157,Massa Santa Lucia|Messina|Massa San Giovanni,38.243,15.5487,ME
IT,98158,Messina|Faro Superiore,38.2309,15.5677,ME
IT,98159,Messina|Liuzzo Orto,38.2244,15.5054,ME
IT,98160,Messina,38.1939,15.5526,ME
IT,98161,Rodia|Messina,38.2336,15.5191,ME
IT,98162,San Saba|Messina,38.2069,15.5551,ME
IT,98163,Messina|Sparta',38.2438,15.5438,ME
IT,98164,Messina|Lido Di Mortelle|Torre Faro,38.2303,15.6013,ME
IT,98165,Messina|Ganzirri,38.2069,15.5551,ME
IT,98166,Messina|Sant'Agata,38.2241,15.5763,ME
IT,98167,Messina|Pace,38.2069,15.5551,ME
IT,98168,Pace|Contemplazione|Villaggio Annunziata|Messina|Villaggio Paradiso,38.1991,15.5536,ME
IT,90010,Borrello Di San Mauro Castelverde|Ficarazzi|Altavilla Milicia|Geraci Siculo|Lascari|Lascari Scalo|Torre Normanna|Isnello|Ustica|Cerda|Campofelice Di Roccella|San Mauro Castelverde|Finale|Pollina|Gratteri,37.975,13.9342,PA
IT,90011,Bagheria|Aspra,38.0919,13.5071,PA
IT,90012,San Giovanni Li Greci|Sambuchi|Caccamo,37.9017,13.6525,PA
IT,90013,Castelbuono,37.9253,14.0867,PA
IT,90014,Casteldaccia,38.0512,13.5304,PA
IT,90015,Gibilmanna|Sant'Ambrogio|Cefalu',38.0146,14.0429,PA
IT,90016,Collesano,37.9181,13.937,PA
IT,90017,Sant'Elia|Santa Flavia|Porticello,38.0957,13.5353,PA
IT,90018,Termini Imerese|Danigarci,37.9823,13.6973,PA
IT,90019,San Nicolo' L'Arena|Trabia,38.0042,13.6339,PA
IT,90020,Locati|Regalgioffoli|Aliminusa|Sclafani Bagni|Scillato|Castellana Sicula|Nociazzi Inferiore|Bompietro|Sciara|Nociazzi|Calcarelli|Roccapalumba|Baucina|Ventimiglia Di Sicilia|Alimena|Blufi|Montemaggiore Belsito|Vicari,37.819,13.8523,PA
IT,90021,Alia,37.7787,13.7139,PA
IT,90022,Caltavuturo,37.8204,13.8916,PA
IT,90023,Ciminna,37.8976,13.5597,PA
IT,90024,Gangi,37.7957,14.2044,PA
IT,90025,Lercara Friddi,37.7466,13.6039,PA
IT,90026,Pianello Di Petralia Sottana|Pianello|Petralia Soprana|Raffo|Fasano',37.7871,14.1124,PA
IT,90027,Petralia Sottana,37.8092,14.0929,PA
IT,90028,Polizzi Generosa,37.8116,14.0027,PA
IT,90029,Valledolmo,37.747,13.8281,PA
IT,90030,Giuliana|Campofiorito|Godrano|Santa Cristina Gela|Cefala' Diana|Altofonte|Mezzojuso|Villafrati|Bolognetta|Castronuovo Di Sicilia|Contessa Entellina|Blandino|Palazzo Adriano|Piano Maglio|Campofelice Di Fitalia,37.8699,13.3798,PA
IT,90031,Belmonte Mezzagno,38.0465,13.3921,PA
IT,90032,Bisacquino,37.7035,13.2605,PA
IT,90033,San Carlo|Chiusa Sclafani,37.6506,13.2619,PA
IT,90034,Corleone|Ficuzza,37.8492,13.3386,PA
IT,90035,Marineo,37.9519,13.4178,PA
IT,90036,Portella Di Mare|Misilmeri,38.0524,13.455,PA
IT,90037,Piana Degli Albanesi,37.9937,13.2846,PA
IT,90038,Prizzi|Filaga,37.7071,13.451,PA
IT,90039,Villabate,38.0779,13.4428,PA
IT,90040,Trappeto|Roccamena|Isola Delle Femmine|Giardinello|Grisi'|San Cipirello|Montelepre|Capaci|Cortiglia|Torretta,38.058,13.1677,PA
IT,90041,Balestrate|Foce,38.0512,13.0072,PA
IT,90042,Borgetto,38.0466,13.1407,PA
IT,90043,Camporeale,37.8861,13.1011,PA
IT,90044,Carini|Villagrazia Di Carini,38.1471,13.1759,PA
IT,90045,Cinisi|Punta Raisi Aeroporto,38.1608,13.101,PA
IT,90046,Poggio San Francesco|Villa Ciambra|Pioppo|Monreale|Malpasso|San Martino Delle Scale,38.0049,13.3415,PA
IT,90047,Partinico,38.0466,13.1179,PA
IT,90048,San Giuseppe Jato,37.9733,13.1889,PA
IT,90049,Terrasini|Citta' Del Mare,38.1234,13.079,PA
IT,90100,Palermo,38.1321,13.3356,PA
IT,90121,In Via Messina Marine|Brancaccio Ciaculli|Palermo|In Via Ammiraglio Cristodulo|Acqua Dei Corsari|Boccadifalco,38.116,13.3178,PA
IT,90122,Roccella Guarnaschelli|Palermo,38.1321,13.3356,PA
IT,90123,Palermo|Settecannoli,38.1321,13.3356,PA
IT,90124,Brancaccio Ciaculli|In Via Chiavelli|In Via Brancaccio|In Via Santa Maria Di Gesu'|Palermo,38.1321,13.3356,PA
IT,90125,Palermo|In Via Aloi,38.1321,13.3356,PA
IT,90126,Mezzomonreale Boccadifalco|Palermo,38.1321,13.3356,PA
IT,90127,Palermo,38.1321,13.3356,PA
IT,90128,Palermo,38.1321,13.3356,PA
IT,90129,Palermo,38.1321,13.3356,PA
IT,90131,Rocca Monreale|Palermo,38.1321,13.3356,PA
IT,90132,Palermo,38.1321,13.3356,PA
IT,90133,Tribunali Castellammare|Palermo,38.1321,13.3356,PA
IT,90134,Zisa|In Via Gioiamia|Palermo,38.1321,13.3356,PA
IT,90135,Palermo|Zisa,38.1321,13.3356,PA
IT,90136,Palermo,38.1321,13.3356,PA
IT,90137,Palermo,38.1321,13.3356,PA
IT,90138,Zisa|Palermo,38.1321,13.3356,PA
IT,90139,Palermo,38.1321,13.3356,PA
IT,90140,Palermo,38.1321,13.3356,PA
IT,90141,Palermo,38.1321,13.3356,PA
IT,90142,Palermo|Montepellegrino|Arenella Vergine Maria,38.1321,13.3356,PA
IT,90143,Palermo,38.1321,13.3356,PA
IT,90144,Palermo,38.1321,13.3356,PA
IT,90145,Palermo,38.1321,13.3356,PA
IT,90146,In Via San Nicola|Palermo|San Lorenzo Colli|Resuttana San Lorenzo|Cruillas|Pallavicino,38.1321,13.3356,PA
IT,90147,Tommaso Natale Sferracavallo|Palermo,38.1321,13.3356,PA
IT,90148,Palermo|Villagrazia|Sferracavallo|Tommaso Natale,38.1497,13.3089,PA
IT,90149,Palermo,38.1321,13.3356,PA
IT,90151,Partanna Mondello|Mondello|Palermo,38.166,13.3345,PA
IT,97010,Marina Di Ragusa|Bellocozzo|Marina Di Modica|Roccazzo|Monterosso Almo|Giarratana,36.9381,14.7057,RG
IT,97011,Acate,37.0232,14.493,RG
IT,97012,Chiaramonte Gulfi,37.0305,14.703,RG
IT,97013,Comiso|Pedalino,36.9861,14.5943,RG
IT,97014,Ispica,36.7862,14.9053,RG
IT,97015,Modica Alta|Rocciola Sorda|Frigintini|Cava D'Ispica|Modica,36.8891,14.7919,RG
IT,97016,Pozzallo,36.7303,14.8467,RG
IT,97017,Santa Croce Camerina|Donnafugata,36.8559,14.5461,RG
IT,97018,Donnalucata|Jungi|Scicli|Cava D'Aliga|Sampieri,36.7508,14.6929,RG
IT,97019,Vittoria|Scoglitti,36.9228,14.4807,RG
IT,97100,Ragusa|Ragusa Ibla,36.9257,14.7262,RG
IT,96010,Solarino|Priolo Gargallo|Canicattini Bagni|Sortino|Portopalo Di Capo Passero|Melilli|Villasmundo|Buccheri|San Foca'|Palazzolo Acreide|Cassaro|Rizzolo|Buscemi|Ferla|Marina Di Melilli,37.0904,15.0394,SR
IT,96011,Brucoli|Augusta,37.2613,15.2048,SR
IT,96012,Avola,36.9084,15.1394,SR
IT,96013,Borgo Rizza|Carlentini|Pedagaggi,37.2363,14.9734,SR
IT,96014,Floridia,37.0834,15.1533,SR
IT,96015,Francofonte,37.2248,14.8749,SR
IT,96016,Lentini,37.2856,14.9974,SR
IT,96017,Santa Lucia|San Paolo Di Noto|Testa Dell'Acqua|Santa Lucia Di Noto|Rigolizia|San Paolo|Castelluccio|San Corrado Di Fuori|Noto,36.9362,15.0367,SR
IT,96018,Pachino|Marzamemi,36.7152,15.0902,SR
IT,96019,Rosolini,36.8214,14.9513,SR
IT,96100,Cassibile|Belvedere Di Siracusa|Belvedere|Carrozziere|Siracusa,37.0554,15.235,SR
IT,91010,Marettimo|Vita|Macari|Castelluzzo|San Vito Lo Capo,38.0719,12.7595,TP
IT,91011,Alcamo,37.9779,12.9647,TP
IT,91012,Bruca|Buseto Palizzolo|Battaglia,37.9852,12.7537,TP
IT,91013,Calatafimi Segesta|Calatafimi|Sasi,37.9083,12.8758,TP
IT,91014,Scopello|Castello Inici|Balata Di Baida|Castellammare Del Golfo,38.0421,12.828,TP
IT,91015,Custonaci|Sperone Di Custonaci|Purgatorio,38.0774,12.6952,TP
IT,91016,Napola|Ballata|Pizzolungo|Erice|San Giuliano Trentapiedi|Rigaletta|Casa Santa,38.0174,12.6011,TP
IT,91017,Scauri|Pantelleria Aeroporto|Kamma|Scauri Siculo|Pantelleria,38.0049,12.7136,TP
IT,91018,Salemi|San Ciro|Filci|Ulmi|Gorgazzo,37.8305,12.788,TP
IT,91019,Crocci|Valderice|Chiesanuova|Sant'Andrea Bonagia|Tonnara Di Bonagia|Fico|Crocevie|Bonagia,38.0405,12.6201,TP
IT,91020,Salaparuta|Granitola|Poggioreale|Costiera Di Mazara|Petrosino,37.7036,12.7692,TP
IT,91021,Tre Fontane|Granitola Torretta|Campobello Di Mazara,37.5928,12.711,TP
IT,91022,Marinella|Castelvetrano|Marinella Di Selinunte|Triscina,37.6144,12.8174,TP
IT,91023,Levanzo|Favignana,37.9583,12.3353,TP
IT,91024,Gibellina|Villaggio Madonna Delle Grazie,37.807,12.8695,TP
IT,91025,Terrenove Bambina|Marsala|Ciavolotto|Ragattisi|Santo Padre Delle Perriere|Tabaccaro|Bufalata|Matarocco|Spagnola|Paolini|Ciavolo|Strasatti Di Marsala,37.7763,12.5009,TP
IT,91026,Mazara Del Vallo|Borgata Costiera,37.6829,12.6157,TP
IT,91027,Dattilo|Nubia|Paceco,37.9761,12.57,TP
IT,91028,Partanna,37.7268,12.8892,TP
IT,91029,Santa Ninfa,37.7704,12.8774,TP
IT,91100,Marausa|Guarrato|Locogrande|Ummari|Xitta|Birgi Aerostazione|San Giuliano Trentapiedi|Rilievo|Borgo Fazio|Borgo Annunziata|Trapani|Fontanelle Casasanta|Fulgatore|Marausa Loco Grande|Salinagrande,37.9507,12.5711,TP
IT,52010,Santa Mama|Serravalle Di Bibbiena|Ortignano|Chiusi Della Verna|Corsalone|Subbiano|Talla|Moggiona Di Poppi|Faltona|Raggiolo|Chitignano|Ortignano Raggiolo|Montemignaio|La Verna|Biforco|Capolona,43.6767,11.8204,AR
IT,52011,Banzena|Soci|Bibbiena Stazione|Serravalle|Bibbiena|Partina,43.7343,11.8309,AR
IT,52014,Poppi|Quota|Avena|Moggiona|Badia Prataglia|Porrena|Camaldoli|Ponte A Poppi,43.7514,11.7855,AR
IT,52015,Pratovecchio Stia|Pratovecchio,43.7869,11.7235,AR
IT,52016,Salutio|Castel Focognano|Rassina|Pieve A Socana,43.6416,11.8159,AR
IT,52017,Stia|Papiano,43.8087,11.7106,AR
IT,52018,Borgo Alla Collina|Castel San Niccolo'|Strada,43.7459,11.7153,AR
IT,52020,Ponticino|Castelfranco Di Sopra|Cavi|Casalone|Laterina Stazione|Montalto|Pergine Valdarno|Pieve A Presciano|Laterina,43.498,11.6787,AR
IT,52021,Ambra|Pietraviva|Capannole|Torre|Badia Agnano|Bucine,43.4406,11.6063,AR
IT,52022,Meleto|Vacchereccia|Cavriglia|Neri|San Cipriano|Montegonzi|Santa Barbara|Monastero|Castelnuovo Dei Sabbioni,43.5161,11.5075,AR
IT,52024,Loro Ciuffenna|San Giustino Valdarno,43.5705,11.6669,AR
IT,52025,Montevarchi|Mercatale Valdarno|Levane|Moncioni,43.4975,11.5656,AR
IT,52026,Pian Di Sco|Vaggio|Castelfranco Piandiscò|Faella,43.6342,11.5318,AR
IT,52027,San Giovanni Valdarno,43.5676,11.5299,AR
IT,52028,Madrigale|Ville|Penna|Malva|Terranuova Bracciolini|Campogialli,43.5657,11.5966,AR
IT,52029,Castiglion Fibocchi,43.5274,11.7615,AR
IT,52031,San Leo Di Anghiari|Anghiari,43.5378,12.075,AR
IT,52032,Badia Tedalda|Ca' Raffaello|Fresciano,43.7397,12.177,AR
IT,52033,Caprese Michelangelo,43.6403,11.9855,AR
IT,52035,Le Ville|Monterchi,43.4865,12.0948,AR
IT,52036,Madonnuccia|Pieve Santo Stefano,43.6356,12.059,AR
IT,52037,Gricignano|Sansepolcro|Santa Fiora,43.5585,12.1211,AR
IT,52038,Monterone|Sestino|Colcellalto,43.7133,12.2903,AR
IT,52041,Civitella In Val Di Chiana|Tegoleto|Ciggiano|Pieve Al Toppo|Badia Al Pino|Viciomaggio,43.4035,11.7606,AR
IT,52043,Castiglion Fiorentino|Montecchio|Manciano,43.3307,11.9105,AR
IT,52044,Montanare|Camucia|Montanare Di Cortona|Terontola|Sant'Andrea Di Sorbello|Centoia|Santa Caterina Di Cortona|Santa Caterina|Fratta|Cortona|Mercatale Di Cortona|Mercatale|Capezzine|Terontola Stazione,43.2632,12.0314,AR
IT,52045,Foiano Della Chiana|Pozzo Della Chiana,43.273,11.8083,AR
IT,52046,Lucignano,43.2726,11.746,AR
IT,52047,Cesa|Marciano|Marciano Della Chiana,43.3092,11.7969,AR
IT,52048,Alberoro|Palazzuolo|Montagnano Alberoro|Monte San Savino|Montagnano,43.3494,11.7474,AR
IT,52100,Puglia|Palazzo Del Pero|Ruscello|Ceciliano|Arezzo|Staggiano|Patrignone|Poggiola|Chiassa|Pratantico|Molin Nuovo|Quarata|Ponte Alla Chiassa|Giovi D'Arezzo|Battifolle|Olmo|Chiassa Superiore|Antria|Tregozzano|Indicatore|San Giuliano D'Arezzo|Rigutino|Frassineto|Pieve Al Bagnoro,43.4801,11.8766,AR
IT,50010,Trespiano,43.8343,11.2886,FI
IT,50012,Vallina|Candeli|Grassina|Rimaggio|Grassina Ponte A Ema|Antella|Osteria Nuova|Bagno A Ripoli,43.7456,11.3264,FI
IT,50013,San Donnino|San Donnino Di Campi|Sant'Angelo|Sant'Angelo A Lecore|Campi Bisenzio|San Piero A Ponti|Capalle|Il Rosi,43.8144,11.1233,FI
IT,50014,Caldine|San Domenico Di Fiesole|Fiesole|Pian Di Mugnone,43.817,11.2984,FI
IT,50018,San Vincenzo A Torri|Scandicci|San Martino Alla Palma|Le Bagnese San Giusto|Badia A Settimo|Casellina,43.7421,11.1509,FI
IT,50019,Colonnata|Ponte A Giogoli|Sesto Fiorentino|Querceto|Quinto|Osmannoro,43.8232,11.2132,FI
IT,50020,Mercatale Val Di Pesa,43.6368,11.2279,FI
IT,50021,Vico D'Elsa|Marcialla,43.5448,11.1203,FI
IT,50022,Lucolena|Panzano|Lamole|San Polo In Chianti|Greve In Chianti,43.5851,11.3471,FI
IT,50023,Pozzolatico|Impruneta|Bottai|Tavarnuzze|Monte Oriolo,43.7108,11.2391,FI
IT,50025,Baccaiano|Montagnana Val Di Pesa|Martignana|Montespertoli|San Quirico In Collina|Lucardo,43.6393,11.1,FI
IT,50026,Montefiridolfi|Cerbaia|Spedaletto|Romola|San Casciano In Val Di Pesa|Mercatale|San Pancrazio,43.6569,11.1789,FI
IT,50027,Passo Dei Pecorai|Chiocchio|Strada In Chianti,43.6398,11.2988,FI
IT,50028,Tavarnelle Val Di Pesa|San Donato In Poggio|Sambuca|Sambuca Val Di Pesa|Barberino Val D'Elsa,43.5572,11.2012,FI
IT,50031,Cavallina|Cafaggiolo|Barberino Di Mugello|Gagliano Di Mugello|Galliano|Montecarelli,44.0133,11.2632,FI
IT,50032,Luco Mugello|Borgo San Lorenzo|Panicaglia|Ronta|Polcanto,43.9684,11.3951,FI
IT,50033,Traversa|Bruscoli|Firenzuola|Pietramala|Coniale|Cornacchiaia|Covigliaio|Filigare|Rifredo|Piancaldoli,44.1407,11.35,FI
IT,50034,Crespino Del Lamone|Casaglia|Lutirano|Marradi,44.0569,11.5958,FI
IT,50035,Palazzuolo Sul Senio|Misileo,44.1364,11.565,FI
IT,50036,Bivigliano|Fontebuona|Vaglia|Pratolino,43.8859,11.2976,FI
IT,50037,San Piero A Sieve,43.9625,11.3243,FI
IT,50038,Sant'Agata|Sant'Agata Mugello|Scarperia|Scarperia E San Piero,44.0043,11.3488,FI
IT,50039,Cistio|Gattaia|Rupecanina|Villore|Vicchio,43.9529,11.4801,FI
IT,50041,Calenzano|Carraia|Le Croci|Croci Di Calenzano|Settimello,43.8899,11.2252,FI
IT,50050,Pieve A Ripoli|Limite Sull'Arno|Il Castagno|Montaione|Varna|Stabbia|Ponte Di Masino|Il Castagno Val D'Elsa|Capraia|Cerreto Guidi|Lazzeretto|Capraia E Limite|Bassa|Badia A Cerreto|Gambassi Terme|Gavena|San Zio,43.6746,10.9357,FI
IT,50051,Cambiano|Petrazzi|Dogana|Castelfiorentino|Granaiolo|Castelnuovo D'Elsa,43.6208,10.961,FI
IT,50052,Fiano|Certaldo,43.5682,11.0783,FI
IT,50053,Osteria Bianca|Marcignana|Empoli|Fontanella|Case Nuove|Brusciana|Sant'Andrea|Monterappoli|Ponte A Elsa,43.6844,10.9752,FI
IT,50054,Massarella|Torre|Le Botteghe|Ponte A Cappiano|Galleno|Fucecchio|Querce|La Torre|San Pierino,43.7168,10.8402,FI
IT,50055,Lastra A Signa|Brucianesi|Malmantile|Ginestra Fiorentina|Porto Di Mezzo|Ponte A Signa,43.7475,11.0797,FI
IT,50056,Fibbiana|Ambrogiana|Montelupo Fiorentino|Samminiatello|Sammontana,43.7259,11.0119,FI
IT,50058,San Mauro|Signa|San Mauro A Signa,43.7942,11.1179,FI
IT,50059,Vinci|San Pantaleo|Vitolini|Sovigliana|Spicchio|Sant'Amato|Orbignano,43.7612,10.9327,FI
IT,50060,Consuma|Londa|Diacceto|San Godenzo|Pelago|Borselli,43.8201,11.5539,FI
IT,50061,Compiobbi,43.7849,11.3591,FI
IT,50062,Dicomano|Sandetole,43.8791,11.527,FI
IT,50063,Figline Valdarno|Figline E Incisa Valdarno,43.62,11.4719,FI
IT,50064,Loppiano|Incisa In Val D'Arno,43.6548,11.449,FI
IT,50065,Sieci|Pontassieve|Molino Del Piano|Montebonello|Santa Brigida,43.8112,11.4219,FI
IT,50066,San Donato Fronzano|Vallombrosa|Pietrapiana|Sant'Ellero|Tosi|Donnini|Cancelli|Cascia|Leccio|Matassino|Borgo A Cascia|Reggello|Saltino|Vaggio,43.7084,11.5155,FI
IT,50067,Rignano Sull'Arno|San Donato In Collina|Troghi|Rosano,43.7315,11.4133,FI
IT,50068,Contea|Rufina|Pomino,43.8342,11.5211,FI
IT,50100,Firenze,43.7793,11.2463,FI
IT,50121,Firenze,43.7793,11.2463,FI
IT,50122,Firenze,43.7793,11.2463,FI
IT,50123,Firenze,43.7793,11.2463,FI
IT,50124,Firenze|Galluzzo,43.7585,11.2358,FI
IT,50125,Arcetri|Firenze|Poggio Imperiale|San Felice A Ema,43.7646,11.2398,FI
IT,50126,Pieve A Ripoli|Firenze|Badia A Ripoli|Sorgane|Bandino|Ponte A Ema,43.7563,11.2731,FI
IT,50127,Novoli|Firenze,43.7863,11.2334,FI
IT,50128,Firenze,43.7793,11.2463,FI
IT,50129,Firenze,43.7793,11.2463,FI
IT,50130,Firenze,43.7793,11.2463,FI
IT,50131,Firenze,43.7793,11.2463,FI
IT,50132,Firenze,43.7793,11.2463,FI
IT,50133,Firenze,43.7793,11.2463,FI
IT,50134,Firenze|Careggi,43.7961,11.2486,FI
IT,50135,Settignano|Coverciano|Montalbano|Firenze,43.8835,11.2996,FI
IT,50136,Firenze|Varlungo|Rovezzano,43.7729,11.2785,FI
IT,50137,Firenze,43.7793,11.2463,FI
IT,50138,Firenze,43.7793,11.2463,FI
IT,50139,Firenze,43.7793,11.2463,FI
IT,50140,Firenze,43.7793,11.2463,FI
IT,50141,Firenze|Castello|Rifredi,43.7982,11.2397,FI
IT,50142,Mantignano|Isolotto|Firenze,43.7806,11.2079,FI
IT,50143,Firenze,43.7793,11.2463,FI
IT,50144,Firenze,43.7793,11.2463,FI
IT,50145,Firenze|Brozzi|Peretola,43.7901,11.2027,FI
IT,58010,San Giovanni Delle Contee|San Quirico|Elmo|San Valentino|Sovana|Sorano|Montevitozzo|Albinia|Castell'Ottieri|Pratolungo|Montorio|Montebuono,42.6925,11.6814,GR
IT,58011,Borgo Carige|Capalbio|Chiarone|Capalbio Stazione,42.4223,11.4294,GR
IT,58012,Campese|Giglio Castello|Giglio Porto|Giglio Campese|Isola Del Giglio,42.3622,10.9023,GR
IT,58014,Poggio Murella|San Martino Sul Fiora|Saturnia|Marsiliana|Montemerano|Poderi Di Montemerano|Poggio Capanne|Manciano,42.6267,11.4999,GR
IT,58015,Santa Liberata|Orbetello Scalo|Orbetello Stazione|Talamone|Orbetello|Polverosa|Fonteblanda,42.5043,11.2147,GR
IT,58017,Pitigliano|Il Casone|Casone,42.6785,11.6601,GR
IT,58018,Porto Ercole,42.4017,11.2052,GR
IT,58019,Porto Santo Stefano|Monte Argentario|Giannutri,42.4364,11.1175,GR
IT,58020,Puntone|Scarlino Stazione|Scarlino Scalo|Scarlino,42.8899,10.9444,GR
IT,58022,Prato Ranieri|Follonica,42.9278,10.7645,GR
IT,58023,Grilli|Giuncarico|Ravi|Bivio Di Ravi|Gavorrano|Filare|Boschetto|Bagno Di Gavorrano|Castel Di Pietra|Caldana|Miniera|Potassa,42.9178,10.9276,GR
IT,58024,Ghirlanda|Montebamboli|Niccioleta|Capanne Vecchie|Capanne|Valpiana|Prata|Massa Marittima|Tatti,43.0488,10.9144,GR
IT,58025,Lago Boracifero|Monterotondo Marittimo|Frassine,43.1381,10.8113,GR
IT,58026,Gerfalco|Montieri|Boccheggiano|Travale,43.1339,11.0092,GR
IT,58027,Montemassi|Ribolla,42.9817,11.0494,GR
IT,58031,Zancona|Stribugliano|Arcidosso|Montelaterone|Bagnoli|Salaiola,42.8684,11.5138,GR
IT,58033,Montenero|Montegiovi|Castel Del Piano,42.9155,11.511,GR
IT,58034,Castell'Azzara|Selvena,42.7699,11.67,GR
IT,58036,Sticciano|Roccastrada|Sticciano Scalo|Roccatederighi|Sassofortino|Sticciano Stazione|Torniella,42.9975,11.1291,GR
IT,58037,Selva|Bagnolo|Bagnore|Santa Fiora|Marroneto,42.8279,11.5925,GR
IT,58038,Seggiano,42.929,11.5574,GR
IT,58042,Montorsaio|Campagnatico|Arcille|Arcille Di Campagnatico,42.8429,11.2454,GR
IT,58043,Riva Del Sole|Vetulonia|Punta Ala|Castiglione Della Pescaia|Tirli|Buriano,42.8242,10.8971,GR
IT,58044,Cinigiano|Sasso D'Ombrone|Monticello Amiata|Monticello Dell'Amiata|Castiglioncello Bandini,42.8963,11.4095,GR
IT,58045,Paganico|Civitella Paganico|Monte Antico Scalo|Stazione Di Monte Antico|Monte Antico|Civitella Marittima|Casale Di Pari|Pari,43.0019,11.3147,GR
IT,58051,Montiano|Magliano In Toscana|Pereta,42.6294,11.2793,GR
IT,58053,Cana|Santa Caterina|Roccalbegna|Triana|Vallerona,42.7902,11.4875,GR
IT,58054,Montorgiali|Murci|Scansano|Preselle Sergardi|Pancole|Polveraia|Preselle|Poggioferro|Baccinello|Pomonte,42.7259,11.3405,GR
IT,58055,Semproniano|Cellena|Petricci|Catabbio,42.7373,11.558,GR
IT,58100,Le Stiacciole|Istia D'Ombrone|Grosseto|Roselle Terme|Montepescali|Rispescia|Bagno Roselle|Alberese|Batignano|Santa Maria Di Rispescia|Montepescali Stazione|Braccagni|Marina Di Grosseto,42.7879,11.1191,GR
IT,57014,Crocino San Giusto|Castell'Anselmo|Crocino|Colognole|Vicarello|Parrana San Giusto|Collesalvetti|Parrana San Martino,43.5505,10.4578,LI
IT,57016,Castiglioncello|Gabbro|Vada|Castelnuovo Misericordia|Rosignano Marittimo|Nibbiaia|Caletta Di Castiglioncello|Rosignano Solvay,43.4203,10.4421,LI
IT,57017,Guasticce|Nugola|Nugola Nuova|Stagno,43.4771,10.4384,LI
IT,57020,Bibbona|La California|Sassetta,43.2221,10.5939,LI
IT,57021,Campiglia Marittima Stazione|Venturina|Campiglia Marittima|Stazione Di Campiglia Marittima,43.0305,10.5989,LI
IT,57022,Bolgheri|San Guido|Castagneto Carducci|Marina Di Castagneto|Donoratico|Marina Di Castagneto Carducci,43.1922,10.5742,LI
IT,57023,San Pietro In Palazzi|Cecina|Cecina Marina,43.3035,10.5073,LI
IT,57025,Piombino|Colmata|Populonia|Vignale Riotorto|Cotone|Riotorto|Portovecchio|Colmata Fiorentina Di Piombino|Torre Mozza,42.9622,10.5757,LI
IT,57027,San Vincenzo|San Carlo,43.0944,10.5652,LI
IT,57028,Montioni|Suvereto,43.0467,10.7137,LI
IT,57030,Poggio|Marciana|Procchio|Pomonte,42.779,10.1793,LI
IT,57031,Capoliveri,42.7457,10.3775,LI
IT,57032,Capraia Isola,43.0506,9.843,LI
IT,57033,Marciana Marina,42.8026,10.1949,LI
IT,57034,Pianosa|Pianosa Isola|Cavoli|Marina Di Campo|San Piero In Campo|Seccheto|Sant'Ilario|La Pila|Campo Nell'Elba,42.7139,10.1868,LI
IT,57036,Porto Azzurro,42.7675,10.3972,LI
IT,57037,San Giovanni|Magazzini|Portoferraio|Carpani,42.8016,10.331,LI
IT,57038,Cavo|Rio Marina,42.8383,10.4225,LI
IT,57039,Rio Nell'Elba,42.8117,10.4008,LI
IT,57100,Livorno,43.5443,10.3262,LI
IT,57121,Livorno,43.5443,10.3262,LI
IT,57122,Livorno,43.5443,10.3262,LI
IT,57123,Livorno,43.5443,10.3262,LI
IT,57124,Livorno|Salviano|Valle Benedetta,43.5332,10.3608,LI
IT,57125,Livorno,43.5443,10.3262,LI
IT,57126,Livorno,43.5443,10.3262,LI
IT,57127,Livorno,43.5443,10.3262,LI
IT,57128,Livorno|Ardenza|Antignano|Montenero,43.5149,10.3293,LI
IT,55010,Gragnano|Camigliano Santa Gemma|San Gennaro|Lappato,43.8822,10.6426,LU
IT,55011,Marginone|Spianate|Badia Pozzeveri|Altopascio,43.8217,10.6944,LU
IT,55012,Pieve San Paolo|Zone|Lunata|Capannori,43.9864,10.4388,LU
IT,55013,Lammari,43.8667,10.5667,LU
IT,55014,Marlia,43.8924,10.5571,LU
IT,55015,San Salvatore|San Salvatore Di Montecarlo|Turchetto|Montecarlo,43.8521,10.6794,LU
IT,55016,Porcari,43.8415,10.6163,LU
IT,55018,Segromigno In Piano|San Colombano|Segromigno In Monte|Matraia,43.8921,10.5879,LU
IT,55019,Villa Basilica|Botticino|Pracando,43.936,10.652,LU
IT,55020,Sassi|Fosciandora|Molazzana|Vergemoli|San Pellegrinetto|Fornovolasco,44.0698,10.4024,LU
IT,55021,Fabbriche Di Vergemoli|Fabbriche Di Vallico,43.9976,10.4279,LU
IT,55022,Ponte A Serraglio|Scesta|Fornoli|Isola|San Cassiano|Benabbio|Bagni Di Lucca Villa|San Cassiano Di Controni|Bagni Di Lucca Ponte|Pieve Di Controne|Casabasciana|Lucchio|Montefegatesi|Bagni Di Lucca,44.0409,10.5967,LU
IT,55023,Diecimo|Chifenti|Gioviano|Valdottavo|Anchiano|Borgo A Mozzano|Corsagna,43.9775,10.5308,LU
IT,55025,Piano Di Coreglia|Ghivizzano|Coreglia Antelminelli|Tereglio|Calavorno,44.0463,10.5303,LU
IT,55027,Trassilico|Fiattone|Gallicano|Turritecava,44.0563,10.4463,LU
IT,55030,Vagli Sotto|Magliano|Careggine|Vagli Sopra|Corfino|Villa Collemandina,44.1512,10.3185,LU
IT,55031,Camporgiano|Poggio Garfagnana|Filicaia|Poggio,44.1476,10.3519,LU
IT,55032,Castelnuovo Di Garfagnana|Palleroso,44.1112,10.4239,LU
IT,55033,Cerageto|San Pellegrino|Castiglione Di Garfagnana|Chiozza|Valbona,44.1336,10.4302,LU
IT,55034,Gramolazzo|Gorfigliano|Minucciano|Carpinelli|Casone Carpinelli|Pieve San Lorenzo,44.1785,10.2254,LU
IT,55035,San Michele|Sant'Anastasio|Piazza Al Serchio,44.192,10.2912,LU
IT,55036,Pieve Fosciana,44.1307,10.4095,LU
IT,55038,San Romano In Garfagnana,44.1694,10.3469,LU
IT,55039,Giuncugnano|Sillano Giuncugnano|Sillano,44.2168,10.2748,LU
IT,55040,Pontestazzemese|Stazzema|Terrinca|Ruosina,44.0019,10.2854,LU
IT,55041,Valpromaro|Casoli|Capezzano Pianore|Lido Di Camaiore|Camaiore|Montebello|Pedona|Nocchi|Montemagno|Pieve|Vado,43.9336,10.3188,LU
IT,55042,Forte Dei Marmi,43.9639,10.1748,LU
IT,55045,Vallecchia|Capriglia|Focette|Pietrasanta|Capezzano Monte|Valdicastello Carducci|Fiumetto|Crociale|Tonfano|Capezzano|Strettoia|Marina Di Pietrasanta,43.9487,10.2207,LU
IT,55047,Querceta|Pozzi|Azzano|Seravezza|Ponterosso|Riomagno|Ripa|Basati,43.9923,10.2183,LU
IT,55049,Viareggio|Torre Del Lago Puccini,43.8479,10.2696,LU
IT,55051,Filecchio|Castelvecchio Pascoli|Fornaci Di Barga|Sommocolonia|Tiglio|Barga|Ponte All'Ania|Sommacolonia|Mologno,44.0652,10.4781,LU
IT,55054,Pieve A Elici|Corsanico|Gualdo|Stiava|Gualdo Di Massarosa|Bozzano|Piano Di Mommio|Massarosa|Quiesa,43.8907,10.3469,LU
IT,55060,Badia Cantignano|Massa Macinaia|Palagnana|Guamo|Vorno,43.8426,10.4877,LU
IT,55061,San Ginese|Carraia,43.911,10.51,LU
IT,55062,Colle Di Compito|Pieve Di Compito|Ruota,43.7744,10.5764,LU
IT,55064,San Martino In Freddana|Villa A Roggio|Loppeglia|Pascoso|Piegaio|San Rocco In Turrite|Piegaio Basso|Pescaglia,43.9523,10.4282,LU
IT,55100,Lucca|Cerasomma|San Lorenzo Di Moriano|Pontetetto|Monte San Quirico|San Concordio Di Moriano|Piaggione|Ponte A Moriano|Mutigliano|Ponte San Pietro|Saltocchio|Nozzano|San Pietro A Vico|Vinchiana|Ponte Del Giglio|Gattaiola|Maggiano|Montuolo|Santa Maria Del Giudice|Massa Pisana|Picciorana|Fagnano,43.8648,10.4873,LU
IT,54010,Podenzana|Montedivalli,44.2047,9.9064,MS
IT,54011,Quercia|Aulla|Pallerone|Bibola|Serricciolo|Caprigliola|Albiano Magra|Bigliolo,44.2026,9.9876,MS
IT,54012,Barbarasco|Villa Di Tresana|Tresana,44.2504,9.9164,MS
IT,54013,Campiglione|Tenerano|Soliera|Sassalbo|Rometta|Moncigoli|Fivizzano|Soliera Apuana|Monzone|Ceserano|Agnino|Rometta Apuana|San Terenzo Monti|Gassano|Colla|Gragnola|Vinca,44.1984,10.0975,MS
IT,54014,Equi Terme|Equi|Codiponte|Casola In Lunigiana|Regnano,44.1831,10.1593,MS
IT,54015,Comano|Crespiano,44.2907,10.1144,MS
IT,54016,Monti|Terrarossa|Monti Di Licciana|Tavernelle|Licciana Nardi,44.2596,10.018,MS
IT,54021,Corlaga|Bagnone|Treschietto|Gabbiana,44.3182,10.0034,MS
IT,54023,Cantiere|Ponticello|Filattiera|Scorcetoli,44.343,9.9205,MS
IT,54026,Mulazzo|Montereggio Di Mulazzo|Groppoli|Arpiola|Montereggio,44.332,9.8829,MS
IT,54027,Guinadi|Cervara|Grondola|Molinello|Traverde|Vignola|Pontremoli,44.407,9.8629,MS
IT,54028,Virgoletta|Merizzo|Filetto|Villafranca In Lunigiana,44.2925,9.9688,MS
IT,54029,Chiesa Di Rossano|Zeri,44.341,9.777,MS
IT,54033,Fossola|Gragnana|Fossone|Bergiola|Carrara|Avenza|Torano|Sorgnano|Codena|Marina Di Carrara|Fontia|Miseglia|Bedizzano|Colonnata|Castelpoggio,44.08,10.0946,MS
IT,54035,Fosdinovo|Melara|Marciaso|Borghetto|Caniparola|Tendola,44.1246,10.0185,MS
IT,54038,Cinquale|Prato Capanne|San Vito|Cerreto|Montignoso,44.0129,10.1659,MS
IT,54100,Turano|Ronchi|Altagnana|Massa|Canevara|Forno|Marina Di Massa|Casette|Quercioli|Mirteto,44.0691,10.1505,MS
IT,56010,Cucigliana|Campo|Arena Metato|San Giovanni Alla Vena|Uliveto Terme|Caprona|Vicopisano|Mezzana,43.7078,10.5098,PI
IT,56011,Gabella|Montemagno|Calci|Castelmaggiore,43.723,10.5169,PI
IT,56012,Calcinaia|Fornacette,43.6769,10.6008,PI
IT,56017,Rigoli|Ghezzano|Pappiana|Asciano|Arena|Molina Di Quosa|Gello|San Giuliano Terme|Pontasserchio|Agnano|Ripafratta,43.7688,10.4327,PI
IT,56019,Migliarino|Filettole|Nodica|Avane|Vecchiano,43.7882,10.384,PI
IT,56020,Montecalvoli|San Romano|Montopoli|Capanne|Montopoli In Val D'Arno|Cerretti|Santa Maria A Monte|Castel Del Bosco|Marti,43.6642,10.7146,PI
IT,56021,Latignano|San Casciano|San Lorenzo A Pagnatico|San Benedetto A Settimo|San Frediano A Settimo|Cascina|Marciana,43.6547,10.5555,PI
IT,56022,Castelfranco Di Sotto|Villa Campanile|Orentano,43.758,10.698,PI
IT,56023,Ripoli|Musigliano|San Lorenzo Alle Corti|Montione|Navacchio,43.6308,10.551,PI
IT,56024,La Serra|Corazzano|Ponte A Egola,43.6493,10.828,PI
IT,56025,Santa Lucia|Montecastello|Pontedera|La Borra|Il Romito|Treggiaia|La Rotta,43.6447,10.6521,PI
IT,56028,La Scala|San Miniato|Isola|Ponte A Elsa|San Miniato Basso,43.6971,10.8629,PI
IT,56029,Staffoli|Santa Croce Sull'Arno,43.7171,10.7724,PI
IT,56030,Soiana|Morrona|Selvatelle|Orciatico|Lajatico|Terricciola,43.5139,10.689,PI
IT,56031,Quattro Strade|Bientina,43.6568,10.5957,PI
IT,56032,Cascine|Buti|La Croce,43.7287,10.5996,PI
IT,56033,Capannoli|San Pietro Belvedere,43.5793,10.6697,PI
IT,56034,Casciana Terme|Rivalto|Chianni,43.5009,10.6321,PI
IT,56035,Lavaiano|Spinelli|Le Casine|Usigliano|Cevoli|Lari|Casciana Terme Lari|Casciana Alta|Perignano,43.5824,10.591,PI
IT,56036,Montefoscoli|Palaia|Villa Saletta|Forcoli|Alica|Partino,43.5973,10.7411,PI
IT,56037,Fabbrica|Fabbrica Di Peccioli|Legoli|Ghizzano Di Peccioli|Peccioli|Ghizzano,43.536,10.7687,PI
IT,56038,Ponsacco|Giardino,43.5627,10.6468,PI
IT,56040,Casino Di Terra|Canneto|Le Badie|Crespina|Pieve Di Santa Luce|Ponteginori|Canneto Di Monteverdi|Pomaia|Santa Luce|Montecatini Val Di Cecina|Monteverdi Marittimo|Castellina Marittima|Casale Marittimo|Pastina|Cenaia|Montescudaio|Guardistallo|Sassa|Castello Di Querceto|Orciano Pisano,43.3715,10.635,PI
IT,56041,Castelnuovo Di Val Di Cecina|Montecastelli Pisano|Sasso Pisano,43.2146,10.909,PI
IT,56042,Crespina Lorenzana|Lorenzana,43.5353,10.5348,PI
IT,56043,Fauglia|Luciana,43.5597,10.5023,PI
IT,56044,Montecerboli|Lustignano|Serrazzano|Larderello,43.2231,10.8461,PI
IT,56045,Micciano|Montegemoli|San Dalmazio|Libbiano|Pomarance,43.292,10.8366,PI
IT,56046,Riparbella,43.3642,10.598,PI
IT,56048,Saline Di Volterra|Pignano|Ulignano|Mazzolla|Volterra|Saline|Villamagna,43.4028,10.8729,PI
IT,56100,Pisa,43.7085,10.4036,PI
IT,56121,Putignano|Riglione|Pisa|Coltano,43.6766,10.4046,PI
IT,56122,San Piero A Grado|Pisa,43.6959,10.3768,PI
IT,56123,Pisa,43.7085,10.4036,PI
IT,56124,Pisa,43.7085,10.4036,PI
IT,56125,Pisa,43.7085,10.4036,PI
IT,56126,Pisa,43.7085,10.4036,PI
IT,56127,Pisa,43.7085,10.4036,PI
IT,56128,Pisa,43.7085,10.4036,PI
IT,59011,Seano|Bacchereto,43.82,11.0031,PO
IT,59013,Fornacelle|Montemurlo|Oste,43.9253,11.0362,PO
IT,59015,La Serra|Carmignano|Artimino|Poggio Alla Malva|Comeana,43.8214,11.0511,PO
IT,59016,Poggio A Caiano|Poggetto,43.8209,11.0452,PO
IT,59021,Schignano|Vaiano|La Briglia,43.9565,11.1184,PO
IT,59024,San Quirico Di Vernio|Vernio|Cavarzano|San Quirico|Mercatale Vernio|Mercatale,44.0473,11.1472,PO
IT,59025,Luicciana|Carmignanello|Cantagallo|Il Fabbro|Usella,44.0033,11.1168,PO
IT,59026,Montepiano,44.0907,11.1601,PO
IT,59100,Galciana|Cafaggio|Santa Lucia|Figline Di Prato|San Giorgio A Colonica|Mezzana|Tavola|Viaccia|Paperino|Narnali|Santa Maria A Colonica|Prato|Iolo|Maliseti|Coiano|La Querce,43.8799,11.0853,PO
IT,51010,Marliana|Santa Lucia|Margine Coperta|Traversagna|Santa Lucia Uzzanese|Avaglio|Montagnana|Momigno|Uzzano|Casore Del Monte|Forone|Serra Pistoiese|Massa E Cozzile,43.9195,10.7618,PT
IT,51011,Borgo A Buggiano|Buggiano,43.8752,10.7348,PT
IT,51012,Veneri|Ponte All'Abate|Castellare Di Pescia|Collodi,43.8899,10.6605,PT
IT,51013,Chiesina Uzzanese|Chiesanuova Uzzanese|Chiesanuova,43.8464,10.7128,PT
IT,51015,Monsummano Terme|Montevettolini|Grotta Giusti|Uggia|Cintolese|Pozzarello|Pazzera,43.8519,10.8301,PT
IT,51016,Montecatini Alto|Nievole|Montecatini Val Di Nievole|Montecatini Terme,43.895,10.7858,PT
IT,51017,Pescia|Castelvecchio|Pietrabuona|Castelvecchio Di Vellano|San Quirico Valleriana|San Quirico|Pontito|Vellano,43.9523,10.7033,PT
IT,51018,Pieve A Nievole,43.8812,10.7999,PT
IT,51019,Ponte Buggianese|Anchione,43.8361,10.7531,PT
IT,51020,Pavana Pistoiese|Prataccio|Castello|San Pellegrino Al Cassero|Pavana|Calamecca|San Pellegrino|Piteglio|Collina|Torri|Prunetta|Frassignoni|Crespole|Treppio|Popiglio|La Lima|Sambuca Pistoiese,44.0537,10.8867,PT
IT,51021,Abetone|Le Regine,44.1388,10.6756,PT
IT,51024,Cutigliano|Pianosinatico|Pian Degli Ontani,44.1082,10.735,PT
IT,51028,Limestre Pistoiese|Limestre|Maresca|Mammiano|Bardalone|Lizzano Pistoiese|Campo Tizzoro|San Marcello Pistoiese|Pontepetri|Gavinana,44.0483,10.8261,PT
IT,51030,Montagnana Pistoiese,43.9542,10.8262,PT
IT,51031,Agliana|San Piero|San Michele,43.946,10.9011,PT
IT,51034,Serravalle Pistoiese|Casalguidi|Ponte Di Serravalle|Stazione Masotti,43.8952,10.8555,PT
IT,51035,Orbignano|Mastromarco|Porciano|San Baronto|Lamporecchio,43.8222,10.9069,PT
IT,51036,Larciano|Castelmartini|San Rocco,43.8284,10.8756,PT
IT,51037,Fognano Di Montale|Montale|Fognano|Stazione Di Montale|Tobbiana,43.9435,11.029,PT
IT,51039,Montemagno|Quarrata|Montemagno Di Quarrata|Santonuovo|Olmi|Catena|Tizzana|Ferruccia,43.8508,10.9723,PT
IT,51100,Capostrada|Masiano|Orsigna|Pracchia|Piazza|San Felice|Candeglia|Pontelungo|Chiazzano|Ponzano|Saturnana|Corbezzi|Bottegone|Piteccio|Cireglio|Valdibrana|Piastre|Villa Di Baggio|Villa Baggio|Pistoia|Santomato|Grazie|Le Grazie|Sammomme',43.9896,10.9032,PT
IT,53011,Fonterutoli|Castellina In Chianti,43.4502,11.2981,SI
IT,53012,Frosini|Ciciano|Montalcinello|Chiusdino,43.1748,11.0948,SI
IT,53013,Gaiole In Chianti|Monti|Nusenna|Castagnoli|Ama|Lecchi,43.4407,11.4391,SI
IT,53014,Corsano|Lucignano D'Arbia|Monteroni D'Arbia|Ponte A Tressa|Ponte D'Arbia|Ville Di Corsano,43.2179,11.3977,SI
IT,53015,Scalvaia|Monticiano|Iesa|San Lorenzo A Merse|Tocchi,43.1222,11.2222,SI
IT,53016,Casciano|Vescovado|Murlo,43.165,11.3684,SI
IT,53017,Radda In Chianti|Lucarelli,43.5015,11.3434,SI
IT,53018,San Rocco A Pilli|Rosia|Sovicille,43.2616,11.2453,SI
IT,53019,Vagliagli|Castelnuovo Berardenga|San Gusme'|Monteaperti|Casetta|Quercegrossa|Pianella|Ponte A Bozzone,43.3604,11.4128,SI
IT,53020,Montisi|Trequanda|Petroio|San Giovanni D'Asso|Castelmuzio,43.1564,11.6512,SI
IT,53021,Abbadia San Salvatore,42.8812,11.6722,SI
IT,53022,Buonconvento,43.1331,11.4836,SI
IT,53023,Gallina|Castiglione D'Orcia|Bagni Di San Filippo|Bagni San Filippo|Campiglia D'Orcia|Vivo D'Orcia,42.9572,11.6676,SI
IT,53024,Torrenieri|Sant'Angelo In Colle|Monte Amiata|Montalcino|Castelnuovo Dell'Abate,43.021,11.5125,SI
IT,53025,Piancastagnaio|Saragiolo,42.8431,11.6669,SI
IT,53026,Monticchiello|Pienza,43.0726,11.7006,SI
IT,53027,San Quirico D'Orcia|Bagno Vignoni,43.0431,11.6123,SI
IT,53030,Castel San Gimignano|Anqua|Radicondoli|Belforte|Castel San Giminiano,43.2777,11.0284,SI
IT,53031,Pievescola|Monteguidi|Casole D'Elsa,43.3164,11.0626,SI
IT,53034,Quartaia|Campiglia|Gracciano Di Colle Val D'Elsa|Colle Di Val D'Elsa,43.4062,11.0988,SI
IT,53035,Belverde|Castellina In Chianti Stazione|Badesse|Castellina Scalo|Uopini|Monteriggioni|San Martino|Tognazza|Strove,43.38,11.277,SI
IT,53036,Bellavista|Poggibonsi|Staggia,43.4448,11.164,SI
IT,53037,Badia A Elmi|Ulignano|San Gimignano,43.506,11.0479,SI
IT,53040,Radicofani|Rapolano Terme|Contignano|Serre Di Rapolano|Cetona|Palazzone|San Casciano Dei Bagni|Piazze|Celle Sul Rigo,42.9907,11.7976,SI
IT,53041,Chiusure|Asciano|Monte Oliveto Maggiore|Monte Sante Marie|Arbia,43.234,11.5118,SI
IT,53042,Chianciano Terme,43.0418,11.812,SI
IT,53043,Montallese|Chiusi Stazione|Chiusi Scalo|Chiusi,43.0052,11.951,SI
IT,53045,Acquaviva|Sant'Albino|Gracciano|Valiano|Abbadia Di Montepulciano|Montepulciano|Montepulciano Stazione|Abbadia,43.1427,11.7806,SI
IT,53047,Sarteano,42.9919,11.8647,SI
IT,53048,Bettolle|Rigomagno|Rigaiolo|Sinalunga|Pieve Di Sinalunga|Scrofiano|Guazzino,43.2254,11.7486,SI
IT,53049,Torrita Stazione|Montefollonico|Torrita Di Siena,43.1495,11.7641,SI
IT,53100,Taverne D'Arbia|Malafrasca|Isola D'Arbia|Coroncina|Ponte Al Bozzone|Costalpino|Sant'Andrea A Montecchio|Siena,43.2856,11.3681,SI
IT,39010,St. Martin in Passeier|Vöran|San Martino In Passiria|Walten|Prissiano|Avelengo|Caines|Senale|Andriano|Andrian|San Felice|Hafling|Tisens|Cermes|Tesimo|Rifiano|Tscherms|Verano|Mölten|Sant'Orsola In Passiria|Gargazon|St. Pankraz|Meltina|Gargazzone|San Pancrazio|Schlaneid|Nalles|Frangart|Pawigl|Nals|Prissia|Gfrill|Platzers|Grissian|Saltaus|Saltusio|St. Nikolaus/Ulten|St. Felix|Unsere liebe Frau i. W.|St. Gertraud|Riffian|San Felice Val Di Non|Gfeis|Senale San Felice|Verschneid|Unsere Liebe Frau Im Wald|Kuens|St. Helena|Vernue|Vilpian|Pfelders|Sinich|Sigmundskron,46.6286,11.1873,BZ
IT,39011,Lana|Vigiljoc|Pavicolo|Pawig|Völlan|Monte San Vigilio,46.6214,11.1376,BZ
IT,39012,Gratsch|Obermais|Meran Sinic|Sinic|Borgo Vittoria|Sinigo|Meran|Untermais|Merano,46.6541,11.1644,BZ
IT,39013,Moos|Stuls|Moso In Passiria|Ulfas|Plan In Passiria|Platt|Pfelder|Rabenstein,46.803,11.1777,BZ
IT,39014,Burgstall|Postal,46.6095,11.1931,BZ
IT,39015,Walte|St. Leonhard in Pass.|San Leonardo In Passiria|Valtina|Windegg|Sant'Orsola|Schweinsteg,46.7623,11.2287,BZ
IT,39016,San Nicolo'|San Nicolo' Ultimo|Santa Geltrude In Ultimo|St.Walburg Ulte|Santa Valburga Ultimo|Kuppelwies|St. Moritz/Ulten|St.Nikolau|Santa Valburga|Santa Gertrude|St. Walburg/Ulten|Ultimo,46.5782,10.9206,BZ
IT,39017,Scena|Schenna|Verdins|Videgg|Tall,46.6763,11.1845,BZ
IT,39018,Siebeneich|Vilpia|Terlan|Settequerce|Vilpiano|Terlano,46.5336,11.2455,BZ
IT,39019,Tirol|Tirolo,46.6685,11.1622,BZ
IT,39020,Partschins|Unser Fra|Gries|Marling|Graun/Vinschg.|Melag|Tschars|Marlengo|Tabland|Lichtenberg|Gand/Martell|Eyrs|Staben|Vernagt|Planeil|Laatsch|St. Valentin a. d. H.|Freiberg|Matsch|Katharinaberg|Castelbello Ciardes|Karthaus|Unsere Frau i. Schnals|Tol|Tartsch|Töll|Tschengls|Marein|Plawenn|Kastelbell|Montefranco In Venosta|Tarsch|Freiberg Vinschga|Taufers i. Münstertal|Glurns|Montefranco|Glorenza|Senales|Sluderno|Parcines|Gomagoi|Rabla'|Rabland|Tel|Schluderns|Santa Caterina|Castelbello|Tanas|Ciardes|Morter|Stilfs|Hinterkirch|Rifair|Goldrain|Trafoi|Madonna|Pedroß|Martello|Martell|Tubre,46.6524,10.7739,BZ
IT,39021,Morter|Tarres|St. Martin am Kofl|Tarsc|Coldrano|Laces|Morte|Goldrai|Latsch,46.6181,10.836,BZ
IT,39022,Plars|Vellau|Aschbach|Oberplars|Lagundo|Algund,46.6618,10.8693,BZ
IT,39023,Allitz|Tanas|Laas|Lasa|Oris|Tarnell|Eyr|Tana|Cengles|Tschengel,46.6276,10.6838,BZ
IT,39024,Schleis|Matsc|Tartsc|Laatsc|Marienberg|Planol|Schlinig|Planei|Mazia|Laudes|Burgusio|Burgeis|Mals|Malles Venosta|Tarces,46.6856,10.6033,BZ
IT,39025,Plaus|Stabe|Stava|Naturno|Naturns,46.6494,11.0028,BZ
IT,39026,Montechiaro|Prad|Agums|Prato Allo Stelvio|Lichtenber,46.6295,10.6133,BZ
IT,39027,San Valentino Alla Muta|Resia|Reschen|Curon Venosta,46.8068,10.5297,BZ
IT,39028,Covelano|Vezzano|Silandro|Schlanders|Goefla|Kortsch|Vezzan|Göflan|Talatsch,46.6345,10.7664,BZ
IT,39029,Gomago|Trafo|Solda|Sulden|Stelvio|Trafoi|Gomagoi,46.5563,10.5552,BZ
IT,39030,St. Sigmund|Vallarga|Unterplanken|Welschellen|Falzes|Valdaora|San Sigismondo|St. Lorenzen|Longega|Sexten|Olang|Sesto|Stefansdorf|San Vigilio|Kasern|Untervintl|St. Walburg i. Antholz|Pflaurenz|St. Veit in Prags|Pikolein|Untergsies|Niedervintl|Montal|Ahornach|Wielenberg|Vandoies Di Sotto|Percha|Perca|Campil|St. Johann in Ahrn|Hofern|St.Vigi|Rasun Di Sotto|Margen|Valdaora Di Mezzo|Platten|Tesselberg|Weißenbach|San Lorenzo Di Sebato|Pfalzen|Oberwielenbach|Pichl|San Giuseppe|Niederrasen|Oberrasen|Marebbe|Mitterolang|Enneberg/Mareo|Vandoies|Kolfuschg|Valle Aurina|Kurfar|San Giovanni In Valle Aurina|Untermoi|Longiaru'|Moo|St.Jakob In Ahrnta|Geiselsberg|San Giacomo In Valle Aurina|St. Kassia|St.Martin Gsie|St.Sigmun|Weitental|St. Vigil i. Enneberg|St. Peter in Ahrn|Obervintl|Valle Di Casies|St.Johann In Ahrnta|Zwischenwasser|La Valle|Greinwalden|Steinhaus|Onach|St. Jakob in Ahrn|Issing|Rasun Anterselva|Vintl|St.Magdalen|Rodeneck|Ellen|Kampill|Niederolang|Gais|Wengen/La Val|Nasen|Pedero|St. Magdalena i. G.|Mühlbach b. Gais|St. Martin in Gsies|Saalen|Mühlen/Pfalzen|Ahrntal|Oberolang|St. Martin in Thurn/S. Martin de Tor|Rein|Casteldarne|Ehrenburg|Uttenheim|Anterselva Di Mezzo|Lappach|Villa Ottone|San Martino In Casies|Santa Maddalena|Kiens|Prags|Prettau|Braies|Terento|Luttach|Predoi|Pfunders|Terenten|Piccolino|Vandoies Di Sopra|Valdaora Di Sotto|Cadipietra|Lutago|Rasun Di Sopra|San Martino In Badia|Fundres|Mühlwald|Antholz|Selva Dei Molini|Chienes|Pederoa,46.7894,11.9196,BZ
IT,39031,Brunico|Luns|Bruneck|Riscone|Reischach|Dietenheim|Stegen|St. Georgen|Aufhofen|Teodone,46.7707,11.9409,BZ
IT,39032,Riva Di Tures|Kematen|Ahornac|Taufers/Ahrntal|Moehlen In Taufer|Mühlen i. Taufers|Sand in Taufers|Campo Tures|Molini Di Tures|Acereto,46.8951,11.9143,BZ
IT,39033,Kolfusch|Corvara|Corvara In Badia|Colfosco,46.5516,11.8676,BZ
IT,39034,Dobbiaco|Toblach|Aufkirchen|Wahlen,46.7369,12.2203,BZ
IT,39035,Tesido|Welsberg|Taisten|Monguelfo,46.7633,12.1098,BZ
IT,39036,San Cassiano|Abtei/Badia|Badia|St. Kassian|Pedraces|Pedrace|Stern|La Villa,46.6105,11.9137,BZ
IT,39037,Rodengo|Rio Di Pusteria|Meransen|Spinges|Mühlbach|Vals,46.7952,11.8605,BZ
IT,39038,Winnebach|Vierschach|San Candido,46.7613,12.0517,BZ
IT,39039,Niederdorf|Villabassa,46.7378,12.1727,BZ
IT,39040,Laurein|Lauregno|Buchholz|Rungg|Trens|Afers|Viums|Cortaccia Sulla Strada Del Vino|St.Peter Laje|Gastei|Naz Sciaves|Redagno|Raa|Mareit|Pruno Di Stilves|Radein|Alpe Di Siusi|Seiser Al|Loewenviertel Elisabethsiedlun|Atzwang|Magre' Sulla Strada Del Vino|Laion|Gfrill/Unterland|St.Lugan|Natz|Altrei|Racines|Mules|Stilfes|Elzenbaum|San Pietro Laion|Funes|Seis Am Schler|Termeno Sulla Strada Del Vino|Jaufental|Valgiovo|Stange|Hole|Fontanefredde|St.Pete|Kaltenbrunn|Naz|Velturno|Feldthurns|Hohlen|Villnöß|Flitt|Pfulters|Graun/Unterl.|Söll|Proveis|Pflersch|Schabs|Tanürz|St. Michael/Kastelr.|Barbian|Glen|Schalders|Mühlen/Truden|St. Moritz b. Villanders|Schrambach|St. Peter b. Lajen|Spiluck|Telfes|St. Andrä_|Freins|Pinzon|St. Leonhard|St. Oswald|Flans|Schnauders|Fennberg|Tagusens|S. Lugano|Innerpfitsch|Tschövas|Gschnon|Aldein|Klerant|Weißenstein|Margreid|Kollmann|Aldino|Garn|Schmuders|Entiklar|Montan|Anterivo|Freienfeld|Campo Di Trens|Montagna|Kurtatsch|Kastelruth|Sciaves|Penon|Campodazzo|Proves|Albions|Stilves|Castelrotto|Mauls|Cortina Sulla Strada Del Vino|Lajen|San Lugano|Ridanna|Ridnaun|Cauria|Trodena|Novacella|Truden|Neustift|Villandro|Villanders|Barbiano|Kurtinig|San Pietro|Leone Santa Elisabetta|Luson|Lüsen|Tramin|Casateia|Salorno|Petersberg|Stanghe|Salurn|Pruno|Laag|Vahrn|Varna|Waidbruck|Ponte Gardena|Ratschings|Auer|Rasa|Olmi|Ora|Pfitsch|Siusi|Seis am Schlern|Gossensaß|Mareta,46.6034,11.4422,BZ
IT,39041,Colle Isarco|Gossensas|Brenner|Brennero,46.9833,11.485,BZ
IT,39042,Albeins|Milland|St.Andr|Afer|Pinzagen|Brixen|Mellaun|Eores|Sarns|Zinggen|Tils|Tschötsch|Elvas|Bressanone|Karnol|Neustift|Albes|Sant'Andrea In Monte,46.6766,11.5731,BZ
IT,39043,Chiusa|Klausen|Gufidaun|Gudon|Verdings|Teis|Latzfons|Lazfons,46.6446,11.5499,BZ
IT,39044,Egna|Laghetti|Neumarkt|Mazon,46.3852,11.314,BZ
IT,39045,Mittewald|Grasstein|Oberau|Franzensfeste|Fortezza,46.6941,11.5256,BZ
IT,39046,Pufels|Ortisei|St. Ulrich/Urtijei|St. Jakob,46.6032,11.5706,BZ
IT,39047,St. Christina/S. Crestina -Gherdeina|Santa Cristina Val Gardena,46.5967,11.6008,BZ
IT,39048,Wolkenstein/Selva|Selva Di Val Gardena|Selva,46.5547,11.7604,BZ
IT,39049,Prati|Sterzing|Wiesen|Ried|Stazione|Flains|Vipiteno|Steckholz|Bahnho|Kematen/Pfitsch|Tschöfs|Val Di Vizze|Thuins,46.8242,11.4706,BZ
IT,39050,Blumau|St. Konstantin|Raut|Prösels|St. Jakob/Bozen|Gummer|Perdonig|Lengstein|Breien|Oberinn|Völser Aicha|Missian|Unterrain/Eppan|St. Nikolaus i. Eggen|Ums|St. Justina/Eppan|Seit|Steinmannwald|Unterglaning|Eggen|Wangen|Untereggen|Ponte Nova|Fie' Allo Sciliar|Karneid|Innichen|Völs am Schlern|Flaas|Valas|Birchabruck|St. Pauls/Eppan|San Paolo|Avigna|Afing|St.Pauls|Petersberg|Unterinn|Steinegg|Monte San Pietro|Jenesien|Cologna Di Sotto|San Genesio Atesino|Girlan|Tires|Tiers|Nova Ponente|Deutschnofen|San Nicolo' D'Ega|Aica Di Fie',46.4979,11.4053,BZ
IT,39051,Branzoll|Bronzolo|Pfatten|Vadena,46.4086,11.3129,BZ
IT,39052,St. Josef am See|St. Nikolaus/Kaltern|Mitterdorf|Altenburg|Unterplanitzing|Oberplanitzing|St. Anton|Caldaro Sulla Strada Del Vino|Kaltern,46.4839,11.3639,BZ
IT,39053,Collepietra|San Valentino In Campo|Contrada Val D'Ega|Bluma|Steineg|Eggenta|Gumme|Cornedo All'Isarco|Prato All'Isarco|Cardano|Kardaun/Bozen|Kardaun,46.4848,11.4239,BZ
IT,39054,Ritten|Unterin|Lengstein Am Ritte|Vanga|Oberi|Sant'Ottilia In Renon|Renon|Wange|Oberboze|Gissmann|Auna Inferiore|Auna Di Sopra|Klobenstein|Soprabolzano|Collalbo|Lengmoos,46.5412,11.42,BZ
IT,39055,Leifers|Laives|San Giacomo Di Laives|La Costa Di Laives|La Costa|San Giacomo|Pineta|St.Jakob Bei Boze|Seit Bei Leifer,46.4458,11.3418,BZ
IT,39056,Carezza|Carezza Al Lago|Karersee|Welschnofen|Nova Levante,46.4185,11.5687,BZ
IT,39057,Eppan|Cornaiano|Appiano Sulla Strada Del Vino|Girla|Frangarto|San Michele|San Michele Appiano|St. Michael/Eppan|Montiggl,46.4655,11.2841,BZ
IT,39058,Nordhei|Astfeld-Nordheim|Asten|Riedelsberg|Pens|Reinswald|Bundschen|Sarnthein|Sarentino|Campolasta|Weißenbach/Sarntal|Durnholz|Villa|Aberstückl,46.6544,11.4118,BZ
IT,39059,Oberbozen|Wolfsgruben,46.5041,11.3975,BZ
IT,39100,Rentsch|Castelfirmiano|Signat|Bolzano|Glaning|Kampenn|Sigmundskro|Oberau/Bozen|Bozen,46.4907,11.3398,BZ
IT,38010,Denno|Faedo|Casez|Cavedago|Dambel|Vigo Di Ton|San Michele All'Adige|Sporminore|Fai Della Paganella|Ronzone|Campodenno|Romeno|Andalo|Spormaggiore|Sanzeno|Banco|San Romedio|Ton|Vigo Anaunia|Sfruz|Cima Paganella|Ruffre'|Malgolo|Tavon,46.2982,11.087,TN
IT,38011,Seio|Don|Cavareno|Amblar|Sarnonico,46.406,11.1382,TN
IT,38012,Segno|Vervò|Smarano|Coredo|Tres|Predaia|Mollaro|Dermulo|Taio,46.3228,11.0863,TN
IT,38013,Tret|Malosco|Vasio|Fondo,46.4464,11.1364,TN
IT,38015,Lavis|Pressano|Nave San Felice,46.1524,11.1087,TN
IT,38016,Mezzocorona,46.2116,11.1225,TN
IT,38017,Mezzolombardo,46.2077,11.0964,TN
IT,38018,Molveno,46.1424,10.963,TN
IT,38019,Tuenno|Tassullo|Nanno,46.3287,11.0387,TN
IT,38020,Mezzana|Pracorno|Mocenigo|Bresimo|Rabbi|Cloz|Pellizzano|Rumo|Deggiano|Commezzadura|Marcena|Cis|Mestriago|Castelfondo,46.3835,10.9386,TN
IT,38021,Brez,46.4322,11.1058,TN
IT,38022,Cavizzana|Caldes|Bozzana,46.3743,10.9619,TN
IT,38023,Mechel|Cles|Caltron,46.3614,11.0261,TN
IT,38024,Cogolo|Cogolo In Val Di Pejo|Celledizzo|Celedizzo|Peio,46.3531,10.6904,TN
IT,38025,Dimaro|Monclassico,46.3299,10.8797,TN
IT,38026,Fucine|Fucine Di Ossana|Ossana|Cusiano,46.3101,10.7367,TN
IT,38027,Croviana|Male'|Terzolas,46.3532,10.9138,TN
IT,38028,Cagno'|Romallo|Revo'|Tregiovo,46.4055,11.0546,TN
IT,38029,Passo Del Tonale|Vermiglio|Fraviano,46.2848,10.6569,TN
IT,38030,Varena|Castello Di Fiemme|Molina|Daiano|Verla|Molina Di Fiemme|Stramentizzo Nuovo|Palu'|Mazzin|Campestrin|Giovo|Panchia'|Stramentizzo|Soraga|Ziano Di Fiemme|Castello Molina Di Fiemme|Rovere' Della Luna|Capriana,46.2838,11.4326,TN
IT,38031,Campitello Di Fassa,46.4758,11.7411,TN
IT,38032,Sass Pordoi|Alba Di Canazei|Canazei|Penia,46.433,11.734,TN
IT,38033,Masi Di Cavalese|Cavalese|Carano,46.288,11.4609,TN
IT,38034,Cembra|Lisignago,46.1677,11.2047,TN
IT,38035,Forno|Forno Di Fiemme|Moena,46.3635,11.6437,TN
IT,38036,Pozza Di Fassa|Pera|Pera Di Fassa,46.4367,11.6912,TN
IT,38037,Paneveggio|Passo Rolle|Bellamonte|Predazzo,46.3052,11.6955,TN
IT,38038,Tesero,46.2918,11.5095,TN
IT,38039,Vigo Di Fassa|Costalunga|Passo Costalunga,46.419,11.6742,TN
IT,38040,Luserna|Ravina|Lona Lases|Fornace|Lases|Lona|Valfloriana,46.1058,11.2397,TN
IT,38041,Albiano,46.1445,11.1946,TN
IT,38042,Rizzolaga|Campolongo|San Mauro|Faida Di Pine'|Faida|Montagnaga|Baselga Di Pine',46.107,11.2474,TN
IT,38043,Brusago|Bedollo|Regnana,46.1676,11.3123,TN
IT,38045,Civezzano|Seregnano,46.0909,11.1911,TN
IT,38046,Lavarone|Cappella|Lavarone Cappella|Gionghi,45.977,11.232,TN
IT,38047,Segonzano|Sevignano|Valcava|Quaras,46.1856,11.2768,TN
IT,38048,Sover,46.2217,11.3157,TN
IT,38049,Vigolo Vattaro|Vattaro|Centa San Nicolo'|Bosentino|Migazzone,45.9948,11.2199,TN
IT,38050,Ospedaletto|Calceranica Al Lago|Bieno|Imer|Sagron Mis|Monte Di Mezzo|Pieve Tesino|Marter|Prade|Telve Di Sopra|Santa Brigida|Torcegno|Sant'Orsola Terme|Gobbera|Frassilongo|Roncegno|Scurelle|Fierozzo|Caoria|Cinte Tesino|Telve Di Valsugana|Canal San Bovo|Telve|Carzano|Novaledo|Castelnuovo|Mezzano|San Francesco|Ronchi Valsugana|Tenna|Palu' Del Fersina,46.0904,11.5118,TN
IT,38051,Borgo Valsugana|Borgo|Olle,46.0512,11.4576,TN
IT,38052,Caldonazzo,45.9937,11.2643,TN
IT,38053,Castello Tesino,46.063,11.6325,TN
IT,38054,Siror|Transacqua|Fiera Di Primiero|Tonadico|San Martino Di Castrozza,46.1971,11.8264,TN
IT,38055,Selva Di Grigno|Grigno|Tezze Val Sugana|Selva|Tezze,46.0096,11.6242,TN
IT,38056,Barco|Levico Terme,46.0081,11.3213,TN
IT,38057,Falesina|Vigalzano|Roncogno|Canezza|Susa'|Costasavina|Pergine Valsugana|Madrano|Canale|Vignola|Serso|Vignola Falesina|Canzolino|Viarago|Ischia Trentina|San Cristoforo|San Cristoforo Al Lago,46.0658,11.2394,TN
IT,38059,Strigno|Spera|Villa Agnedo|Agnedo|Ivano Fracena|Samone,46.0641,11.5233,TN
IT,38060,Tiarno Di Sotto|Valduga|Besenello|Concei|Anghebeni Di Vallarsa|Cornale'|Raossi Di Vallarsa|Raossi|Crosano|Romagnano|Nogaredo|Riva Di Vallarsa|Villa Lagarina|Chienis|Garniga Terme|Pedersano|Castione|Ronzo|Ronzo Chienis|Corte|Anghebeni|Tenno|Cimone|Isera|Pregasina|Pieve Di Ledro|Gavazzo Nuova|Cologna|Valmorbia|Pomarolo|Aldeno|Castellano|Terragnolo|Molina Di Ledro|Brentonico|Bezzecca|Nomi|Tiarno Di Sopra|Volano|Vallarsa,45.8821,10.9656,TN
IT,38061,Pilcante|Santa Margherita|Serravalle|Sega Dei Lessini|Chizzola|Serravalle All'Adige|Ala,45.7903,11.0106,TN
IT,38062,Oltresarca|San Giorgio|Bolognano|Arco|Vignole,45.9109,10.8901,TN
IT,38063,Sabbionara|Avio|Borghetto All'Adige,45.7377,10.9484,TN
IT,38064,Folgaria|Mezzomonte Di Sotto|Serrada|Mezzomonte|Nosellari|San Sebastiano|Carbonare|Carbonare Di Folgaria|Serrada Di Folgaria|Mezzomonte Di Sopra,45.9175,11.1853,TN
IT,38065,Pannone|Manzano|Mori|Valle San Felice|Sano|Besagno,45.8582,10.9549,TN
IT,38066,Riva Del Garda|Varone,45.8973,10.8416,TN
IT,38067,Biacesa Di Ledro|Ledro|Mezzolago,45.8743,10.8485,TN
IT,38068,Mori Ferrovia|Lizzanella|Borgo Sacco|Rovereto|Marco|Trambileno,45.8731,11.0358,TN
IT,38069,Nago Torbole|Torbole|Nago,45.8759,10.8911,TN
IT,38070,Villa Banale|Tavodo|Stenico|Lomaso,46.0468,10.8749,TN
IT,38071,Bivedo|Marazzone|Bleggio Superiore|Larido|Bleggio Inferiore,46.0259,10.8248,TN
IT,38073,Vigo Cavedine|Stravino|Cavedine|Vigo,45.989,10.9798,TN
IT,38074,Ceniga|Drena|Pietramurata|Dro,45.9755,10.9255,TN
IT,38075,Ballino|Fiave',45.985,10.8269,TN
IT,38076,Calavino|Lasino|Castel Madruzzo|Madruzzo|Sarche,46.0386,10.9769,TN
IT,38077,Bagni Di Comano|Comano Terme|Lundo|Ponte Arche|Vigo Lomaso,46.0228,10.8772,TN
IT,38078,San Lorenzo In Banale|Dorsino|San Lorenzo Dorsino|Moline Di Banale|Moline,46.0779,10.9099,TN
IT,38079,Saone|Bolbeno|Tione Di Trento|Zuclo|Pelugo,46.0468,10.7413,TN
IT,38080,Strembo|Iavre' Vigo Rendena|Caderzone|Bocenago|Carisolo|Baitoni|Bondone,46.0256,10.6864,TN
IT,38082,Castel Condino,45.9144,10.6028,TN
IT,38083,Brione|Cimego|Condino,45.8962,10.599,TN
IT,38085,Pieve Di Bono|Creto|Prezzo,45.9393,10.6379,TN
IT,38086,Madonna Di Campiglio|Sant'Antonio Di Mavignola|Massimeno|Pinzolo|Giustino,46.1736,10.7832,TN
IT,38087,Breguzzo|Bondo|Roncone|Lardaro,45.9898,10.6798,TN
IT,38088,Spiazzo|Spiazzo Rendena,46.1036,10.7394,TN
IT,38089,Lodrone|Darzo|Storo,45.8402,10.555,TN
IT,38091,Bersone|Daone|Valdaone|Praso,45.9472,10.6302,TN
IT,38092,Valda|Faver|Grauno|Grumes,46.21,11.2736,TN
IT,38093,Flavon|Cunevo|Terres,46.2981,11.0292,TN
IT,38094,Iavre'|Dare'|Vigo Rendena|Verdesina|Villa Rendena,46.0682,10.7152,TN
IT,38095,Ragoli|Preore|Montagne,46.0531,10.7632,TN
IT,38096,Terlago|Vezzano|Ranzo|Padergnone|Margone,46.0735,10.9863,TN
IT,38097,Zambana|Nave San Rocco,46.1597,11.1006,TN
IT,38100,Povo|Montevaccino|Mattarello|Trento|Cadine|Martignano|Villazzano|Gardolo|Sopramonte|Vigo Meano|Gardolo Di Mezzo|Vigolo Baselga|Baselga Del Bondone|Meano|Sardagna|Cognola|Villamontagna|Vaneze|Baselga Di Vezzano|Vela|Valsorda|Vaneze Di Bondone,46.0787,11.1126,TN
IT,38121,Trento,46.0679,11.1211,TN
IT,38122,Trento,46.0679,11.1211,TN
IT,38123,Trento,46.0679,11.1211,TN
IT,06010,Fighille|Lippiano|Citerna|Monte Santa Maria Tiberina,43.479,12.126,PG
IT,06012,Promano|Fraccano|San Secondo|Lerchi|Riosecco|Cerbara|Morra|Piosina|Cinquemiglia|Citta' Di Castello|San Maiano|Muccignano,43.4328,12.2182,PG
IT,06014,Montone,43.3608,12.3235,PG
IT,06016,San Giustino|Lama|Selci,43.5213,12.1905,PG
IT,06018,Lugnano|Badia Petroia|Trestina|Petrelle|Lugnano Citta' Di Castello|San Leo Bastia|Petroia|Pistrino,43.3333,12.266,PG
IT,06019,Pierantonio|Montecastelli|Umbertide|Niccone|Calzolaro|Montecastelli Umbro|Verna|Preggio,43.3105,12.2862,PG
IT,06020,Torre Dei Calzolari|Branca,43.2733,12.681,PG
IT,06021,Costacciaro|Villa Col De' Canali|Villa Col Dei Canali,43.3707,12.6993,PG
IT,06022,Osteria Del Gatto|Purello|Fossato Di Vico|Fossato Di Vico Stazione,43.2995,12.7545,PG
IT,06023,Morano|Morano Madonnuccia|Gualdo Tadino|Cerqueto|San Pellegrino Di Gualdo Tadino|Pieve Di Compresseto|San Pellegrino,43.2328,12.7356,PG
IT,06024,Casamorcia|Cipolleto|Stazione Di Padule|Colpalombo|Mocaiana|Torre Calzolari|Camporeggiano|Scritto|Caicambiucci|Gubbio|Mocaiana Stazione|Padule|San Benedetto Vecchio|Semonte|Ponte D'Assi,43.3274,12.5531,PG
IT,06025,Molinaccio|Nocera Umbra|Gaifana,43.1654,12.8132,PG
IT,06026,Pietralunga,43.4361,12.4292,PG
IT,06027,Isola Fossara|Pascelupo|Scheggia|Scheggia E Pascelupo,43.4099,12.7055,PG
IT,06028,Sigillo,43.3311,12.7406,PG
IT,06029,Casa Castalda|Valfabbrica,43.1578,12.602,PG
IT,06030,Giano Dell'Umbria|Orsano E Cammoro|Bastardo|Sellano|Cammoro|Valtopina,42.9084,12.7332,PG
IT,06031,Cantalupo|Bevagna,42.9528,12.5978,PG
IT,06033,Cannara,42.9954,12.582,PG
IT,06034,Scafali|Annifo|Foligno|Fiamenga|Capodacqua|Sant'Eraclio|Colfiorito|Rasiglia|Uppello|Scopoli|San Giovanni Profiamma|Scanzano|Pieve Fanonica|Pale|Perticani|Belfiore|Sterpete|Verchiano|Casenove,42.9755,12.7729,PG
IT,06035,Pozzo Di Gualdo Cattaneo|Marcellano|Gualdo Cattaneo|San Terenziano|Collesecco|Pozzo,42.9086,12.5101,PG
IT,06036,Montefalco|Madonna Della Stella|San Marco Di Montefalco,42.8735,12.6665,PG
IT,06038,Spello|Capitan Loreto,43.0048,12.6569,PG
IT,06039,Trevi|Santa Maria In Valle|Matigge|Borgo Di Trevi|Li Celli|Cannaiola,42.8858,12.7355,PG
IT,06040,Ceselli|Scheggino|Piedipaterno Sul Nera|Piedipaterno|Sant'Anatolia Di Narco|Vallo Di Nera|Poggiodomo,42.7402,12.8579,PG
IT,06041,Bugiano|Borgo Cerreto|Triponzo|Cerreto Di Spoleto,42.8281,12.9208,PG
IT,06042,Campello Sul Clitunno,42.8269,12.7693,PG
IT,06043,Maltignano Di Cascia|Chiavano|Cascia,42.6943,13.0441,PG
IT,06044,Bruna|Castel Ritaldi,42.8216,12.6814,PG
IT,06045,Monteleone Di Spoleto,42.6505,12.9516,PG
IT,06046,San Pellegrino Di Norcia|Castelluccio|Serravalle Di Norcia|Ancarano|Norcia|Savelli Di Norcia|Agriano|Serravalle,42.7837,13.1046,PG
IT,06047,Abeto|Todiano|Belforte|Casali Belforte|Preci|Piedivalle|Roccanolfi,42.8571,13.0263,PG
IT,06049,San Brizio|San Martino In Trignano|Morgnano|Strettura|Cortaccione|Baiano Di Spoleto|Bazzano Inferiore|Eggi|Spoleto|San Giovanni Di Baiano|Madonna Di Baiano|Maiano|Montemartano|San Giacomo Di Spoleto|Beroide|San Giacomo|Terzo La Pieve|Sant'Angelo In Mercole,42.7618,12.7151,PG
IT,06050,Collepepe|Collazzone|Piedicolle|Casalalta,42.9147,12.418,PG
IT,06051,Casalina|Ripabianca,42.9449,12.4016,PG
IT,06053,Ponte Nuovo|Deruta|San Niccolo' Di Celle|Sant'Angelo Di Celle|San Nicolo' Di Celle,43.0041,12.3994,PG
IT,06054,Fratta Todina,42.8568,12.3637,PG
IT,06055,San Valentino Della Collina|Marsciano|San Valentino|Papiano,42.9023,12.3639,PG
IT,06056,Massa Martana|Villa San Faustino|Colpetrazzo|Viepri,42.7676,12.5326,PG
IT,06057,Monte Castello Di Vibio,42.8404,12.3524,PG
IT,06059,Ilci|Pontecuti|Canonica|Pantalla|Todi|Ponterio|Izzalini|Montenero Di Todi|Montenero|Camerata|Collevalenza|Pian Di San Martino|Monticello,42.7958,12.4385,PG
IT,06060,Villastrada Umbra|Lisciano Niccone|Paciano,43.1349,12.1055,PG
IT,06061,Villastrada|Panicarola|Macchie|Pozzuolo|Petrignano Del Lago|Gioiella|Sanfatucchio|Porto|Castiglione Del Lago,43.0907,12.0074,PG
IT,06062,Moiano|Po Bandino|Ponticelli Citta' Della Pieve|Ponticelli|Salci|Citta' Della Pieve,42.9537,11.9882,PG
IT,06063,Sant'Arcangelo Di Magione|San Savino|Sant'Arcangelo|Magione|Villa|Agello|Soccorso|San Feliciano,43.099,12.2138,PG
IT,06064,Panicale,43.0283,12.0999,PG
IT,06065,Passignano Sul Trasimeno|Castel Rigone,43.1944,12.179,PG
IT,06066,Castiglion Fosco|Piegaro|Pietrafitta,42.9807,12.1548,PG
IT,06068,Tavernelle,43.0033,12.1452,PG
IT,06069,Borghetto Di Tuoro|Tuoro Sul Trasimeno|Isola Maggiore,43.19,12.0637,PG
IT,06070,Ellera Umbra|San Mariano|Ellera,43.086,12.3108,PG
IT,06072,Compignano|Pieve Caina|Badiola|Spina|Migliano|San Biagio Della Valle|Mercatello|Castiglione Della Valle,42.9875,12.273,PG
IT,06073,Mantignana|Corciano,43.1441,12.2877,PG
IT,06081,Palazzo|Torchiagina|Rivotorto|Petrignano|Tordandrea|Castelnuovo D'Assisi|Castelnuovo|Santa Maria Degli Angeli|Palazzo D'Assisi|Petrignano D'Assisi|Assisi|San Vitale|Viole Di Assisi|Assisi Santuario,43.0665,12.5807,PG
IT,06083,Bastia|Costano|Ospedalicchio Di Bastia Umbra|Ospedalicchio,43.0668,12.5119,PG
IT,06084,Bettona|Passaggio Di Bettona|Passaggio,43.0187,12.5009,PG
IT,06089,Brufa|Ponte Nuovo|Fornaci|Torgiano,43.0268,12.4398,PG
IT,06100,Perugia,43.1122,12.3888,PG
IT,06121,Perugia,43.1122,12.3888,PG
IT,06122,Perugia,43.1122,12.3888,PG
IT,06123,Perugia,43.1122,12.3888,PG
IT,06124,Perugia Stazione|Perugia,43.1122,12.3888,PG
IT,06125,Perugia,43.1122,12.3888,PG
IT,06126,Montebello|Montecorneo|Perugia,43.1122,12.3888,PG
IT,06127,Perugia|Ferro Di Cavallo,43.1088,12.3675,PG
IT,06128,Ponte Della Pietra|Perugia,43.1122,12.3888,PG
IT,06129,Prepo|Perugia,43.1122,12.3888,PG
IT,06130,Perugia,43.1122,12.3888,PG
IT,06131,Perugia|San Marco,43.1122,12.3888,PG
IT,06132,Perugia|San Sisto,43.099,12.3674,PG
IT,06133,Perugia,43.1122,12.3888,PG
IT,06134,Perugia,43.1122,12.3888,PG
IT,06135,Perugia,43.1122,12.3888,PG
IT,05010,San Venanzo|Poggio Aquilone|Montegabbione|Ripalvella|Collelungo|Porano|Pornello|San Vito In Monte|Ospedaletto|Parrano,42.8592,12.2119,TR
IT,05011,Stazione Di Allerona|Allerona|Allerona Stazione,42.7942,12.0164,TR
IT,05012,Attigliano,42.515,12.2945,TR
IT,05013,Castel Giorgio,42.707,11.9772,TR
IT,05014,Monterubiaglio|Castel Viscardo|Pianlungo,42.7674,12.0177,TR
IT,05015,Fabro Scalo|Carnaiola|Fabro,42.8774,12.0372,TR
IT,05016,Ficulle|Sala,42.8175,12.0705,TR
IT,05017,Santa Maria|Monteleone D'Orvieto,42.9073,12.0457,TR
IT,05018,Orvieto Stazione|Titignano|Orvieto|Sugano|Ciconia|Prodo|Morrano|Sferracavallo|Canale|Orvieto Scalo|Morrano Vecchio|Canale Vecchio|Canale Nuovo|Gabelletta|Morrano Nuovo|Corbara,42.7237,12.153,TR
IT,05020,Melezzole|Tenaglie|Montecchio|Alviano|Sismano|Lugnano In Teverina|Santa Restituta|Avigliano Umbro|Dunarobba,42.6447,12.3556,TR
IT,05021,Acquasparta|Casigliano|Portaria,42.6864,12.5385,TR
IT,05022,Porchiano Del Monte|Porchiano|Montecampano|Macchie|Amelia|Fornole,42.5521,12.4053,TR
IT,05023,Civitella Del Lago|Baschi|Acqualoreto|Morre,42.7056,12.2952,TR
IT,05024,Giove,42.5099,12.3301,TR
IT,05025,Guardea,42.6237,12.2993,TR
IT,05026,Collesecco|Montecastrilli|Castel Dell'Aquila|Quadrelli|Casteltodino|Farnetta,42.6368,12.4485,TR
IT,05028,Penna In Teverina,42.4934,12.3585,TR
IT,05029,San Gemini,42.6138,12.5453,TR
IT,05030,Poggio Di Otricoli|Fontechiaruccia|Polino|Montefranco|Otricoli,42.526,12.6788,TR
IT,05031,Arrone|Casteldilago|Buonacquisto,42.5706,12.7769,TR
IT,05032,Santa Maria Della Neve|Calvi Dell'Umbria,42.4,12.561,TR
IT,05034,Ferentillo,42.6203,12.7873,TR
IT,05035,Vigne|Testaccio|Taizzano|Schifanoia|Stifone|San Liberato|San Vito|Narni|Ponte San Lorenzo|Borgaria|Narni Scalo|Itieli|Montoro|Gualdo|Narni Stazione|Borgaria Di Narni|Vigne Di Narni|Nera Montoro|Capitone|Gualdo Di Narni|Sant'Urbano,42.489,12.5059,TR
IT,05039,Stroncone,42.512,12.6477,TR
IT,05100,Terni|Cesi|Cesi Di Terni|Piediluco|Miranda|Marmore|Collestatte Piano|Torreorsina|Gabelletta Di Cesi|Battiferro|Valenza|Giuncano|Papigno|Giuncano Scalo|Cecalocco|Rocca San Zenone|Collescipoli|Collestatte,42.5833,12.6739,TR
IT,11010,Vieyes|Plan D'Introd|Montan|Valgrisenche|Allein|La Cretaz|Ollomont|Verrand|Introd|Arensod|Angelin|Pre' Saint Didier|Bionaz|Saint Pierre|Saint Nicolas|Chesallet Sarre|Runaz|Sarre|Saint Rhemy En Bosses|Saint Maurice|Oyace|Gignod|Avise|Rhemes Saint Georges|Rhemes Notre Dame|Valsavarenche|Doues|Chesallet|Aymavilles|Bosses|Roisan|Valpelline,45.7459,7.2362,AO
IT,11011,Planaval|Leverogne|Arvier,45.6917,7.1308,AO
IT,11012,Cogne|Epinel|Gimillian,45.6181,7.3416,AO
IT,11013,Dolonne|Courmayeur|La Saxe|Entreves,45.7991,6.9616,AO
IT,11014,Saint Oyen|Etroubles,45.8226,7.2226,AO
IT,11015,Derby|La Salle,45.7362,7.0806,AO
IT,11016,La Thuile,45.7137,6.951,AO
IT,11017,Morgex,45.7566,7.0412,AO
IT,11018,Villeneuve,45.702,7.2068,AO
IT,11020,Gressoney La Trinite'|Brissogne|Verrayes|Barme|Saint Marcel|Mongnod|Charvensod|Grand Villa Cravon|Saint Christophe|Gaby|La Magdeleine|Arnad|La Place|Lignod|Jovencan|Chef Lieu|Blavy|Periasc|Challand Saint Victor|Ville|Nus|Peroulaz|Challand Saint Anselme|Saint Barthelemy|Pontboset|Ayas|Antey Saint Andre'|Champorcher|Fontainemore|Champoluc|Vert|Grand Vert|Fiernaz|Perloz|Etabloz|Bard|Neyran|Champdepraz|Buisson|Gressan|Ville Sur Nus|Issime|Blavy Nus|Fenis|Montjovet|Pont Suaz|Plan Felinaz|Pollein|Hone|Chez Croiset|Quart|Torgnon|Villefranche|Issogne|Chamois|Lillianes|Antagnod|Grand Villa|Emarese|Donnas|Villair,45.7235,7.577,AO
IT,11021,Breuil|Breuil Cervinia|Cervinia,45.9336,7.6326,AO
IT,11022,Arcesaz|Extrepieraz|Brusson,45.7596,7.7252,AO
IT,11023,Chambave|Saint Denis,45.7443,7.5493,AO
IT,11024,Lassolaz|Ussel|Chatillon|Pontey,45.7414,7.6056,AO
IT,11025,Gressoney Saint Jean,45.7364,7.5927,AO
IT,11026,Pont Saint Martin,45.7364,7.5927,AO
IT,11027,Moron|Saint Vincent,45.7517,7.6663,AO
IT,11028,Paquier|Valtournenche,45.8774,7.625,AO
IT,11029,Glair|Verres,45.671,7.6809,AO
IT,11100,Signayes|Excenex|Roisan|Arpuilles|Porossan|Aosta,45.7586,7.3128,AO
IT,32010,Garna|Tambre|Perarolo Di Cadore|Pecol|Tignes|Termine|Zoldo Alto|Termine Di Cadore|Podenzoi|Lamosano|Mareson|Ospitale Di Cadore|Pieve D'Alpago|Codissago|Soverzene|Zoppe' Di Cadore|Chies D'Alpago|Castello Lavazzo,46.2697,12.2887,BL
IT,32012,Dont|Dont Di Zoldo|Forno Di Zoldo|Dozza Di Zoldo,46.3532,12.1555,BL
IT,32013,Igne|Fortogna|Longarone,46.2537,12.289,BL
IT,32014,Cadola|Soccher|Casan|Polpet|Paiane|Ponte Nelle Alpi|Col Di Cugnan|La Secca,46.1743,12.3008,BL
IT,32015,Puos D'Alpago|Cornei,46.1412,12.3714,BL
IT,32016,Santa Croce|Farra D'Alpago|Santa Croce Del Lago|Spert,46.1045,12.3556,BL
IT,32020,Voltago Agordino|Gosaldo|Colle Santa Lucia|La Valle Agordina|Pie' Falcade|San Tomaso Agordino|Falcade|Limana|Avoscan|Vallada Agordina|Canale D'Agordo|Caviola|Arabba|Dussoi|Cencenighe Agordino|Rivamonte Agordino|Tiser|Villapiana|Frassene'|Livinallongo Del Col Di Lana|Ronchena|Selva Di Cadore,46.294,11.9879,BL
IT,32021,Agordo,46.282,12.0361,BL
IT,32022,Alleghe|Caprile,46.4225,12.0089,BL
IT,32023,Santa Maria Delle Grazie|Rocca Pietore|Laste Di Rocca Pietore,46.4339,11.9768,BL
IT,32026,Lentiai|Mel|Villa Di Villa|Trichiana,46.0581,12.0787,BL
IT,32027,Taibon Agordino,46.2984,12.0131,BL
IT,32028,Sant'Antonio Tortal,46.0405,12.163,BL
IT,32030,Paderno|Sorriva|Mellame|Soranzen|Seren Del Grappa|Arsie'|Sovramonte|Arten|Rocca D'Arsie'|Fastro|Cesiomaggiore|Rocca|San Gregorio Nelle Alpi|Fonzaso|Busche,46.0367,11.8694,BL
IT,32031,Alano Di Piave|Fener|Colmirano,45.9044,11.9264,BL
IT,32032,Feltre|Umin|Foen|Mugnai|Tomo|Villabruna|Anzu'|Villapaiera,46.0282,11.9143,BL
IT,32033,Arina|Lamon,46.0403,11.7369,BL
IT,32034,Norcen|Pedavena|Travagola|Facen,46.037,11.8689,BL
IT,32035,Santa Giustina|Meano|Formegan,46.0895,12.0373,BL
IT,32036,Sedico|Roe Alte|Bribano|Mas,46.1226,12.1076,BL
IT,32037,Sospirolo|Mis,46.1477,12.0802,BL
IT,32038,Vas|Quero Vas|Quero,45.9295,11.9336,BL
IT,32040,Villapiccola|Candide|Lorenzago Di Cadore|Villaggio Turistico Di Borca Di Cadore|Valle Di Cadore|Borca Di Cadore|San Nicolo' Di Comelico|Venas|Casamazzagno|Comelico Superiore|Padola|Vallesella|Laggio Di Cadore|Pelos|Vigo Di Cadore|Danta Di Cadore|Masarie'|Pelos Di Cadore|San Pietro Di Cadore|Domegge Di Cadore|Lozzo Di Cadore|Vodo Cadore|Cibiana Di Cadore|Presenaio|Costalta|Dosoledo,46.5073,12.4464,BL
IT,32041,Giralba|Reane|Auronzo Di Cadore|Misurina,46.5738,12.3465,BL
IT,32042,Calalzo Di Cadore,46.4464,12.3818,BL
IT,32043,Zuel|Verocai|Acquabona|Cortina D'Ampezzo,46.522,12.1484,BL
IT,32044,Tai Di Cadore|Sottocastello|Pozzale|Pieve Di Cadore,46.4306,12.3646,BL
IT,32045,Campolongo Di Cadore|Santo Stefano Di Cadore|Costalissoio,46.5649,12.5594,BL
IT,32046,Chiapuzza|San Vito Di Cadore,46.4736,12.2011,BL
IT,32047,Granvilla|Sappada,46.5671,12.6867,BL
IT,32100,Bolzano Di Belluno|Levego|Caleipo|Sossai|Tisoi|Belluno|Castion|Sois|Salce|Bes|Safforze|Visome|Antole|Fiammoi,46.1386,12.2059,BL
IT,35010,Massanzago|Fossalta|Campo San Martino|San Giorgio In Bosco|Terraglione|Sant'Ambrogio|Silvelle|Abbazia Pisani|Cavino|Loreggia|Tavo|Carmignano Di Brenta|Mejaniga|Pionca|Villa Del Conte|San Michele Delle Badesse|Villanova Di Camposampiero|Cadoneghe|Ca' Baglioni|Marsango|Villafranca Padovana|Perarolo|Vigonza|Codiverno|Saletto Di Vigodarzere|San Giorgio Delle Pertiche|Pieve Di Curtarolo|Pieve|Taggi'|Santa Maria Di Non|Trebaseleghe|Vigodarzere|Santa Giustina In Colle|Fratte|Grantorto|Villanova|Ponterotto|Fossalta Di Trebaseleghe|San Pietro In Gu|Borgoricco|Limena|Gazzo|Curtarolo|Camazzole|Campodoro|Arsego|Loreggiola|Ronchi Di Campanile|San Vito,45.5293,11.8762,PD
IT,35011,Campodarsego|Sant'Andrea Di Campodarsego,45.4981,11.9219,PD
IT,35012,Camposampiero|Rustega,45.5665,11.9558,PD
IT,35013,Santa Croce Bigolina|Cittadella|Laghi,45.6594,11.7483,PD
IT,35014,Fontaniva,45.6352,11.7538,PD
IT,35015,Galliera Veneta,45.6675,11.8222,PD
IT,35016,Tremignon|Vaccarino|Presina|Piazzola Sul Brenta,45.5319,11.7919,PD
IT,35017,Levada|Ronchi|Torreselle|Piombino Dese,45.5966,12.0137,PD
IT,35018,San Martino Di Lupari,45.6513,11.86,PD
IT,35019,Tombolo|Onara,45.6279,11.8206,PD
IT,35020,Vallonga|Conche Di Codevigo|Albignasego|Carrara San Giorgio|Conche|Arzergrande|Arzercavalli|San Pietro Viminario|Pernumia|Legnaro|Candiana|Correzzola|Polverara|Pozzonovo|Casalserugo|Casone|Masera' Di Padova|Arre|Brugine|Tribano|Cive'|Terradura|Codevigo|Campagnola|Due Carrare|Sant'Angelo Di Piove Di Sacco|Roncaglia|Carrara Santo Stefano|Villatora|Sant'Agostino|Saonara|Mandriola|Terrassa Padovana|Bertipaglia|Vigorovea|Ponte San Nicolo',45.2897,11.9428,PD
IT,35021,Agna,45.1705,11.9563,PD
IT,35022,Borgoforte|Anguillara Veneta,45.1444,11.9134,PD
IT,35023,San Siro|Bagnoli Di Sopra|Le Casette,45.1817,11.9109,PD
IT,35024,Bovolenta,45.2689,11.9358,PD
IT,35025,Cartura|Cagnola,45.2754,11.8625,PD
IT,35026,Conselve,45.2315,11.875,PD
IT,35027,Oltre Brenta|Noventa Padovana,45.4121,11.998,PD
IT,35028,Corte|Arzerello|Piovega|Piove Di Sacco,45.2991,12.0385,PD
IT,35029,Pontelongo,45.2459,12.0258,PD
IT,35030,Bastia Di Rovolon|Veggiano|Cinto Euganeo|Valsanzibio|Sarmeola|Vo' Vecchio|Rivadolmo|Feriole|Villaguattera|Tencarola|Vo'|Cervarese Santa Croce|Bastia|Rovolon|Fossona|Rubano|Galzignano|Saccolongo|Galzignano Terme|Caselle|Selvazzano Dentro|Bosco|Montemerlo|Baone|Caselle Di Selvazzano Dentro,45.3709,11.7278,PD
IT,35031,Abano Terme|Monteortone,45.3575,11.7872,PD
IT,35032,Arqua' Petrarca,45.2691,11.7205,PD
IT,35034,Lozzo Atestino|Lanzetta,45.3037,11.6042,PD
IT,35035,Arlesega|Mestrino,45.4514,11.7393,PD
IT,35036,Montegrotto Terme,45.3312,11.7863,PD
IT,35037,Treponti|Teolo|Villa Di Teolo|Villa|Bresseo|San Biagio,45.3589,11.6987,PD
IT,35038,Torreglia,45.3362,11.7361,PD
IT,35040,Vighizzolo D'Este|Barbona|San Fidenzio|Masi|Carmignano|Valli Mocenighe|Piacenza D'Adige|Ponso|Boara Pisani|Megliadino San Fidenzio|Granze|Ca' Morosini|Villa Estense|Sant'Elena|Casale Di Scodosia|Megliadino San Vitale|Valli Moceniche|Urbana|Merlara|Colombare|Bresega|Sant'Urbano|Vescovana|Carceri|Santa Margherita D'Adige|Castelbaldo,45.162,11.5865,PD
IT,35041,Battaglia Terme,45.2853,11.7838,PD
IT,35042,Este|Deserto|Pilastro,45.258,11.7205,PD
IT,35043,Costa Calcinara|Monselice|San Cosma,45.2313,11.7709,PD
IT,35044,Montagnana,45.2323,11.4648,PD
IT,35045,Ospedaletto Euganeo,45.2184,11.6035,PD
IT,35046,Saletto,45.2289,11.5378,PD
IT,35047,Solesino,45.1792,11.7465,PD
IT,35048,Pisana|Stanghella|Ponte Gorzone,45.1499,11.7576,PD
IT,35100,Padova,45.408,11.8859,PD
IT,35121,Padova,45.408,11.8859,PD
IT,35122,Padova,45.408,11.8859,PD
IT,35123,Padova,45.408,11.8859,PD
IT,35124,Salboro|Padova,45.408,11.8859,PD
IT,35125,Guizza|Padova,45.3787,11.8468,PD
IT,35126,Padova,45.408,11.8859,PD
IT,35127,Terranegra|Camin|Padova,45.404,11.9179,PD
IT,35128,Padova,45.408,11.8859,PD
IT,35129,Mortise|Padova|Ponte Di Brenta,45.4123,11.9096,PD
IT,35130,Padova,45.408,11.8859,PD
IT,35131,Padova,45.408,11.8859,PD
IT,35132,Padova,45.408,11.8859,PD
IT,35133,Padova,45.408,11.8859,PD
IT,35134,Padova,45.408,11.8859,PD
IT,35135,Padova,45.408,11.8859,PD
IT,35136,Padova,45.408,11.8859,PD
IT,35137,Padova,45.408,11.8859,PD
IT,35138,Monta'|Padova,45.408,11.8859,PD
IT,35139,Padova,45.408,11.8859,PD
IT,35140,Padova,45.408,11.8859,PD
IT,35141,Padova,45.408,11.8859,PD
IT,35142,Padova|Mandria,45.2874,11.7763,PD
IT,35143,Brusegana|Padova,45.408,11.8859,PD
IT,45010,Ceregnano|Braglia|Gavello|Lama Pezzoli|Papozze|Lama Polesine|Pettorazza Grimani|Villadose|Rosolina|Canale|Rosolina Mare,45.0565,12.0192,RO
IT,45011,Passetto|Fasana|Fasana Polesine|Bellombra|Adria|Cavedon|Piantamelon|Baricetta|Bottrighe|Valliera|Ca' Emo|Cavanella Po,45.0602,12.0392,RO
IT,45012,Riva'|Santa Maria In Punta|Grillara|Piano|Crociara|Ariano Nel Polesine|Ariano|San Basilio,44.9594,12.1676,RO
IT,45014,Donada|Porto Viro|Contarina|Villaregia,45.0121,12.2394,RO
IT,45015,Corbola,45.0027,12.0857,RO
IT,45017,Loreo,45.0621,12.1881,RO
IT,45018,Ca' Tiepolo|Bonelli|Donzella|Gnocca|Tolle|Scardovari|Ca' Zuliani|Porto Tolle|Ca' Venier|Ivica|Boccasette|Ca' Dolfin,44.9358,12.3885,RO
IT,45019,Polesinello|Taglio Di Po|Mazzorno|Ca' Vendramin|Mazzorno Destro,44.9648,12.2357,RO
IT,45020,Villanova Del Ghebbo|Castelguglielmo|Zelo|Baruchella|Pincara|Cavazzana|Canda|San Bellino|Ca Morosini|Giacciano Con Baruchella|Lusia,45.0578,11.548,RO
IT,45021,Badia Polesine|Villa D'Adige|Salvaterra|Colombano,45.0978,11.4908,RO
IT,45022,Bagnolo Di Po,45.0155,11.5009,RO
IT,45023,Costa Di Rovigo,45.0518,11.6956,RO
IT,45024,Fiesso Umbertiano,44.9607,11.6058,RO
IT,45025,Fratta Polesine,45.0282,11.6427,RO
IT,45026,Lendinara|Barbuglio|Saguedo|Ramodipalo Rasa|Ramodipalo,45.0913,11.5829,RO
IT,45027,Trecenta|Sariano|Pissatola,45.0283,11.4493,RO
IT,45030,Pontecchio Polesine|Trona Di Sopra|Castelnovo Bariano|San Martino Di Venezze|Guarda Veneta|Frassinelle Polesine|Chiesa|Occhiobello|Villamarzana|Calto|Gaiba|Beverare|San Pietro Polesine|Crespino|Villanova Marchesana|Salara|Ceneselli|Santa Maria Maddalena,45.0044,11.6354,RO
IT,45031,Corne'|Arqua' Polesine,45.0178,11.7423,RO
IT,45032,Bergantino,45.0614,11.2524,RO
IT,45033,Bosaro,44.9988,11.7647,RO
IT,45034,Paviole|Canaro,44.9245,11.6698,RO
IT,45035,Castelmassa,45.0183,11.3151,RO
IT,45036,Ficarolo,44.9543,11.4366,RO
IT,45037,Melara|Santo Stefano,45.0746,11.1981,RO
IT,45038,Raccano|Polesella,44.9609,11.7392,RO
IT,45039,Zampine|Sabbioni|Stienta,44.98,11.5767,RO
IT,45100,Buso Sarzano|Cantonazzo|Sant'Apollinare Con Selva|Concadirame|Sant'Apollinare|Rovigo|Borsea|Roverdicre'|Mardimago|Boara Polesine|Granzette|Grignano Polesine,45.0777,11.7787,RO
IT,31010,Moriago Della Battaglia|Bibano|Muliparte|Cimadolmo|One'|Crespignaga|Santa Maria Del Piave|Santa Maria Di Piave|Orsago|Mosnigo|Godega Di Sant'Urbano|Farra Di Soligo|Pianzano|Fonte Alto|Fonte|Ponte Della Priula|Soligo|Maser|Monfumo|Fregona|San Michele Di Piave|Colfosco|Mareno Di Piave|Col San Martino|Priula|Osigo,45.8624,12.1937,TV
IT,31011,Pagnano|Villa D'Asolo|Asolo|Casella D'Asolo,45.7897,11.9019,TV
IT,31012,Cappella Maggiore|Anzano,45.9802,12.3438,TV
IT,31013,Codogne'|Cimetta|Roverbasso,45.867,12.434,TV
IT,31014,San Martino|Colle Umberto|San Martino Di Colle Umberto,45.936,12.3406,TV
IT,31015,Collalbrigo|Scomigo|Conegliano,45.9052,12.297,TV
IT,31016,Cordignano|Villa Di Villa,45.9579,12.4154,TV
IT,31017,Crespano Del Grappa|Paderno Del Grappa,45.8282,11.8456,TV
IT,31018,Gaiarine|Albina|Campomolino|Francenigo,45.8718,12.4914,TV
IT,31020,San Vendemiano|San Fior Di Sotto|Lago|Fossamerlo|Cosniga|Zoppe'|Sernaglia Della Battaglia|San Zenone Degli Ezzelini|Vidor|Corbanese|Castello Roganzuolo|Revine Lago|Liedolo|Ca' Rainati|Lancenigo|Refrontolo|Villorba|Bagnolo|Revine|San Fior|Tarzo|San Fior Di Sopra|San Pietro Di Feletto|Rua|Falze' Di Piave|San Polo Di Piave,45.8839,12.234,TV
IT,31021,Campocroce|Zerman|Marocco|Mogliano Veneto|Bonisiolo,45.5673,12.2553,TV
IT,31022,Frescada|Preganziol|Sambughe|San Trovaso|Borgo Verde,45.6107,12.233,TV
IT,31023,San Marco|Castelminio|Resana,45.6401,11.971,TV
IT,31024,Roncadelle|Ormelle,45.7678,12.4173,TV
IT,31025,Santa Lucia Di Piave,45.8616,12.2939,TV
IT,31026,Sarmede|Montaner,45.9873,12.3822,TV
IT,31027,Visnadello|Spresiano|Lovadina,45.7689,12.2514,TV
IT,31028,Visna'|Tezze|Vazzola,45.8327,12.3925,TV
IT,31029,Carpesica|Vittorio Veneto|Fadalto|San Floriano|Cozzuolo|Nove|San Giacomo Di Veglia,45.9928,12.3034,TV
IT,31030,Semonzo|Breda Di Piave|Carbonera|Vacil|Castelcucco|Altivole|San Vito Di Altivole|Borso Del Grappa|Castello Di Godego|Casier|Valla'|Caselle Di Altivole|Dosson|Cison Di Valmarino|Pero|Sant'Eulalia|Saletto|San Bartolomeo|Tovena|Mignagola|Arcade,45.744,12.1376,TV
IT,31031,Caerano Di San Marco,45.7816,11.9985,TV
IT,31032,Conscio|Casale Sul Sile|Lughignano,45.6129,12.3112,TV
IT,31033,Villarazzo|Castelfranco Veneto|Sant'Andrea|Salvarosa|Salvatronda,45.6681,11.9263,TV
IT,31034,Cavaso Del Tomba,45.8607,11.8984,TV
IT,31035,Ciano|Crocetta Del Montello|Ciano Del Montello,45.8282,12.0473,TV
IT,31036,Ospedaletto|Istrana|Pezzan|Sala,45.6839,12.0928,TV
IT,31037,Loria|Ramon Campagna|Castione|Bessica,45.7235,11.8555,TV
IT,31038,Paese|Postioma|Porcellengo|Castagnole|Padernello,45.6936,12.1536,TV
IT,31039,Spineda|Poggiana|Riese Pio X,45.7327,11.8926,TV
IT,31040,Campo Di Pietra Di Salgareda|Mansue'|Santi Angeli|Santi Angeli Del Montello|Gorgo Al Monticano|Trevignano|Selva Del Montello|Covolo|Pederobba|Nervesa Della Battaglia|Campo Di Pietra|Fossalta Maggiore|Portobuffole'|Onigo|Giavera Del Montello|Signoressa|Venegazzu'|Cessalto|Falze'|Salgareda|Volpago Del Montello|Bavaria|Segusino|Chiarano|Musano Di Trevignano|Meduna Di Livenza|Cusignana|Musano,45.7847,12.2611,TV
IT,31041,Cornuda,45.8315,12.006,TV
IT,31042,Fagare' Della Battaglia|Fagare',45.7069,12.4277,TV
IT,31043,Lutrano|Fontanelle,45.8483,12.4221,TV
IT,31044,Montebelluna|Biadene,45.7818,12.0494,TV
IT,31045,Motta Di Livenza,45.7755,12.6041,TV
IT,31046,Rustigne'|Oderzo|Fae'|Piavon,45.7652,12.4924,TV
IT,31047,Ponte Di Piave|Negrisia|Levada,45.7164,12.4124,TV
IT,31048,Cavrie|San Biagio Di Callalta|Spercenigo|Olmi|Olmi Di Treviso,45.684,12.3665,TV
IT,31049,Santo Stefano|Bigolino|San Pietro Di Barbozza|San Vito Di Valdobbiadene|Pianezze|Guia|Valdobbiadene,45.9004,12.0216,TV
IT,31050,Ponzano Veneto|Casacorba|Badoere|Fossalunga|Povegliano|Cavasagra Di Vedelago|Cavasagra|Fanzolo|Barcon|Vedelago|Albaredo|Zenson Di Piave|Carpenedo|Miane|Combai|Vascon|Camalo'|Santandra'|Premaor|Monastier Di Treviso|Morgano,45.727,12.1311,TV
IT,31051,Pedeguarda|Follina|Valmareno,45.9496,12.1331,TV
IT,31052,Maserada Sul Piave|Varago|Candelu',45.7414,12.3336,TV
IT,31053,Pieve Di Soligo|Barbisano|Solighetto,45.8991,12.1751,TV
IT,31054,Possagno,45.8479,11.8847,TV
IT,31055,Santa Cristina|Quinto Di Treviso,45.6435,12.152,TV
IT,31056,Musestre|Roncade|San Cipriano|Biancade,45.6181,12.3687,TV
IT,31057,Cendon|Silea|Sant'Elena,45.6393,12.319,TV
IT,31058,Susegana,45.856,12.2574,TV
IT,31059,Zero Branco|Sant'Alberto|Scandolara,45.6091,12.1328,TV
IT,31100,Santa Maria Della Rovere|Treviso|Canizzano|Fiera|Selvana Bassa|Monigo,45.6518,12.2145,TV
IT,30010,Bojon|Pegolotte|Liettoli|Campolongo Maggiore|Lova|Cona|Campagna Lupia|Cantarana|Camponogara|Lughetto,45.2935,12.08,VE
IT,30013,Ca' Savio|Ca' Pasquali|Cavallino|Ca' Ballarin|Treporti|Cavallino Treporti,45.4646,12.4918,VE
IT,30014,Cavarzere|Villaggio Busonera|Boscochiaro|Rottanova Di Cavarzere|San Pietro|Rottanova|San Pietro Di Cavarzere,45.1345,12.1005,VE
IT,30015,Valli|Cavanella D'Adige|Ca' Bianca|Sant'Anna Di Chioggia|Sant'Anna|Chioggia|Sottomarina,45.1843,12.2513,VE
IT,30016,Lido Di Iesolo|Iesolo,45.52,12.6458,VE
IT,30020,Belfiore|Losson Della Battaglia|Loncon|Gaggio|San Liberale|Torre Di Fine|Torre Di Mosto|Eraclea Mare|Cinto Caomaggiore|Meolo|Stretti|Pramaggiore|Stretti Di Eraclea|Quarto D'Altino|Portegrandi|Eraclea|Marcon|Gruaro|Giai|Noventa Di Piave|Pramaggiore Blessaglia|Bagnara|Annone Veneto|Ponte Crepaldo|Fossalta Di Piave,45.6763,12.615,VE
IT,30021,Porto Santa Margherita|Ca' Corniani|Caorle|San Gaetano|San Giorgio Di Livenza,45.6191,12.8531,VE
IT,30022,Ceggia,45.687,12.6423,VE
IT,30023,Concordia Sagittaria|Sindacale,45.7324,12.8503,VE
IT,30024,Musile Di Piave|Croce,45.6265,12.5322,VE
IT,30025,Teglio Veneto|Cintello|Villanova Santa Margherita|Fratta|Fossalta Di Portogruaro,45.7998,12.8894,VE
IT,30026,Portogruaro|Pradipozzo|Lugugnana|Summaga,45.7668,12.8392,VE
IT,30027,Calvecchia|San Dona' Di Piave|Passarella,45.6276,12.5939,VE
IT,30028,Pozzi|San Michele Al Tagliamento|Bibione|Pozzi San Michele Tagliamento|San Giorgio Al Tagliamento|Cesarolo|Bibione Pineda,45.7096,13.0036,VE
IT,30029,La Salute Di Livenza|Corbolone|Santo Stino Di Livenza,45.7096,12.7202,VE
IT,30030,Fosso'|Pianiga|Cazzago Di Pianiga|Cazzago|Salzano|Olmo|Vigonovo|Robegano|Tombelle|Martellago|Galta|Olmo Di Martellago|Sandon|Maerne,45.4519,12.0716,VE
IT,30031,Dolo|Arino|Sambruson,45.4247,12.0806,VE
IT,30032,Fiesso D'Artico,45.4214,12.0294,VE
IT,30033,Cappelletta|Noale|Moniego Di Noale|Moniego,45.5597,12.0751,VE
IT,30034,Oriago|Mira Taglio|Gambarare|Mira Porte|Marano|Borbiago|Marano Veneziano|Mira,45.444,12.1371,VE
IT,30035,Ballo'|Zianigo|Vetrego|Scaltenigo|Mirano,45.4696,12.0904,VE
IT,30036,Caltana|Santa Maria Di Sala|Sant'Angelo|Stigliano|Veternigo,45.5103,12.0372,VE
IT,30037,Scorze'|Rio San Martino|Peseggia,45.576,12.1342,VE
IT,30038,Fornase|Spinea|Orgnano,45.486,12.1576,VE
IT,30039,Stra|Paluello|San Pietro Di Stra',45.4088,12.0266,VE
IT,30100,Venezia,45.4371,12.3327,VE
IT,30121,Cannaregio|Venezia,45.4412,12.3327,VE
IT,30122,Venezia|Castello|Sant'Elena,45.5166,12.4734,VE
IT,30123,Dorsoduro|Venezia,45.4342,12.3291,VE
IT,30124,Venezia|San Marco,45.4358,12.335,VE
IT,30125,San Polo|Venezia,45.4376,12.3315,VE
IT,30126,San Pietro In Volta|Lido Di Venezia|Venezia|Scarpa|Alberoni|Vianelli|Portosecco|Busetti|Zennari|Malamocco|Lido,45.3766,12.3342,VE
IT,30131,Venezia,45.4371,12.3327,VE
IT,30132,Venezia|Sant'Elena,45.5589,12.5321,VE
IT,30133,Venezia|Giudecca|Sacca Fisola,45.4667,12.383,VE
IT,30135,Venezia|Santa Croce,45.4384,12.3255,VE
IT,30141,Venezia|Murano,45.4479,12.3448,VE
IT,30142,Burano|Mazzorbo|Terranova|San Martino Sinistra|San Mauro|Giudecca Di Burano|San Martino Destra,45.4831,12.4104,VE
IT,30170,Venezia Mestre,45.4917,12.2454,VE
IT,30171,Mestre,45.4917,12.2454,VE
IT,30172,Mestre,45.4917,12.2454,VE
IT,30173,Mestre|Campalto|Venezia|Villaggio San Marco,45.4698,12.2885,VE
IT,30174,Gazzera|Mestre|Zelarino,45.5034,12.2266,VE
IT,30175,Mestre|Carpenedo|Marghera|Ca' Emiliani,45.4856,12.2443,VE
IT,36010,Posina|Mezzaselva Di Roana|Tresche' Conca|Cavazzale|Chiuppano|Cogollo Del Cengio|Velo D'Astico|Vigardolo|Velo|Laghi|Foza|Cesuna|Camporovere|Rotzo|Monticello Conte Otto|Canove Di Roana|Roana|Seghe|Zane'|Carre'|Seghe Di Velo,45.796,11.4452,VI
IT,36011,Castana|Arsiero,45.8105,11.3329,VI
IT,36012,Sasso|Asiago|Rodeghieri|Rigoni,45.8852,11.514,VI
IT,36013,Piovene Rocchette,45.756,11.4327,VI
IT,36014,Santorso,45.7338,11.3878,VI
IT,36015,Giavenale|Monte Magre'|Sant'Ulderico|Tretto|Magre' Di Schio|Schio|Sant'Ulderico Di Tretto,45.7212,11.3555,VI
IT,36016,Thiene|Rozzampia,45.7096,11.4701,VI
IT,36020,Agugliaro|Albettone|Zovencedo|Solagna|Carpane'|Primolano|Asigliano Veneto|Campiglia Dei Berici|Villaganzerla|Pove Del Grappa|Castegnero|San Marino|Ponte Di Castegnero,45.5698,11.613,VI
IT,36021,Ponte Di Barbarano|Villaga|Barbarano Vicentino,45.4013,11.5522,VI
IT,36022,San Zeno|San Giuseppe|San Giuseppe Di Cassola|Cassola,45.7092,11.6989,VI
IT,36023,Lumignano|Longare|Bugano,45.4769,11.5947,VI
IT,36024,Nanto|Mossano|Ponte Di Nanto,45.4258,11.5752,VI
IT,36025,Noventa Vicentina,45.2944,11.5484,VI
IT,36026,Cagnano|Poiana Maggiore,45.3025,11.5031,VI
IT,36027,Rosa',45.702,11.7614,VI
IT,36028,Rossano Veneto,45.7031,11.8037,VI
IT,36029,Valstagna|Campolongo Sul Brenta|Cismon Del Grappa|San Nazario,45.7846,11.6707,VI
IT,36030,Leva' Di Montecchio Precalcino|Zugliano|Lugo Di Vicenza|Priabona|Cresole|Rettorgole|Sant'Antonio Valli|Grumolo Pedemonte|Montecchio Precalcino|Sant'Antonio|Staro|Monte Di Malo|Motta|Leva'|Caltrano|San Vito Di Leguzzano|Fara Vicentino|Villaverla|Novoledo|Costabissara|Sarcedo|Calvene|Preara|Caldogno|San Giorgio Di Perlena|Centrale|Valli Del Pasubio,45.6923,11.4488,VI
IT,36031,Dueville|Povolaro,45.6356,11.5513,VI
IT,36032,Gallio,45.8851,11.5342,VI
IT,36033,Castelnovo|Isola Vicentina,45.6225,11.4527,VI
IT,36034,San Tomio|Malo,45.6664,11.4534,VI
IT,36035,Marano Vicentino,45.696,11.4324,VI
IT,36036,Torrebelvicino|Pievebelvicino,45.7158,11.3187,VI
IT,36040,San Pietro Valdastico|Valdastico|Pederiva|Lerino|San Germano Dei Berici|Laverda|Marola|Pedemonte|Grancona|Tonezza Del Cimone|Monticello Di Fara|Poiana Di Granfion|Orgiano|Sossano|Brendola|Barcarola|Meledo|Lastebasse|Casotto|Grumolo Delle Abbadesse|Salcedo|Torri Di Quartesolo|Sarego|Vo'|Grisignano Di Zocco|Pedescala,45.594,11.4754,VI
IT,36042,Breganze|Mirabella|Maragnole,45.6926,11.5777,VI
IT,36043,Camisano Vicentino,45.5216,11.7082,VI
IT,36045,Lonigo|Almisano|Alonte|Bagnolo|Bagnolo Di Lonigo,45.3941,11.4343,VI
IT,36046,Conco|Lusiana|Santa Caterina,45.7761,11.4969,VI
IT,36047,Montegalda|Montegaldella,45.4416,11.6726,VI
IT,36050,Montorso Vicentino|Ospedaletto|Sovizzo|Bressanvido|Lisiera|Quinto Vicentino|Cartigliano|Gambugliano|Poianella|Villaggio Montegrappa|Lanze'|Monteviale|Zermeghedo|Friola|Pozzoleone|Bolzano Vicentino,45.5891,11.5699,VI
IT,36051,Olmo|Creazzo,45.6026,11.4843,VI
IT,36052,Enego|Stoner,45.928,11.6907,VI
IT,36053,Gambellara,45.4598,11.3401,VI
IT,36054,Montebello Vicentino,45.4592,11.3827,VI
IT,36055,Nove,45.7216,11.6783,VI
IT,36056,Belvedere|Tezze Sul Brenta,45.6653,11.6795,VI
IT,36057,Arcugnano|Torri D'Arcugnano|Pianezze Del Lago|Tormeno|Nogarazza,45.497,11.543,VI
IT,36060,Villa Di Molvena|Longa|Pianezze|Schiavon|Romano D'Ezzelino|Fellette|Spin|Fellette Di Romano D'Ezzellino,45.7193,11.6381,VI
IT,36061,Valrovina|Campese|Bassano Del Grappa,45.7866,11.7098,VI
IT,36062,Fontanelle,45.7966,11.6316,VI
IT,36063,Crosara|Valle San Floriano|Marostica|Vallonara,45.7623,11.6455,VI
IT,36064,Molvena|Mason Vicentino|Villaraspa,45.7271,11.6166,VI
IT,36065,Mussolente|Casoni,45.7028,11.7019,VI
IT,36066,Sandrigo,45.6608,11.5892,VI
IT,36070,Molino|Ferrazza|Brogliano|Castelgomberto|Crespadoro|Nogarole Vicentino|Molino Di Altissimo|Trissino|Altissimo|San Pietro Vecchio|San Pietro Mussolino|Lovara,45.596,11.3139,VI
IT,36071,Pugnello|Arzignano|Tezze,45.5358,11.3417,VI
IT,36072,Chiampo,45.5475,11.2829,VI
IT,36073,Cereda|Cornedo Vicentino,45.584,11.3308,VI
IT,36075,Montecchio Maggiore|Alte Ceccato|Alte Di Montecchio Maggiore|Sant'Urbano,45.5126,11.409,VI
IT,36076,Rovegliana|Recoaro Terme,45.7037,11.2222,VI
IT,36077,Valmarana|Altavilla Vicentina|Tavernelle Vicentina,45.5069,11.4799,VI
IT,36078,Castelvecchio|Maglio Di Sopra|Novale|Valdagno|Piana|San Quirico,45.64,11.2822,VI
IT,36100,Vicenza|Setteca'|Polegge|Campedello|Longara|Anconetta,45.6584,11.4956,VI
IT,37010,Cavaion Veronese|Castion Veronese|Pastrengo|Castelletto Di Brenzone|Affi|Sega Di Cavaion|San Zeno|Sega|Albare'|Brenzone|Piovezzano|San Zeno Di Montagna|Rivoli Veronese|Costermano|Albare' Stazione|Torri Del Benaco|Magugnano,45.5885,10.7634,VR
IT,37011,Bardolino|Calmasino|Cisano,45.5284,10.7381,VR
IT,37012,Bussolengo|San Vito Al Mantico,45.4703,10.873,VR
IT,37013,Pesina|Caprino Veronese|Spiazzi|Boi,45.618,10.8056,VR
IT,37014,Castelnuovo Del Garda|Cavalcaselle|Sandra'|Oliosi,45.4357,10.7561,VR
IT,37015,Monte|Sant'Ambrogio Di Valpolicella|Domegliara|Gargagnago,45.5377,10.8404,VR
IT,37016,Garda,45.5789,10.7176,VR
IT,37017,Lazise|Pacengo|Cola' Di Lazise|Cola',45.4803,10.7365,VR
IT,37018,Cassone|Malcesine,45.7614,10.8086,VR
IT,37019,Peschiera Del Garda|San Benedetto Di Lugana,45.4391,10.6861,VR
IT,37020,Sant'Anna D'Alfaedo|Peri|Belluno Veronese|Cerro Veronese|Valgatara|Volargne|Brentino Belluno|Marano Di Valpolicella|Fosse|Fane|Erbezzo|Rivalta|Prun|Dolce'|Cerna|Ferrara Di Monte Baldo,45.6128,10.9206,VR
IT,37021,Corbiolo|Lughezzano|Bosco Chiesanuova,45.6057,11.0218,VR
IT,37022,Fumane|Cavalo|Breonio,45.5785,10.8864,VR
IT,37023,Azzago|Grezzana|Romagnano|Lugo Di Grezzana|Stallavena,45.5439,11.0199,VR
IT,37024,Negrar|Arbizzano|Arbizzano Di Valpolicella|Santa Maria Di Negrar,45.5063,10.9385,VR
IT,37026,Settimo|Pescantina|Ospedaletto,45.4898,10.8731,VR
IT,37028,Rovere' Veronese,45.5933,11.07,VR
IT,37029,Pedemonte|San Pietro In Cariano|Bure|Negarine|Corrubbio|San Floriano,45.5234,10.9151,VR
IT,37030,San Pietro|Colognola Ai Colli|Montecchia Di Crosara|San Vittore|Lavagno|Vago|Mezzane Di Sotto|Selva Di Progno|Vestenanova|Cazzano Di Tramigna|Stra'|Velo Veronese|Ronca'|San Briccio|Terrossa|San Rocco Di Piegara|Badia Calavena|San Bortolo|San Mauro Di Saline|Montanara,45.4913,11.1798,VR
IT,37031,Cellore|Illasi,45.4766,11.18,VR
IT,37032,Monteforte D'Alpone|Costalunga|Brognoligo,45.4344,11.2891,VR
IT,37035,San Giovanni Ilarione,45.5193,11.2371,VR
IT,37036,Marcellise|San Martino Buon Albergo|Mambrotta|Ferrazze,45.4287,11.0984,VR
IT,37038,Castelletto|Soave,45.3421,11.3316,VR
IT,37039,Centro|Cogollo|Tregnago,45.5286,11.1515,VR
IT,37040,Bonavigo|Boschi Sant'Anna|Roveredo Di Gua'|Terrazzo|Arcole|Marega|Bevilacqua|Begosso|Orti|Gazzolo|Caselle|Sabbion|Santo Stefano|Veronella|Santo Stefano Di Zimella|Pressana|Zimella|San Gregorio|San Gregorio Di Veronella,45.2711,11.3546,VR
IT,37041,Coriano Veronese|Michellorie|Albaredo D'Adige|Presina,45.3014,11.2968,VR
IT,37042,Caldiero|Caldierino,45.4153,11.1672,VR
IT,37043,Castagnaro|Mena' Vallestrema|Mena',45.1034,11.4215,VR
IT,37044,Cologna Veneta|Baldaria|Sule'|San Sebastiano,45.3052,11.3808,VR
IT,37045,Vangadizza|Terranegra|Legnago|Gallese|Casette|San Pietro Di Legnago,45.1912,11.3128,VR
IT,37046,Minerbe,45.232,11.3525,VR
IT,37047,Locara|San Bonifacio|Villabella|Prova,45.4028,11.288,VR
IT,37049,Villa Bartolomea|Spinimbecco|Carpi Di Villa Bartolomea,45.1447,11.3735,VR
IT,37050,Bonavicina|Vallese|Concamarise|Belfiore|Palu'|Angiari|Oppeano|Piazza|Isola Rizza|Roverchiara|Ca' Degli Oppi|San Pietro Di Morubio|Roverchiaretta,45.2815,11.1916,VR
IT,37051,Villafontana|Bovolone,45.2772,11.1014,VR
IT,37052,Casaleone,45.1682,11.194,VR
IT,37053,Cherubine|Asparetto|Cerea,45.2046,11.1996,VR
IT,37054,Nogara,45.1811,11.0601,VR
IT,37055,Albaro|Ronco All'Adige|Tombazosana,45.3348,11.2286,VR
IT,37056,Bionde|Crosarol|Valmorsel|Engazza'|Salizzole,45.2135,11.0941,VR
IT,37057,Raldon|Pozzo Camacici|San Giovanni Lupatoto,45.3656,11.0413,VR
IT,37058,Sanguinetto,45.1857,11.1441,VR
IT,37059,Volon|Zevio|Santa Maria Di Zevio|Perzacco|Campagnola,45.3626,11.1186,VR
IT,37060,Maccacari|Mozzecane|Bovo|Correzzo|San Pietro In Valle|Trevenzuolo|Marchesino|San Giorgio In Salici|Roncoleva'|Bonferraro|Sona|Sorga'|Nogarole Rocca|Erbe'|Beccacivetta|Palazzolo|Pradelle|Pontepossero|Castel D'Azzano|Azzano|Roncanova|Gazzo Veronese|Bagnolo|Lugagnano|Buttapietra,45.2825,10.9564,VR
IT,37062,Alpo|Dossobuono,45.3851,10.9152,VR
IT,37063,Pellegrina|Isola Della Scala|Tarmassia,45.2562,11.0279,VR
IT,37064,Povegliano Veronese,45.3473,10.8806,VR
IT,37066,Caselle Di Sommacampagna|Sommacampagna|Custoza,45.3987,10.8454,VR
IT,37067,Salionze|Valeggio Sul Mincio,45.3791,10.7295,VR
IT,37068,Forette|Vigasio|Isolalta,45.3324,10.937,VR
IT,37069,Quaderni|Villafranca Di Verona|Pizzoletta|Rosegaferro|Caluri,45.3469,10.8308,VR
IT,37100,Verona,45.4299,10.9844,VR
IT,37121,Verona,45.4299,10.9844,VR
IT,37122,Verona,45.4299,10.9844,VR
IT,37123,Verona,45.4299,10.9844,VR
IT,37124,Verona,45.4299,10.9844,VR
IT,37125,Quinzano|Verona,45.4299,10.9844,VR
IT,37126,Verona,45.4299,10.9844,VR
IT,37127,Verona|Avesa,45.4483,10.9922,VR
IT,37128,Verona,45.4299,10.9844,VR
IT,37129,Verona,45.4299,10.9844,VR
IT,37130,Verona,45.4299,10.9844,VR
IT,37131,Verona,45.4299,10.9844,VR
IT,37132,Verona|San Michele Extra,45.4305,11.0178,VR
IT,37133,Verona,45.4299,10.9844,VR
IT,37134,Verona,45.4299,10.9844,VR
IT,37135,Verona,45.4299,10.9844,VR
IT,37136,Verona,45.4299,10.9844,VR
IT,37137,Verona,45.4299,10.9844,VR
IT,37138,Verona,45.4299,10.9844,VR
IT,37139,Verona|San Massimo All'Adige|Chievo,45.4465,10.9497,VR
IT,37140,Verona,45.4299,10.9844,VR
IT,37141,Verona,45.4299,10.9844,VR
IT,37142,Verona,45.4299,10.9844,VR
